{"type":"FeatureCollection","crs":{"type":"name","properties":{"name":"urn:ogc:def:crs:OGC:1.3:CRS84"}},"features":[{"type":"Feature","properties":{"NAME_1":"Andaman and Nicobar","state":"Andaman and Nicobar"},"geometry":{"type":"MultiPolygon","coordinates":[[[[93.788,6.853],[93.788,6.853],[93.789,6.853],[93.789,6.852],[93.79,6.852],[93.79,6.852],[93.79,6.852],[93.791,6.852],[93.791,6.851],[93.791,6.851],[93.791,6.851],[93.79,6.85],[93.79,6.85],[93.789,6.85],[93.789,6.849],[93.788,6.849],[93.788,6.849],[93.788,6.848],[93.788,6.848],[93.787,6.848],[93.786,6.848],[93.786,6.848],[93.785,6.848],[93.784,6.849],[93.784,6.849],[93.785,6.85],[93.786,6.851],[93.787,6.851],[93.787,6.852],[93.787,6.852],[93.787,6.852],[93.787,6.852],[93.787,6.853],[93.788,6.853]]],[[[93.72,7.208],[93.72,7.207],[93.719,7.206],[93.719,7.206],[93.718,7.207],[93.717,7.207],[93.716,7.207],[93.716,7.207],[93.715,7.207],[93.715,7.207],[93.714,7.207],[93.713,7.207],[93.713,7.207],[93.712,7.208],[93.712,7.209],[93.712,7.209],[93.712,7.215],[93.711,7.216],[93.711,7.216],[93.711,7.217],[93.71,7.218],[93.71,7.219],[93.709,7.22],[93.709,7.222],[93.708,7.223],[93.708,7.224],[93.708,7.224],[93.708,7.224],[93.707,7.225],[93.707,7.225],[93.707,7.226],[93.707,7.226],[93.706,7.226],[93.706,7.227],[93.707,7.227],[93.707,7.228],[93.707,7.228],[93.707,7.228],[93.707,7.228],[93.707,7.229],[93.708,7.229],[93.708,7.23],[93.709,7.231],[93.709,7.231],[93.71,7.231],[93.71,7.231],[93.711,7.23],[93.711,7.23],[93.711,7.229],[93.711,7.228],[93.711,7.228],[93.712,7.227],[93.712,7.227],[93.712,7.227],[93.712,7.226],[93.713,7.226],[93.713,7.225],[93.714,7.225],[93.714,7.224],[93.714,7.222],[93.716,7.219],[93.716,7.219],[93.716,7.219],[93.716,7.218],[93.717,7.218],[93.717,7.218],[93.717,7.217],[93.717,7.217],[93.718,7.216],[93.719,7.216],[93.719,7.215],[93.72,7.215],[93.72,7.214],[93.721,7.214],[93.721,7.214],[93.722,7.213],[93.721,7.213],[93.721,7.212],[93.721,7.212],[93.72,7.211],[93.72,7.211],[93.72,7.211],[93.72,7.21],[93.72,7.21],[93.72,7.209],[93.72,7.208],[93.72,7.208]]],[[[93.848,7.24],[93.875,7.209],[93.881,7.169],[93.885,7.129],[93.888,7.088],[93.911,7.055],[93.934,7.021],[93.929,6.982],[93.917,6.943],[93.901,6.906],[93.894,6.867],[93.909,6.83],[93.886,6.796],[93.851,6.816],[93.845,6.776],[93.807,6.762],[93.809,6.803],[93.786,6.836],[93.773,6.874],[93.766,6.914],[93.748,6.95],[93.729,6.985],[93.699,7.012],[93.669,7.039],[93.67,7.08],[93.656,7.117],[93.678,7.151],[93.687,7.19],[93.727,7.186],[93.757,7.212],[93.798,7.209],[93.826,7.238],[93.848,7.24]]],[[[93.849,7.29],[93.849,7.289],[93.848,7.289],[93.847,7.288],[93.847,7.287],[93.846,7.287],[93.846,7.286],[93.846,7.286],[93.845,7.286],[93.845,7.286],[93.845,7.287],[93.844,7.288],[93.844,7.288],[93.844,7.288],[93.844,7.288],[93.845,7.289],[93.845,7.288],[93.846,7.288],[93.846,7.289],[93.846,7.29],[93.847,7.29],[93.847,7.29],[93.848,7.29],[93.848,7.29],[93.849,7.29]]],[[[93.664,7.384],[93.664,7.384],[93.664,7.384],[93.664,7.384],[93.664,7.384],[93.665,7.384],[93.665,7.384],[93.666,7.384],[93.666,7.384],[93.666,7.384],[93.666,7.383],[93.665,7.383],[93.665,7.383],[93.665,7.383],[93.664,7.383],[93.664,7.383],[93.664,7.383],[93.664,7.383],[93.664,7.384],[93.663,7.383],[93.663,7.383],[93.662,7.383],[93.662,7.383],[93.662,7.384],[93.662,7.384],[93.663,7.384],[93.663,7.384],[93.664,7.384]]],[[[93.769,7.402],[93.771,7.4],[93.772,7.4],[93.772,7.399],[93.772,7.399],[93.772,7.398],[93.772,7.398],[93.772,7.398],[93.772,7.398],[93.772,7.397],[93.772,7.396],[93.772,7.396],[93.772,7.395],[93.771,7.394],[93.771,7.394],[93.771,7.394],[93.77,7.394],[93.77,7.394],[93.768,7.394],[93.768,7.394],[93.768,7.394],[93.768,7.394],[93.767,7.394],[93.767,7.394],[93.766,7.394],[93.766,7.394],[93.765,7.394],[93.765,7.395],[93.764,7.395],[93.764,7.395],[93.764,7.395],[93.763,7.396],[93.763,7.397],[93.762,7.397],[93.762,7.398],[93.762,7.398],[93.762,7.398],[93.762,7.399],[93.766,7.402],[93.766,7.403],[93.767,7.403],[93.767,7.403],[93.767,7.404],[93.768,7.404],[93.768,7.403],[93.768,7.403],[93.769,7.403],[93.769,7.402]]],[[[93.689,7.41],[93.69,7.409],[93.69,7.409],[93.69,7.409],[93.691,7.409],[93.691,7.409],[93.691,7.409],[93.691,7.409],[93.691,7.409],[93.692,7.409],[93.692,7.409],[93.692,7.408],[93.692,7.408],[93.692,7.407],[93.692,7.407],[93.691,7.407],[93.691,7.406],[93.691,7.406],[93.691,7.405],[93.691,7.405],[93.691,7.404],[93.692,7.404],[93.692,7.404],[93.692,7.403],[93.693,7.403],[93.694,7.402],[93.694,7.401],[93.694,7.401],[93.694,7.401],[93.694,7.401],[93.694,7.4],[93.695,7.4],[93.695,7.4],[93.695,7.399],[93.695,7.399],[93.694,7.398],[93.694,7.398],[93.693,7.398],[93.693,7.398],[93.692,7.398],[93.692,7.398],[93.692,7.397],[93.692,7.397],[93.691,7.397],[93.691,7.397],[93.691,7.397],[93.689,7.397],[93.689,7.397],[93.688,7.397],[93.688,7.397],[93.688,7.397],[93.684,7.4],[93.684,7.401],[93.684,7.401],[93.684,7.401],[93.684,7.401],[93.684,7.402],[93.684,7.402],[93.684,7.404],[93.683,7.404],[93.684,7.404],[93.684,7.405],[93.683,7.405],[93.683,7.406],[93.683,7.406],[93.684,7.406],[93.684,7.407],[93.685,7.407],[93.686,7.408],[93.686,7.408],[93.686,7.408],[93.687,7.408],[93.688,7.409],[93.688,7.409],[93.689,7.41],[93.689,7.41]]],[[[93.713,7.444],[93.721,7.402],[93.753,7.377],[93.738,7.34],[93.715,7.307],[93.681,7.285],[93.659,7.251],[93.631,7.28],[93.636,7.32],[93.631,7.361],[93.666,7.381],[93.704,7.393],[93.707,7.432],[93.713,7.444]]],[[[93.648,7.477],[93.648,7.476],[93.649,7.476],[93.649,7.476],[93.65,7.476],[93.652,7.474],[93.652,7.473],[93.653,7.473],[93.653,7.473],[93.652,7.472],[93.652,7.471],[93.653,7.471],[93.652,7.47],[93.652,7.47],[93.651,7.47],[93.651,7.47],[93.651,7.47],[93.651,7.47],[93.649,7.47],[93.649,7.47],[93.648,7.47],[93.648,7.471],[93.647,7.471],[93.647,7.471],[93.647,7.471],[93.646,7.471],[93.646,7.471],[93.646,7.471],[93.645,7.471],[93.645,7.47],[93.645,7.47],[93.644,7.471],[93.644,7.471],[93.644,7.471],[93.644,7.472],[93.644,7.473],[93.644,7.473],[93.644,7.474],[93.644,7.474],[93.644,7.474],[93.645,7.475],[93.645,7.475],[93.645,7.475],[93.646,7.476],[93.646,7.476],[93.647,7.476],[93.647,7.477],[93.648,7.477]]],[[[93.634,7.478],[93.635,7.478],[93.634,7.477],[93.634,7.477],[93.634,7.476],[93.634,7.476],[93.633,7.476],[93.633,7.476],[93.632,7.476],[93.631,7.478],[93.631,7.478],[93.63,7.478],[93.63,7.479],[93.63,7.479],[93.63,7.48],[93.631,7.48],[93.632,7.48],[93.634,7.478],[93.634,7.478]]],[[[93.544,7.525],[93.546,7.523],[93.546,7.523],[93.547,7.521],[93.547,7.521],[93.548,7.52],[93.549,7.52],[93.549,7.519],[93.549,7.519],[93.55,7.518],[93.55,7.517],[93.55,7.516],[93.55,7.515],[93.549,7.514],[93.549,7.513],[93.548,7.512],[93.547,7.511],[93.545,7.511],[93.543,7.511],[93.543,7.51],[93.543,7.51],[93.543,7.51],[93.542,7.511],[93.542,7.512],[93.541,7.513],[93.541,7.513],[93.541,7.513],[93.541,7.513],[93.54,7.514],[93.54,7.514],[93.54,7.514],[93.54,7.515],[93.541,7.515],[93.541,7.516],[93.542,7.517],[93.542,7.518],[93.541,7.519],[93.541,7.519],[93.54,7.519],[93.54,7.52],[93.54,7.52],[93.54,7.521],[93.54,7.521],[93.54,7.521],[93.541,7.522],[93.541,7.523],[93.541,7.523],[93.541,7.523],[93.541,7.523],[93.541,7.524],[93.541,7.524],[93.541,7.525],[93.541,7.525],[93.542,7.524],[93.542,7.524],[93.543,7.524],[93.543,7.524],[93.543,7.525],[93.544,7.525]]],[[[93.342,7.906],[93.342,7.906],[93.342,7.906],[93.342,7.906],[93.342,7.906],[93.342,7.905],[93.343,7.905],[93.343,7.905],[93.342,7.905],[93.342,7.904],[93.342,7.904],[93.342,7.905],[93.34,7.905],[93.34,7.905],[93.341,7.905],[93.341,7.905],[93.341,7.906],[93.341,7.906],[93.341,7.906],[93.341,7.906],[93.341,7.906],[93.342,7.906]]],[[[93.34,7.911],[93.34,7.911],[93.34,7.911],[93.34,7.91],[93.34,7.91],[93.34,7.91],[93.34,7.909],[93.34,7.909],[93.34,7.909],[93.34,7.909],[93.339,7.909],[93.339,7.909],[93.339,7.909],[93.339,7.909],[93.339,7.909],[93.339,7.911],[93.339,7.911],[93.339,7.911],[93.34,7.911]]],[[[93.38,8.025],[93.403,7.991],[93.433,7.964],[93.461,7.936],[93.473,7.898],[93.433,7.903],[93.394,7.896],[93.354,7.891],[93.351,7.931],[93.315,7.947],[93.323,7.99],[93.358,8.009],[93.38,8.025]]],[[[93.547,8.028],[93.576,8.0],[93.582,7.96],[93.542,7.956],[93.511,7.982],[93.528,8.018],[93.547,8.028]]],[[[93.579,8.125],[93.591,8.087],[93.601,8.048],[93.579,8.082],[93.561,8.118],[93.579,8.125]]],[[[93.526,8.231],[93.544,8.195],[93.512,8.169],[93.519,8.128],[93.539,8.093],[93.549,8.053],[93.512,8.034],[93.524,8.072],[93.491,8.05],[93.489,8.09],[93.461,8.119],[93.456,8.159],[93.481,8.191],[93.502,8.225],[93.526,8.231]]],[[[93.235,8.266],[93.252,8.229],[93.221,8.254],[93.235,8.266]]],[[[93.126,8.356],[93.133,8.316],[93.126,8.277],[93.152,8.245],[93.188,8.227],[93.153,8.207],[93.118,8.226],[93.095,8.259],[93.084,8.298],[93.094,8.337],[93.126,8.356]]],[[[93.652,8.394],[93.653,8.394],[93.653,8.394],[93.653,8.393],[93.653,8.393],[93.654,8.393],[93.654,8.393],[93.655,8.392],[93.655,8.392],[93.656,8.391],[93.656,8.391],[93.657,8.391],[93.657,8.391],[93.657,8.391],[93.657,8.391],[93.657,8.39],[93.656,8.389],[93.655,8.389],[93.655,8.389],[93.655,8.389],[93.654,8.388],[93.653,8.388],[93.653,8.388],[93.653,8.388],[93.652,8.388],[93.652,8.389],[93.652,8.389],[93.651,8.389],[93.651,8.389],[93.651,8.389],[93.651,8.39],[93.651,8.39],[93.65,8.39],[93.65,8.39],[93.649,8.39],[93.649,8.39],[93.649,8.39],[93.648,8.389],[93.647,8.39],[93.647,8.39],[93.647,8.39],[93.647,8.391],[93.646,8.391],[93.646,8.392],[93.646,8.392],[93.646,8.392],[93.646,8.393],[93.645,8.393],[93.644,8.393],[93.644,8.393],[93.644,8.393],[93.644,8.394],[93.644,8.394],[93.644,8.394],[93.644,8.394],[93.645,8.394],[93.645,8.395],[93.646,8.395],[93.646,8.394],[93.646,8.394],[93.647,8.394],[93.648,8.394],[93.648,8.394],[93.649,8.394],[93.649,8.394],[93.651,8.394],[93.651,8.395],[93.652,8.395],[93.652,8.394]]],[[[93.635,8.395],[93.635,8.395],[93.634,8.395],[93.634,8.396],[93.634,8.396],[93.633,8.397],[93.633,8.397],[93.633,8.398],[93.633,8.398],[93.634,8.398],[93.634,8.398],[93.635,8.398],[93.635,8.397],[93.635,8.397],[93.635,8.397],[93.636,8.396],[93.636,8.395],[93.635,8.395],[93.635,8.395]]],[[[93.044,8.473],[93.044,8.473],[93.044,8.473],[93.046,8.472],[93.046,8.471],[93.048,8.469],[93.049,8.469],[93.049,8.468],[93.05,8.468],[93.051,8.467],[93.052,8.466],[93.054,8.464],[93.055,8.463],[93.056,8.462],[93.056,8.462],[93.056,8.462],[93.056,8.461],[93.056,8.461],[93.056,8.461],[93.057,8.461],[93.057,8.46],[93.057,8.46],[93.057,8.459],[93.057,8.459],[93.057,8.458],[93.058,8.458],[93.058,8.456],[93.057,8.455],[93.057,8.455],[93.057,8.454],[93.057,8.454],[93.056,8.453],[93.056,8.45],[93.057,8.45],[93.057,8.449],[93.056,8.449],[93.056,8.448],[93.057,8.448],[93.057,8.447],[93.058,8.446],[93.059,8.446],[93.059,8.446],[93.059,8.446],[93.06,8.445],[93.06,8.444],[93.06,8.444],[93.06,8.444],[93.061,8.443],[93.061,8.443],[93.061,8.443],[93.06,8.442],[93.06,8.441],[93.059,8.441],[93.058,8.439],[93.057,8.439],[93.057,8.439],[93.054,8.439],[93.054,8.439],[93.053,8.439],[93.053,8.439],[93.053,8.439],[93.052,8.439],[93.052,8.439],[93.052,8.438],[93.051,8.438],[93.051,8.439],[93.05,8.439],[93.05,8.439],[93.05,8.439],[93.049,8.439],[93.049,8.439],[93.049,8.439],[93.048,8.439],[93.048,8.44],[93.047,8.44],[93.047,8.44],[93.046,8.44],[93.046,8.44],[93.044,8.44],[93.044,8.441],[93.043,8.441],[93.043,8.441],[93.043,8.441],[93.041,8.442],[93.041,8.442],[93.04,8.443],[93.04,8.443],[93.038,8.445],[93.038,8.446],[93.037,8.446],[93.037,8.446],[93.037,8.447],[93.037,8.447],[93.035,8.449],[93.035,8.449],[93.035,8.45],[93.035,8.45],[93.035,8.45],[93.035,8.451],[93.034,8.451],[93.034,8.453],[93.035,8.453],[93.035,8.456],[93.035,8.456],[93.035,8.456],[93.035,8.456],[93.035,8.457],[93.036,8.457],[93.036,8.457],[93.035,8.458],[93.035,8.458],[93.036,8.458],[93.036,8.459],[93.036,8.459],[93.036,8.46],[93.036,8.46],[93.036,8.461],[93.036,8.461],[93.036,8.461],[93.037,8.461],[93.037,8.462],[93.037,8.462],[93.037,8.462],[93.037,8.463],[93.037,8.463],[93.037,8.464],[93.037,8.464],[93.038,8.464],[93.038,8.465],[93.038,8.465],[93.038,8.466],[93.038,8.466],[93.038,8.466],[93.039,8.467],[93.039,8.467],[93.039,8.467],[93.039,8.468],[93.039,8.468],[93.039,8.468],[93.04,8.469],[93.04,8.469],[93.04,8.469],[93.04,8.469],[93.041,8.47],[93.041,8.47],[93.042,8.471],[93.042,8.472],[93.042,8.472],[93.042,8.472],[93.043,8.474],[93.044,8.474],[93.044,8.473]]],[[[93.612,8.485],[93.611,8.484],[93.611,8.485],[93.611,8.485],[93.611,8.486],[93.611,8.486],[93.612,8.486],[93.612,8.486],[93.613,8.486],[93.613,8.486],[93.613,8.486],[93.614,8.486],[93.614,8.485],[93.613,8.485],[93.613,8.485],[93.612,8.485]]],[[[93.616,8.574],[93.623,8.534],[93.638,8.492],[93.625,8.453],[93.626,8.493],[93.618,8.533],[93.611,8.573],[93.616,8.574]]],[[[93.609,8.582],[93.609,8.581],[93.609,8.581],[93.609,8.58],[93.609,8.58],[93.609,8.579],[93.609,8.579],[93.609,8.579],[93.608,8.578],[93.607,8.579],[93.607,8.58],[93.607,8.581],[93.607,8.581],[93.607,8.581],[93.607,8.582],[93.607,8.582],[93.608,8.582],[93.608,8.582],[93.608,8.582],[93.609,8.582],[93.609,8.582],[93.609,8.582]]],[[[92.859,8.82],[92.859,8.82],[92.858,8.82],[92.857,8.819],[92.857,8.819],[92.857,8.819],[92.856,8.819],[92.855,8.819],[92.855,8.819],[92.854,8.819],[92.854,8.82],[92.853,8.82],[92.853,8.821],[92.852,8.821],[92.852,8.822],[92.852,8.822],[92.852,8.823],[92.852,8.823],[92.853,8.823],[92.853,8.824],[92.853,8.825],[92.853,8.827],[92.853,8.827],[92.853,8.828],[92.853,8.829],[92.853,8.831],[92.853,8.831],[92.853,8.831],[92.853,8.831],[92.853,8.832],[92.854,8.832],[92.854,8.833],[92.854,8.833],[92.854,8.834],[92.855,8.834],[92.855,8.835],[92.858,8.837],[92.858,8.837],[92.859,8.837],[92.859,8.837],[92.86,8.837],[92.86,8.836],[92.862,8.835],[92.862,8.834],[92.862,8.834],[92.862,8.834],[92.862,8.834],[92.863,8.833],[92.863,8.833],[92.863,8.832],[92.863,8.831],[92.863,8.831],[92.863,8.83],[92.863,8.83],[92.863,8.829],[92.863,8.828],[92.863,8.827],[92.863,8.827],[92.863,8.826],[92.863,8.826],[92.863,8.826],[92.863,8.825],[92.863,8.825],[92.863,8.824],[92.863,8.823],[92.861,8.822],[92.861,8.822],[92.86,8.821],[92.86,8.82],[92.86,8.82],[92.859,8.82],[92.859,8.82]]],[[[92.793,9.119],[92.793,9.119],[92.794,9.119],[92.794,9.118],[92.796,9.118],[92.796,9.118],[92.796,9.118],[92.796,9.118],[92.797,9.119],[92.799,9.119],[92.799,9.118],[92.798,9.118],[92.798,9.118],[92.797,9.118],[92.797,9.118],[92.792,9.118],[92.792,9.118],[92.793,9.118],[92.793,9.119],[92.793,9.119],[92.793,9.119],[92.793,9.119]]],[[[92.804,9.121],[92.804,9.12],[92.804,9.12],[92.804,9.12],[92.804,9.12],[92.804,9.12],[92.804,9.12],[92.804,9.119],[92.803,9.119],[92.803,9.119],[92.803,9.119],[92.802,9.119],[92.802,9.119],[92.801,9.119],[92.801,9.119],[92.801,9.119],[92.801,9.119],[92.8,9.119],[92.8,9.119],[92.8,9.119],[92.8,9.119],[92.801,9.119],[92.801,9.119],[92.801,9.119],[92.801,9.119],[92.802,9.119],[92.802,9.12],[92.803,9.12],[92.803,9.12],[92.803,9.12],[92.804,9.12],[92.804,9.121],[92.804,9.121]]],[[[92.814,9.127],[92.814,9.126],[92.814,9.126],[92.814,9.126],[92.815,9.126],[92.815,9.126],[92.814,9.126],[92.814,9.126],[92.814,9.126],[92.814,9.125],[92.813,9.125],[92.813,9.125],[92.813,9.125],[92.813,9.125],[92.812,9.125],[92.812,9.124],[92.812,9.124],[92.812,9.126],[92.812,9.126],[92.812,9.126],[92.813,9.126],[92.813,9.126],[92.814,9.126],[92.814,9.127],[92.814,9.127]]],[[[92.788,9.244],[92.817,9.216],[92.857,9.202],[92.83,9.172],[92.816,9.134],[92.777,9.121],[92.737,9.123],[92.718,9.16],[92.721,9.2],[92.758,9.215],[92.776,9.251],[92.788,9.244]]],[[[92.516,10.898],[92.548,10.872],[92.561,10.833],[92.579,10.793],[92.584,10.752],[92.592,10.712],[92.578,10.675],[92.556,10.641],[92.54,10.603],[92.565,10.572],[92.542,10.538],[92.511,10.512],[92.472,10.526],[92.438,10.547],[92.4,10.531],[92.4,10.572],[92.415,10.609],[92.408,10.649],[92.381,10.678],[92.382,10.718],[92.38,10.759],[92.412,10.788],[92.434,10.822],[92.46,10.852],[92.488,10.882],[92.516,10.898]]],[[[92.609,10.939],[92.609,10.938],[92.61,10.938],[92.61,10.938],[92.611,10.938],[92.612,10.936],[92.613,10.936],[92.614,10.936],[92.615,10.935],[92.616,10.935],[92.617,10.935],[92.617,10.935],[92.617,10.934],[92.618,10.934],[92.618,10.934],[92.618,10.934],[92.619,10.933],[92.619,10.932],[92.62,10.931],[92.62,10.931],[92.621,10.93],[92.62,10.929],[92.619,10.928],[92.619,10.928],[92.618,10.928],[92.617,10.927],[92.617,10.928],[92.617,10.927],[92.616,10.927],[92.616,10.927],[92.615,10.927],[92.614,10.927],[92.614,10.927],[92.614,10.928],[92.613,10.928],[92.613,10.928],[92.612,10.928],[92.611,10.929],[92.611,10.929],[92.61,10.93],[92.61,10.93],[92.609,10.93],[92.609,10.93],[92.608,10.932],[92.608,10.932],[92.608,10.933],[92.608,10.933],[92.606,10.934],[92.606,10.934],[92.606,10.935],[92.606,10.936],[92.606,10.936],[92.606,10.937],[92.607,10.938],[92.608,10.938],[92.608,10.938],[92.608,10.938],[92.609,10.939],[92.609,10.939]]],[[[92.227,10.982],[92.227,10.982],[92.228,10.982],[92.228,10.982],[92.228,10.982],[92.229,10.982],[92.229,10.982],[92.229,10.982],[92.229,10.981],[92.229,10.981],[92.229,10.98],[92.229,10.979],[92.229,10.979],[92.229,10.978],[92.228,10.978],[92.228,10.976],[92.227,10.976],[92.227,10.976],[92.226,10.975],[92.226,10.975],[92.226,10.975],[92.225,10.974],[92.224,10.974],[92.223,10.974],[92.223,10.973],[92.222,10.973],[92.222,10.973],[92.221,10.972],[92.22,10.972],[92.219,10.972],[92.219,10.972],[92.219,10.972],[92.218,10.973],[92.218,10.973],[92.218,10.973],[92.217,10.973],[92.217,10.974],[92.216,10.975],[92.216,10.975],[92.216,10.975],[92.216,10.976],[92.216,10.976],[92.216,10.976],[92.215,10.977],[92.215,10.977],[92.215,10.977],[92.215,10.978],[92.215,10.979],[92.215,10.979],[92.216,10.979],[92.217,10.98],[92.218,10.981],[92.219,10.982],[92.22,10.982],[92.221,10.983],[92.221,10.983],[92.222,10.983],[92.223,10.983],[92.223,10.983],[92.224,10.983],[92.224,10.983],[92.225,10.983],[92.225,10.983],[92.225,10.983],[92.226,10.982],[92.227,10.982]]],[[[92.663,10.982],[92.662,10.981],[92.662,10.982],[92.661,10.982],[92.661,10.982],[92.66,10.983],[92.66,10.983],[92.659,10.984],[92.659,10.984],[92.659,10.984],[92.659,10.985],[92.659,10.985],[92.659,10.985],[92.659,10.986],[92.658,10.987],[92.658,10.987],[92.659,10.987],[92.659,10.988],[92.659,10.989],[92.659,10.989],[92.659,10.99],[92.659,10.99],[92.66,10.991],[92.66,10.992],[92.661,10.992],[92.661,10.992],[92.661,10.993],[92.662,10.993],[92.662,10.993],[92.663,10.993],[92.664,10.993],[92.665,10.993],[92.666,10.993],[92.666,10.992],[92.668,10.992],[92.669,10.991],[92.669,10.99],[92.67,10.989],[92.67,10.988],[92.67,10.987],[92.67,10.987],[92.669,10.986],[92.669,10.986],[92.668,10.984],[92.668,10.984],[92.667,10.984],[92.667,10.984],[92.666,10.983],[92.666,10.983],[92.665,10.982],[92.663,10.982]]],[[[92.726,11.144],[92.726,11.144],[92.726,11.144],[92.726,11.143],[92.726,11.143],[92.726,11.142],[92.726,11.142],[92.726,11.142],[92.725,11.141],[92.725,11.141],[92.724,11.14],[92.724,11.14],[92.724,11.141],[92.724,11.141],[92.723,11.141],[92.723,11.142],[92.722,11.142],[92.723,11.142],[92.723,11.143],[92.723,11.143],[92.723,11.144],[92.724,11.144],[92.725,11.144],[92.725,11.144],[92.725,11.144],[92.726,11.144]]],[[[92.732,11.15],[92.732,11.149],[92.733,11.149],[92.733,11.149],[92.733,11.148],[92.734,11.148],[92.734,11.147],[92.735,11.147],[92.735,11.146],[92.735,11.146],[92.735,11.146],[92.734,11.145],[92.734,11.145],[92.734,11.145],[92.734,11.145],[92.733,11.144],[92.733,11.143],[92.731,11.142],[92.731,11.142],[92.731,11.142],[92.73,11.141],[92.729,11.142],[92.729,11.142],[92.728,11.144],[92.728,11.144],[92.728,11.144],[92.728,11.144],[92.727,11.145],[92.727,11.145],[92.727,11.145],[92.727,11.146],[92.727,11.146],[92.727,11.146],[92.728,11.148],[92.729,11.148],[92.731,11.15],[92.732,11.15]]],[[[92.677,11.184],[92.677,11.183],[92.678,11.183],[92.678,11.183],[92.679,11.183],[92.679,11.183],[92.679,11.183],[92.68,11.182],[92.68,11.182],[92.681,11.181],[92.681,11.181],[92.681,11.18],[92.68,11.18],[92.678,11.178],[92.678,11.177],[92.677,11.177],[92.677,11.177],[92.677,11.177],[92.676,11.177],[92.676,11.178],[92.676,11.178],[92.676,11.178],[92.676,11.178],[92.676,11.179],[92.676,11.18],[92.676,11.18],[92.676,11.181],[92.675,11.181],[92.675,11.181],[92.675,11.182],[92.675,11.182],[92.675,11.182],[92.675,11.183],[92.674,11.183],[92.674,11.183],[92.674,11.183],[92.674,11.184],[92.674,11.184],[92.674,11.184],[92.673,11.185],[92.673,11.185],[92.673,11.186],[92.673,11.187],[92.674,11.188],[92.674,11.188],[92.674,11.188],[92.674,11.188],[92.674,11.189],[92.674,11.189],[92.675,11.189],[92.676,11.189],[92.676,11.189],[92.676,11.188],[92.677,11.188],[92.677,11.187],[92.677,11.187],[92.677,11.186],[92.677,11.186],[92.677,11.186],[92.676,11.186],[92.676,11.185],[92.677,11.185],[92.677,11.184],[92.677,11.184],[92.677,11.184]]],[[[92.706,11.289],[92.694,11.251],[92.705,11.289],[92.706,11.289]]],[[[92.701,11.311],[92.702,11.31],[92.702,11.31],[92.703,11.309],[92.704,11.309],[92.704,11.309],[92.704,11.309],[92.704,11.309],[92.706,11.309],[92.706,11.308],[92.706,11.308],[92.706,11.308],[92.707,11.308],[92.707,11.308],[92.708,11.308],[92.708,11.308],[92.709,11.308],[92.709,11.308],[92.71,11.308],[92.71,11.309],[92.71,11.309],[92.711,11.308],[92.711,11.308],[92.711,11.308],[92.711,11.307],[92.711,11.307],[92.711,11.307],[92.711,11.306],[92.711,11.306],[92.711,11.305],[92.712,11.304],[92.712,11.303],[92.711,11.303],[92.711,11.302],[92.711,11.302],[92.711,11.302],[92.71,11.301],[92.709,11.301],[92.709,11.301],[92.709,11.301],[92.707,11.303],[92.706,11.304],[92.706,11.304],[92.706,11.305],[92.704,11.307],[92.703,11.307],[92.702,11.308],[92.702,11.308],[92.701,11.308],[92.699,11.308],[92.699,11.308],[92.698,11.308],[92.698,11.308],[92.698,11.309],[92.698,11.309],[92.698,11.309],[92.698,11.31],[92.698,11.31],[92.698,11.31],[92.698,11.311],[92.699,11.311],[92.699,11.311],[92.699,11.311],[92.7,11.311],[92.7,11.311],[92.701,11.311]]],[[[92.723,11.316],[92.723,11.316],[92.723,11.316],[92.721,11.314],[92.721,11.314],[92.72,11.315],[92.719,11.316],[92.719,11.316],[92.718,11.316],[92.718,11.316],[92.718,11.316],[92.717,11.315],[92.717,11.315],[92.717,11.315],[92.717,11.314],[92.717,11.314],[92.716,11.313],[92.717,11.312],[92.716,11.311],[92.716,11.31],[92.716,11.31],[92.716,11.309],[92.715,11.308],[92.714,11.308],[92.714,11.308],[92.714,11.308],[92.713,11.309],[92.712,11.31],[92.712,11.311],[92.713,11.311],[92.713,11.311],[92.713,11.312],[92.713,11.312],[92.713,11.312],[92.714,11.313],[92.714,11.313],[92.714,11.314],[92.714,11.314],[92.714,11.314],[92.714,11.314],[92.714,11.315],[92.715,11.315],[92.715,11.317],[92.715,11.317],[92.715,11.317],[92.715,11.318],[92.715,11.318],[92.714,11.32],[92.714,11.32],[92.714,11.32],[92.714,11.321],[92.714,11.321],[92.715,11.321],[92.716,11.323],[92.716,11.323],[92.717,11.323],[92.717,11.323],[92.718,11.324],[92.718,11.324],[92.718,11.325],[92.718,11.325],[92.718,11.325],[92.718,11.326],[92.718,11.326],[92.718,11.326],[92.718,11.326],[92.718,11.327],[92.718,11.327],[92.717,11.328],[92.718,11.329],[92.718,11.33],[92.718,11.33],[92.719,11.331],[92.72,11.332],[92.72,11.332],[92.721,11.333],[92.721,11.333],[92.722,11.333],[92.723,11.333],[92.723,11.333],[92.723,11.333],[92.724,11.333],[92.724,11.332],[92.724,11.331],[92.724,11.33],[92.724,11.329],[92.724,11.329],[92.723,11.327],[92.723,11.326],[92.723,11.326],[92.722,11.325],[92.723,11.324],[92.723,11.323],[92.723,11.322],[92.723,11.322],[92.723,11.321],[92.723,11.32],[92.724,11.319],[92.724,11.319],[92.724,11.318],[92.724,11.318],[92.723,11.317],[92.723,11.316]]],[[[92.548,11.393],[92.548,11.393],[92.547,11.393],[92.547,11.394],[92.546,11.394],[92.546,11.394],[92.546,11.395],[92.546,11.395],[92.546,11.396],[92.546,11.396],[92.547,11.397],[92.547,11.397],[92.548,11.397],[92.548,11.397],[92.549,11.397],[92.549,11.397],[92.55,11.397],[92.55,11.397],[92.55,11.397],[92.551,11.397],[92.551,11.397],[92.551,11.397],[92.551,11.396],[92.551,11.396],[92.551,11.395],[92.551,11.395],[92.55,11.394],[92.55,11.394],[92.549,11.393],[92.549,11.393],[92.548,11.393]]],[[[92.558,11.391],[92.557,11.39],[92.557,11.39],[92.556,11.391],[92.556,11.391],[92.556,11.392],[92.556,11.393],[92.556,11.393],[92.556,11.394],[92.556,11.394],[92.556,11.395],[92.557,11.396],[92.557,11.396],[92.558,11.396],[92.558,11.397],[92.559,11.397],[92.559,11.397],[92.56,11.397],[92.561,11.398],[92.561,11.398],[92.562,11.398],[92.562,11.397],[92.563,11.397],[92.563,11.397],[92.563,11.396],[92.564,11.396],[92.564,11.395],[92.563,11.395],[92.563,11.394],[92.563,11.394],[92.562,11.393],[92.562,11.393],[92.562,11.392],[92.561,11.392],[92.56,11.392],[92.56,11.392],[92.56,11.392],[92.559,11.391],[92.559,11.391],[92.559,11.391],[92.558,11.391],[92.558,11.391]]],[[[92.673,11.488],[92.673,11.487],[92.673,11.487],[92.672,11.487],[92.671,11.487],[92.671,11.488],[92.67,11.488],[92.67,11.489],[92.671,11.489],[92.672,11.489],[92.672,11.489],[92.672,11.489],[92.673,11.489],[92.673,11.488],[92.673,11.488],[92.673,11.488]]],[[[92.61,11.504],[92.61,11.504],[92.61,11.504],[92.609,11.504],[92.609,11.505],[92.609,11.505],[92.609,11.506],[92.609,11.506],[92.609,11.506],[92.61,11.507],[92.61,11.507],[92.61,11.507],[92.61,11.508],[92.611,11.508],[92.611,11.508],[92.611,11.509],[92.612,11.509],[92.612,11.509],[92.612,11.51],[92.613,11.51],[92.613,11.511],[92.614,11.511],[92.614,11.511],[92.615,11.511],[92.616,11.512],[92.616,11.511],[92.616,11.511],[92.616,11.511],[92.616,11.511],[92.616,11.51],[92.616,11.51],[92.615,11.51],[92.615,11.509],[92.615,11.509],[92.614,11.509],[92.614,11.508],[92.613,11.508],[92.613,11.508],[92.613,11.507],[92.613,11.507],[92.612,11.506],[92.612,11.506],[92.612,11.505],[92.612,11.505],[92.611,11.505],[92.611,11.504],[92.61,11.504]]],[[[92.644,11.513],[92.644,11.513],[92.644,11.513],[92.644,11.513],[92.644,11.514],[92.644,11.514],[92.644,11.514],[92.644,11.515],[92.645,11.515],[92.645,11.516],[92.646,11.515],[92.646,11.515],[92.646,11.515],[92.646,11.514],[92.646,11.514],[92.646,11.514],[92.645,11.514],[92.645,11.513],[92.645,11.513],[92.645,11.513],[92.644,11.513]]],[[[92.641,11.51],[92.671,11.483],[92.683,11.445],[92.66,11.412],[92.692,11.388],[92.665,11.358],[92.626,11.349],[92.586,11.358],[92.589,11.398],[92.624,11.416],[92.613,11.455],[92.62,11.494],[92.641,11.51]]],[[[92.272,11.516],[92.271,11.516],[92.271,11.516],[92.27,11.516],[92.27,11.517],[92.27,11.517],[92.272,11.518],[92.272,11.518],[92.272,11.518],[92.273,11.518],[92.274,11.518],[92.273,11.517],[92.272,11.516],[92.272,11.516]]],[[[92.605,11.535],[92.605,11.534],[92.605,11.534],[92.605,11.535],[92.605,11.535],[92.606,11.535],[92.606,11.535],[92.606,11.534],[92.606,11.534],[92.606,11.534],[92.606,11.533],[92.606,11.531],[92.607,11.53],[92.607,11.529],[92.607,11.528],[92.607,11.528],[92.607,11.528],[92.607,11.527],[92.607,11.526],[92.607,11.524],[92.607,11.523],[92.607,11.523],[92.607,11.522],[92.606,11.522],[92.606,11.522],[92.606,11.522],[92.605,11.523],[92.605,11.523],[92.605,11.523],[92.604,11.523],[92.603,11.524],[92.603,11.524],[92.602,11.524],[92.602,11.527],[92.602,11.527],[92.602,11.527],[92.602,11.529],[92.601,11.53],[92.601,11.53],[92.601,11.531],[92.601,11.531],[92.601,11.532],[92.601,11.533],[92.601,11.533],[92.601,11.533],[92.601,11.534],[92.601,11.535],[92.601,11.535],[92.601,11.536],[92.602,11.536],[92.602,11.537],[92.602,11.538],[92.602,11.538],[92.603,11.538],[92.604,11.538],[92.604,11.537],[92.604,11.537],[92.604,11.537],[92.604,11.537],[92.604,11.536],[92.604,11.536],[92.604,11.535],[92.605,11.535]]],[[[92.56,11.538],[92.561,11.538],[92.561,11.537],[92.561,11.537],[92.561,11.536],[92.561,11.536],[92.561,11.535],[92.561,11.534],[92.561,11.534],[92.561,11.533],[92.561,11.533],[92.562,11.532],[92.562,11.532],[92.562,11.531],[92.563,11.531],[92.563,11.531],[92.564,11.531],[92.564,11.53],[92.565,11.53],[92.565,11.53],[92.566,11.53],[92.566,11.529],[92.566,11.529],[92.567,11.529],[92.567,11.528],[92.568,11.528],[92.568,11.528],[92.569,11.528],[92.569,11.527],[92.569,11.527],[92.569,11.526],[92.569,11.526],[92.569,11.525],[92.569,11.525],[92.569,11.525],[92.569,11.524],[92.569,11.524],[92.568,11.523],[92.568,11.523],[92.568,11.522],[92.568,11.522],[92.568,11.522],[92.568,11.521],[92.568,11.521],[92.568,11.52],[92.568,11.519],[92.567,11.519],[92.567,11.518],[92.567,11.518],[92.567,11.517],[92.566,11.517],[92.566,11.517],[92.565,11.517],[92.565,11.517],[92.565,11.517],[92.564,11.517],[92.564,11.517],[92.563,11.517],[92.563,11.517],[92.562,11.517],[92.561,11.517],[92.561,11.517],[92.561,11.518],[92.561,11.518],[92.561,11.519],[92.561,11.519],[92.561,11.52],[92.561,11.521],[92.56,11.521],[92.56,11.521],[92.56,11.522],[92.559,11.522],[92.559,11.522],[92.559,11.522],[92.558,11.523],[92.558,11.523],[92.558,11.523],[92.558,11.523],[92.558,11.524],[92.557,11.524],[92.557,11.525],[92.557,11.525],[92.556,11.525],[92.556,11.526],[92.556,11.526],[92.556,11.527],[92.555,11.527],[92.555,11.528],[92.554,11.528],[92.554,11.529],[92.554,11.529],[92.554,11.53],[92.554,11.53],[92.553,11.53],[92.553,11.531],[92.553,11.532],[92.552,11.532],[92.552,11.533],[92.552,11.533],[92.552,11.534],[92.552,11.534],[92.552,11.535],[92.552,11.535],[92.552,11.536],[92.552,11.537],[92.552,11.537],[92.552,11.538],[92.552,11.539],[92.553,11.538],[92.554,11.539],[92.554,11.538],[92.554,11.538],[92.555,11.538],[92.555,11.538],[92.556,11.539],[92.556,11.539],[92.556,11.539],[92.557,11.54],[92.557,11.54],[92.557,11.541],[92.558,11.541],[92.558,11.541],[92.558,11.541],[92.559,11.541],[92.559,11.541],[92.559,11.541],[92.56,11.54],[92.56,11.54],[92.56,11.539],[92.56,11.539],[92.56,11.538],[92.56,11.538]]],[[[92.628,11.542],[92.627,11.542],[92.627,11.543],[92.627,11.543],[92.627,11.544],[92.627,11.545],[92.627,11.545],[92.627,11.546],[92.627,11.547],[92.627,11.548],[92.627,11.549],[92.627,11.549],[92.628,11.549],[92.628,11.549],[92.629,11.549],[92.63,11.549],[92.63,11.547],[92.63,11.547],[92.63,11.547],[92.629,11.546],[92.629,11.544],[92.629,11.543],[92.629,11.543],[92.629,11.542],[92.628,11.542]]],[[[92.61,11.559],[92.61,11.559],[92.611,11.559],[92.612,11.561],[92.612,11.561],[92.613,11.561],[92.613,11.561],[92.613,11.56],[92.614,11.56],[92.614,11.56],[92.614,11.56],[92.615,11.559],[92.615,11.558],[92.614,11.558],[92.615,11.557],[92.615,11.557],[92.616,11.557],[92.617,11.557],[92.617,11.557],[92.617,11.557],[92.617,11.558],[92.617,11.558],[92.617,11.559],[92.617,11.559],[92.617,11.559],[92.617,11.559],[92.617,11.56],[92.618,11.56],[92.618,11.56],[92.619,11.56],[92.619,11.56],[92.619,11.56],[92.619,11.559],[92.619,11.559],[92.62,11.558],[92.62,11.557],[92.62,11.556],[92.62,11.554],[92.62,11.554],[92.62,11.553],[92.62,11.552],[92.62,11.552],[92.62,11.551],[92.62,11.551],[92.62,11.55],[92.619,11.55],[92.619,11.549],[92.619,11.549],[92.619,11.548],[92.619,11.547],[92.619,11.546],[92.619,11.546],[92.619,11.545],[92.619,11.544],[92.619,11.543],[92.619,11.543],[92.619,11.542],[92.619,11.542],[92.619,11.541],[92.618,11.54],[92.618,11.54],[92.618,11.54],[92.618,11.539],[92.617,11.538],[92.618,11.538],[92.618,11.537],[92.616,11.535],[92.615,11.535],[92.614,11.535],[92.614,11.534],[92.614,11.534],[92.613,11.533],[92.612,11.533],[92.611,11.532],[92.61,11.532],[92.61,11.532],[92.61,11.533],[92.61,11.533],[92.61,11.533],[92.61,11.534],[92.61,11.534],[92.61,11.534],[92.609,11.535],[92.607,11.536],[92.607,11.536],[92.607,11.537],[92.607,11.537],[92.607,11.537],[92.607,11.537],[92.607,11.538],[92.607,11.538],[92.607,11.538],[92.607,11.539],[92.607,11.539],[92.606,11.539],[92.606,11.542],[92.606,11.542],[92.606,11.543],[92.606,11.543],[92.606,11.544],[92.605,11.544],[92.605,11.547],[92.606,11.547],[92.606,11.547],[92.606,11.548],[92.606,11.549],[92.606,11.549],[92.606,11.549],[92.605,11.55],[92.605,11.55],[92.605,11.551],[92.604,11.551],[92.604,11.552],[92.604,11.552],[92.602,11.552],[92.602,11.552],[92.602,11.553],[92.602,11.553],[92.602,11.553],[92.602,11.554],[92.602,11.555],[92.602,11.555],[92.603,11.555],[92.604,11.555],[92.605,11.554],[92.605,11.554],[92.605,11.554],[92.606,11.555],[92.607,11.555],[92.607,11.555],[92.607,11.554],[92.607,11.554],[92.608,11.554],[92.609,11.554],[92.61,11.554],[92.61,11.555],[92.61,11.556],[92.609,11.556],[92.609,11.556],[92.608,11.557],[92.608,11.557],[92.608,11.557],[92.607,11.557],[92.607,11.558],[92.607,11.558],[92.607,11.558],[92.607,11.558],[92.607,11.559],[92.607,11.559],[92.606,11.56],[92.606,11.561],[92.606,11.561],[92.606,11.562],[92.606,11.562],[92.607,11.563],[92.607,11.563],[92.607,11.563],[92.608,11.563],[92.608,11.563],[92.608,11.563],[92.609,11.562],[92.609,11.561],[92.609,11.561],[92.61,11.56],[92.61,11.56],[92.61,11.56],[92.61,11.559]]],[[[92.575,11.563],[92.574,11.563],[92.574,11.563],[92.573,11.563],[92.573,11.563],[92.573,11.564],[92.573,11.566],[92.574,11.566],[92.574,11.567],[92.576,11.569],[92.576,11.57],[92.576,11.57],[92.576,11.571],[92.577,11.571],[92.577,11.569],[92.577,11.569],[92.577,11.568],[92.576,11.567],[92.576,11.567],[92.576,11.567],[92.576,11.566],[92.576,11.566],[92.575,11.566],[92.576,11.566],[92.576,11.565],[92.575,11.565],[92.575,11.564],[92.575,11.564],[92.575,11.564],[92.575,11.563],[92.575,11.563],[92.575,11.563],[92.575,11.563]]],[[[92.568,11.571],[92.568,11.571],[92.568,11.57],[92.568,11.57],[92.567,11.57],[92.567,11.57],[92.567,11.569],[92.567,11.569],[92.567,11.569],[92.566,11.568],[92.566,11.568],[92.566,11.568],[92.565,11.568],[92.565,11.568],[92.565,11.568],[92.565,11.569],[92.565,11.569],[92.565,11.569],[92.565,11.569],[92.565,11.57],[92.565,11.57],[92.566,11.57],[92.566,11.571],[92.566,11.571],[92.566,11.571],[92.567,11.571],[92.567,11.571],[92.567,11.571],[92.568,11.571]]],[[[92.597,11.542],[92.597,11.541],[92.597,11.541],[92.597,11.54],[92.597,11.54],[92.597,11.54],[92.597,11.539],[92.597,11.538],[92.596,11.538],[92.596,11.537],[92.596,11.537],[92.596,11.536],[92.596,11.536],[92.596,11.535],[92.596,11.535],[92.596,11.535],[92.596,11.534],[92.596,11.533],[92.596,11.533],[92.595,11.533],[92.595,11.533],[92.595,11.533],[92.595,11.533],[92.595,11.534],[92.595,11.534],[92.594,11.534],[92.593,11.535],[92.593,11.535],[92.593,11.536],[92.593,11.536],[92.593,11.536],[92.593,11.536],[92.592,11.536],[92.592,11.536],[92.591,11.535],[92.591,11.535],[92.59,11.535],[92.59,11.535],[92.59,11.535],[92.59,11.534],[92.589,11.534],[92.589,11.534],[92.589,11.534],[92.588,11.533],[92.588,11.533],[92.588,11.533],[92.588,11.534],[92.588,11.535],[92.588,11.535],[92.588,11.536],[92.588,11.536],[92.588,11.537],[92.588,11.537],[92.588,11.538],[92.588,11.538],[92.588,11.539],[92.588,11.539],[92.588,11.539],[92.587,11.54],[92.587,11.54],[92.586,11.541],[92.586,11.541],[92.586,11.541],[92.586,11.541],[92.586,11.54],[92.586,11.54],[92.586,11.539],[92.586,11.539],[92.586,11.539],[92.586,11.539],[92.586,11.538],[92.586,11.538],[92.585,11.538],[92.585,11.537],[92.585,11.537],[92.585,11.536],[92.585,11.536],[92.584,11.535],[92.584,11.534],[92.584,11.534],[92.583,11.535],[92.583,11.536],[92.583,11.537],[92.583,11.539],[92.583,11.54],[92.583,11.54],[92.583,11.54],[92.583,11.541],[92.584,11.542],[92.585,11.542],[92.585,11.542],[92.585,11.542],[92.586,11.542],[92.586,11.542],[92.586,11.542],[92.586,11.542],[92.586,11.543],[92.586,11.543],[92.586,11.544],[92.586,11.544],[92.586,11.545],[92.586,11.545],[92.586,11.546],[92.586,11.546],[92.586,11.546],[92.586,11.546],[92.586,11.547],[92.585,11.547],[92.585,11.547],[92.585,11.548],[92.585,11.548],[92.585,11.548],[92.585,11.548],[92.584,11.549],[92.584,11.549],[92.584,11.55],[92.584,11.55],[92.584,11.551],[92.584,11.552],[92.585,11.552],[92.585,11.553],[92.585,11.553],[92.586,11.553],[92.586,11.553],[92.587,11.554],[92.587,11.554],[92.587,11.554],[92.587,11.555],[92.587,11.555],[92.588,11.555],[92.588,11.556],[92.588,11.556],[92.588,11.557],[92.588,11.557],[92.588,11.558],[92.588,11.558],[92.588,11.558],[92.588,11.559],[92.588,11.559],[92.589,11.56],[92.589,11.56],[92.589,11.561],[92.589,11.561],[92.589,11.561],[92.589,11.562],[92.589,11.562],[92.589,11.562],[92.589,11.563],[92.589,11.563],[92.589,11.563],[92.589,11.564],[92.589,11.564],[92.588,11.564],[92.588,11.565],[92.588,11.565],[92.588,11.565],[92.588,11.566],[92.588,11.566],[92.588,11.567],[92.588,11.567],[92.588,11.568],[92.588,11.568],[92.588,11.569],[92.588,11.569],[92.588,11.57],[92.588,11.57],[92.588,11.57],[92.588,11.571],[92.588,11.571],[92.588,11.571],[92.589,11.572],[92.589,11.572],[92.589,11.573],[92.589,11.573],[92.589,11.573],[92.589,11.574],[92.589,11.574],[92.589,11.574],[92.59,11.575],[92.59,11.575],[92.59,11.575],[92.591,11.576],[92.591,11.576],[92.591,11.576],[92.591,11.577],[92.592,11.577],[92.592,11.577],[92.592,11.577],[92.593,11.577],[92.593,11.577],[92.593,11.577],[92.593,11.577],[92.593,11.576],[92.593,11.576],[92.593,11.576],[92.594,11.575],[92.594,11.575],[92.594,11.574],[92.594,11.574],[92.594,11.573],[92.594,11.573],[92.594,11.572],[92.594,11.572],[92.595,11.571],[92.595,11.571],[92.595,11.571],[92.595,11.57],[92.594,11.569],[92.594,11.569],[92.594,11.568],[92.593,11.567],[92.594,11.567],[92.594,11.566],[92.595,11.566],[92.595,11.565],[92.596,11.565],[92.596,11.565],[92.596,11.564],[92.597,11.564],[92.597,11.563],[92.597,11.563],[92.597,11.563],[92.597,11.562],[92.597,11.562],[92.597,11.561],[92.597,11.561],[92.597,11.561],[92.597,11.56],[92.597,11.56],[92.597,11.559],[92.597,11.559],[92.597,11.558],[92.597,11.558],[92.597,11.557],[92.598,11.557],[92.597,11.556],[92.597,11.555],[92.597,11.555],[92.597,11.554],[92.597,11.553],[92.597,11.553],[92.597,11.552],[92.597,11.552],[92.597,11.551],[92.597,11.55],[92.597,11.55],[92.597,11.549],[92.597,11.549],[92.597,11.548],[92.597,11.548],[92.597,11.548],[92.597,11.547],[92.597,11.547],[92.597,11.546],[92.597,11.546],[92.597,11.545],[92.597,11.545],[92.597,11.545],[92.597,11.544],[92.597,11.544],[92.597,11.543],[92.597,11.543],[92.597,11.543],[92.597,11.542],[92.597,11.542]]],[[[92.578,11.582],[92.578,11.582],[92.578,11.583],[92.577,11.585],[92.577,11.585],[92.578,11.585],[92.579,11.585],[92.579,11.585],[92.579,11.584],[92.58,11.584],[92.58,11.583],[92.579,11.583],[92.579,11.583],[92.579,11.582],[92.578,11.582],[92.578,11.582]]],[[[92.611,11.588],[92.611,11.588],[92.612,11.588],[92.612,11.587],[92.612,11.587],[92.613,11.586],[92.613,11.586],[92.613,11.586],[92.614,11.586],[92.614,11.585],[92.615,11.585],[92.615,11.584],[92.615,11.584],[92.615,11.584],[92.615,11.584],[92.616,11.583],[92.616,11.583],[92.617,11.583],[92.617,11.583],[92.617,11.582],[92.617,11.582],[92.617,11.582],[92.618,11.582],[92.618,11.581],[92.618,11.581],[92.618,11.58],[92.618,11.58],[92.618,11.579],[92.618,11.578],[92.619,11.578],[92.619,11.578],[92.619,11.578],[92.619,11.577],[92.619,11.576],[92.619,11.576],[92.619,11.575],[92.619,11.574],[92.619,11.573],[92.619,11.573],[92.619,11.572],[92.619,11.572],[92.619,11.571],[92.619,11.571],[92.618,11.57],[92.618,11.57],[92.618,11.569],[92.618,11.569],[92.618,11.568],[92.617,11.568],[92.617,11.567],[92.617,11.566],[92.617,11.566],[92.617,11.566],[92.617,11.565],[92.616,11.565],[92.616,11.564],[92.616,11.564],[92.616,11.564],[92.616,11.564],[92.615,11.563],[92.615,11.563],[92.615,11.563],[92.614,11.563],[92.614,11.563],[92.613,11.563],[92.613,11.564],[92.612,11.564],[92.612,11.565],[92.611,11.565],[92.611,11.565],[92.611,11.566],[92.611,11.566],[92.61,11.567],[92.61,11.567],[92.61,11.568],[92.61,11.568],[92.61,11.568],[92.609,11.568],[92.609,11.569],[92.609,11.569],[92.609,11.569],[92.608,11.569],[92.608,11.569],[92.608,11.568],[92.607,11.569],[92.607,11.569],[92.606,11.569],[92.606,11.57],[92.606,11.57],[92.606,11.571],[92.606,11.571],[92.605,11.571],[92.605,11.571],[92.605,11.57],[92.605,11.57],[92.605,11.569],[92.604,11.568],[92.604,11.568],[92.604,11.568],[92.603,11.568],[92.603,11.567],[92.602,11.567],[92.601,11.567],[92.601,11.568],[92.601,11.568],[92.601,11.569],[92.601,11.569],[92.6,11.57],[92.601,11.57],[92.6,11.571],[92.6,11.572],[92.6,11.572],[92.6,11.573],[92.6,11.574],[92.6,11.574],[92.6,11.575],[92.6,11.576],[92.601,11.576],[92.601,11.577],[92.601,11.578],[92.601,11.578],[92.601,11.579],[92.601,11.58],[92.601,11.58],[92.601,11.581],[92.601,11.581],[92.601,11.582],[92.601,11.583],[92.601,11.583],[92.601,11.584],[92.601,11.584],[92.601,11.585],[92.601,11.586],[92.602,11.586],[92.602,11.586],[92.602,11.587],[92.603,11.587],[92.603,11.587],[92.604,11.587],[92.604,11.587],[92.605,11.587],[92.605,11.587],[92.606,11.588],[92.606,11.588],[92.607,11.588],[92.607,11.588],[92.608,11.588],[92.608,11.588],[92.609,11.588],[92.609,11.588],[92.609,11.588],[92.61,11.588],[92.61,11.588],[92.611,11.588],[92.611,11.588]]],[[[92.219,11.592],[92.259,11.59],[92.27,11.551],[92.239,11.526],[92.208,11.551],[92.217,11.591],[92.219,11.592]]],[[[92.54,11.603],[92.557,11.567],[92.534,11.6],[92.54,11.603]]],[[[92.7,11.664],[92.7,11.664],[92.7,11.664],[92.701,11.664],[92.701,11.664],[92.701,11.663],[92.701,11.663],[92.701,11.662],[92.701,11.662],[92.701,11.661],[92.701,11.661],[92.701,11.66],[92.701,11.659],[92.7,11.659],[92.7,11.659],[92.7,11.659],[92.699,11.66],[92.698,11.66],[92.698,11.659],[92.698,11.659],[92.697,11.659],[92.697,11.659],[92.696,11.66],[92.695,11.66],[92.695,11.66],[92.694,11.66],[92.694,11.66],[92.693,11.661],[92.693,11.661],[92.693,11.662],[92.693,11.662],[92.693,11.662],[92.694,11.662],[92.694,11.663],[92.694,11.663],[92.695,11.663],[92.695,11.663],[92.696,11.664],[92.696,11.664],[92.697,11.664],[92.697,11.664],[92.698,11.664],[92.698,11.664],[92.699,11.664],[92.699,11.665],[92.7,11.664]]],[[[92.762,11.67],[92.762,11.67],[92.761,11.67],[92.761,11.671],[92.761,11.671],[92.761,11.672],[92.761,11.672],[92.761,11.673],[92.761,11.674],[92.761,11.674],[92.761,11.675],[92.761,11.675],[92.76,11.675],[92.76,11.676],[92.76,11.676],[92.76,11.677],[92.76,11.677],[92.76,11.678],[92.761,11.678],[92.762,11.678],[92.762,11.678],[92.763,11.678],[92.763,11.679],[92.764,11.679],[92.764,11.679],[92.764,11.68],[92.765,11.68],[92.765,11.681],[92.765,11.681],[92.765,11.681],[92.766,11.681],[92.766,11.681],[92.766,11.681],[92.767,11.68],[92.767,11.68],[92.767,11.679],[92.767,11.678],[92.766,11.678],[92.766,11.678],[92.766,11.677],[92.766,11.677],[92.766,11.677],[92.765,11.676],[92.765,11.676],[92.765,11.676],[92.765,11.676],[92.765,11.675],[92.765,11.675],[92.764,11.675],[92.764,11.674],[92.764,11.674],[92.764,11.673],[92.764,11.673],[92.764,11.673],[92.764,11.672],[92.764,11.672],[92.763,11.672],[92.763,11.671],[92.763,11.671],[92.763,11.67],[92.763,11.67],[92.762,11.67],[92.762,11.67]]],[[[92.725,11.689],[92.725,11.689],[92.726,11.689],[92.726,11.688],[92.726,11.688],[92.727,11.688],[92.727,11.688],[92.726,11.687],[92.726,11.687],[92.725,11.687],[92.725,11.687],[92.724,11.687],[92.724,11.687],[92.724,11.687],[92.723,11.687],[92.722,11.687],[92.722,11.688],[92.722,11.688],[92.722,11.689],[92.722,11.689],[92.723,11.69],[92.723,11.69],[92.724,11.689],[92.725,11.689],[92.725,11.689]]],[[[92.551,11.721],[92.551,11.721],[92.55,11.721],[92.55,11.722],[92.55,11.722],[92.55,11.722],[92.55,11.723],[92.549,11.724],[92.549,11.724],[92.55,11.725],[92.551,11.725],[92.551,11.725],[92.552,11.725],[92.552,11.725],[92.551,11.724],[92.551,11.724],[92.551,11.724],[92.551,11.723],[92.551,11.723],[92.551,11.722],[92.551,11.722],[92.551,11.721],[92.551,11.721]]],[[[93.083,11.78],[93.082,11.779],[93.082,11.779],[93.081,11.779],[93.081,11.779],[93.081,11.779],[93.081,11.779],[93.08,11.779],[93.08,11.779],[93.079,11.779],[93.079,11.779],[93.079,11.78],[93.078,11.78],[93.078,11.78],[93.078,11.781],[93.078,11.781],[93.078,11.781],[93.078,11.782],[93.078,11.782],[93.078,11.783],[93.078,11.783],[93.078,11.783],[93.079,11.784],[93.079,11.784],[93.079,11.785],[93.079,11.785],[93.079,11.785],[93.079,11.786],[93.079,11.786],[93.079,11.787],[93.08,11.787],[93.08,11.787],[93.08,11.788],[93.08,11.788],[93.081,11.788],[93.081,11.788],[93.081,11.789],[93.082,11.789],[93.082,11.789],[93.082,11.789],[93.083,11.79],[93.083,11.79],[93.084,11.79],[93.085,11.79],[93.085,11.789],[93.086,11.789],[93.086,11.789],[93.086,11.788],[93.086,11.788],[93.086,11.787],[93.086,11.787],[93.086,11.786],[93.086,11.786],[93.086,11.786],[93.086,11.785],[93.086,11.785],[93.086,11.785],[93.085,11.784],[93.085,11.784],[93.085,11.784],[93.085,11.783],[93.084,11.783],[93.084,11.782],[93.084,11.782],[93.084,11.782],[93.083,11.781],[93.084,11.781],[93.084,11.781],[93.083,11.78],[93.083,11.78]]],[[[93.021,11.843],[93.061,11.844],[93.025,11.827],[93.021,11.843]]],[[[92.597,11.905],[92.596,11.905],[92.596,11.906],[92.596,11.906],[92.596,11.906],[92.596,11.909],[92.596,11.909],[92.596,11.91],[92.596,11.91],[92.596,11.911],[92.595,11.911],[92.596,11.912],[92.596,11.915],[92.596,11.915],[92.596,11.916],[92.596,11.916],[92.596,11.916],[92.597,11.917],[92.597,11.917],[92.597,11.918],[92.6,11.918],[92.601,11.918],[92.601,11.919],[92.601,11.919],[92.602,11.919],[92.602,11.918],[92.602,11.917],[92.602,11.916],[92.602,11.914],[92.601,11.914],[92.601,11.914],[92.601,11.913],[92.6,11.913],[92.6,11.913],[92.6,11.912],[92.6,11.912],[92.599,11.911],[92.599,11.91],[92.6,11.91],[92.6,11.909],[92.6,11.909],[92.6,11.908],[92.599,11.908],[92.599,11.908],[92.599,11.908],[92.599,11.907],[92.599,11.907],[92.599,11.906],[92.597,11.906],[92.597,11.906],[92.597,11.905]]],[[[92.566,11.95],[92.566,11.95],[92.567,11.95],[92.567,11.95],[92.568,11.95],[92.568,11.95],[92.568,11.95],[92.568,11.95],[92.568,11.949],[92.568,11.949],[92.569,11.949],[92.569,11.948],[92.569,11.948],[92.569,11.947],[92.569,11.947],[92.57,11.946],[92.57,11.946],[92.57,11.945],[92.569,11.945],[92.569,11.945],[92.569,11.944],[92.569,11.944],[92.569,11.944],[92.568,11.944],[92.568,11.944],[92.568,11.944],[92.567,11.945],[92.567,11.945],[92.567,11.945],[92.566,11.945],[92.566,11.945],[92.566,11.946],[92.565,11.946],[92.565,11.946],[92.565,11.947],[92.564,11.947],[92.564,11.947],[92.564,11.947],[92.563,11.947],[92.563,11.947],[92.563,11.947],[92.563,11.948],[92.563,11.948],[92.563,11.948],[92.563,11.949],[92.564,11.949],[92.564,11.95],[92.564,11.95],[92.565,11.95],[92.565,11.95],[92.566,11.95]]],[[[92.732,11.954],[92.732,11.954],[92.732,11.954],[92.732,11.953],[92.731,11.953],[92.731,11.953],[92.731,11.952],[92.73,11.952],[92.73,11.952],[92.73,11.951],[92.73,11.95],[92.73,11.95],[92.729,11.949],[92.729,11.949],[92.729,11.948],[92.729,11.948],[92.73,11.947],[92.73,11.947],[92.73,11.947],[92.73,11.946],[92.731,11.946],[92.731,11.946],[92.732,11.945],[92.732,11.945],[92.732,11.945],[92.732,11.945],[92.732,11.945],[92.732,11.944],[92.732,11.944],[92.731,11.944],[92.731,11.943],[92.73,11.943],[92.73,11.943],[92.729,11.943],[92.729,11.943],[92.729,11.942],[92.728,11.942],[92.728,11.942],[92.727,11.941],[92.727,11.941],[92.726,11.941],[92.726,11.941],[92.726,11.942],[92.726,11.942],[92.725,11.943],[92.725,11.943],[92.725,11.943],[92.725,11.944],[92.725,11.944],[92.725,11.945],[92.725,11.945],[92.724,11.945],[92.724,11.946],[92.724,11.947],[92.724,11.947],[92.724,11.948],[92.724,11.948],[92.725,11.948],[92.725,11.949],[92.725,11.949],[92.725,11.95],[92.725,11.951],[92.726,11.951],[92.726,11.952],[92.726,11.952],[92.727,11.953],[92.726,11.953],[92.726,11.953],[92.726,11.952],[92.726,11.952],[92.726,11.952],[92.725,11.952],[92.724,11.951],[92.723,11.951],[92.723,11.951],[92.723,11.952],[92.723,11.953],[92.723,11.953],[92.724,11.954],[92.724,11.954],[92.724,11.954],[92.725,11.954],[92.726,11.954],[92.726,11.955],[92.726,11.955],[92.726,11.956],[92.727,11.956],[92.727,11.956],[92.727,11.957],[92.728,11.957],[92.728,11.957],[92.729,11.957],[92.729,11.958],[92.73,11.958],[92.73,11.958],[92.73,11.958],[92.731,11.958],[92.731,11.959],[92.732,11.959],[92.732,11.959],[92.733,11.959],[92.733,11.959],[92.734,11.959],[92.734,11.959],[92.734,11.958],[92.734,11.957],[92.734,11.957],[92.733,11.956],[92.733,11.956],[92.733,11.955],[92.733,11.955],[92.733,11.955],[92.732,11.954]]],[[[92.743,11.965],[92.743,11.964],[92.742,11.965],[92.742,11.965],[92.742,11.966],[92.742,11.966],[92.742,11.967],[92.743,11.967],[92.743,11.967],[92.744,11.967],[92.744,11.967],[92.745,11.967],[92.745,11.967],[92.745,11.966],[92.745,11.966],[92.744,11.965],[92.744,11.965],[92.743,11.965]]],[[[92.75,11.968],[92.75,11.968],[92.751,11.968],[92.752,11.968],[92.753,11.968],[92.754,11.968],[92.754,11.968],[92.755,11.967],[92.755,11.967],[92.756,11.967],[92.756,11.967],[92.757,11.967],[92.757,11.967],[92.758,11.967],[92.76,11.967],[92.761,11.967],[92.762,11.967],[92.762,11.967],[92.763,11.967],[92.763,11.967],[92.763,11.966],[92.764,11.966],[92.764,11.965],[92.764,11.965],[92.764,11.965],[92.765,11.965],[92.766,11.965],[92.766,11.965],[92.766,11.964],[92.766,11.964],[92.766,11.964],[92.766,11.963],[92.766,11.963],[92.766,11.962],[92.766,11.962],[92.766,11.961],[92.766,11.961],[92.766,11.96],[92.766,11.96],[92.767,11.96],[92.767,11.959],[92.767,11.959],[92.767,11.958],[92.767,11.957],[92.767,11.957],[92.767,11.956],[92.767,11.956],[92.767,11.955],[92.767,11.955],[92.767,11.954],[92.766,11.954],[92.766,11.953],[92.766,11.953],[92.765,11.952],[92.765,11.952],[92.764,11.952],[92.764,11.951],[92.764,11.951],[92.763,11.951],[92.763,11.95],[92.763,11.95],[92.762,11.949],[92.762,11.949],[92.761,11.949],[92.761,11.949],[92.76,11.948],[92.76,11.948],[92.759,11.948],[92.759,11.948],[92.759,11.949],[92.758,11.949],[92.758,11.949],[92.757,11.949],[92.757,11.949],[92.756,11.949],[92.756,11.949],[92.756,11.948],[92.755,11.948],[92.755,11.947],[92.754,11.947],[92.754,11.947],[92.753,11.947],[92.753,11.946],[92.752,11.946],[92.752,11.946],[92.751,11.946],[92.751,11.946],[92.75,11.946],[92.75,11.946],[92.749,11.946],[92.749,11.945],[92.748,11.945],[92.748,11.945],[92.747,11.945],[92.747,11.945],[92.746,11.945],[92.746,11.945],[92.745,11.945],[92.745,11.945],[92.744,11.946],[92.744,11.946],[92.743,11.947],[92.743,11.947],[92.743,11.948],[92.742,11.948],[92.742,11.948],[92.742,11.949],[92.742,11.95],[92.741,11.95],[92.741,11.951],[92.741,11.951],[92.74,11.951],[92.739,11.952],[92.739,11.951],[92.738,11.951],[92.738,11.951],[92.737,11.951],[92.736,11.951],[92.736,11.952],[92.736,11.952],[92.736,11.953],[92.736,11.954],[92.737,11.955],[92.737,11.955],[92.737,11.956],[92.737,11.956],[92.738,11.957],[92.738,11.957],[92.738,11.958],[92.738,11.959],[92.738,11.959],[92.739,11.96],[92.739,11.96],[92.739,11.961],[92.739,11.961],[92.74,11.961],[92.74,11.962],[92.741,11.962],[92.741,11.962],[92.741,11.962],[92.742,11.962],[92.742,11.962],[92.743,11.962],[92.743,11.963],[92.744,11.963],[92.744,11.963],[92.745,11.963],[92.745,11.963],[92.745,11.962],[92.746,11.962],[92.747,11.962],[92.747,11.962],[92.747,11.962],[92.748,11.962],[92.748,11.963],[92.749,11.963],[92.749,11.963],[92.75,11.964],[92.75,11.964],[92.75,11.964],[92.75,11.965],[92.75,11.965],[92.75,11.966],[92.749,11.966],[92.749,11.966],[92.749,11.967],[92.749,11.968],[92.75,11.968],[92.75,11.968],[92.75,11.968]]],[[[92.596,11.976],[92.606,11.937],[92.589,11.974],[92.596,11.976]]],[[[92.583,11.976],[92.582,11.976],[92.582,11.976],[92.582,11.976],[92.581,11.977],[92.581,11.977],[92.581,11.978],[92.581,11.979],[92.581,11.979],[92.582,11.98],[92.582,11.981],[92.582,11.981],[92.582,11.981],[92.583,11.982],[92.583,11.982],[92.584,11.983],[92.584,11.983],[92.584,11.982],[92.584,11.982],[92.585,11.981],[92.585,11.981],[92.585,11.98],[92.585,11.98],[92.585,11.979],[92.585,11.979],[92.585,11.978],[92.585,11.978],[92.585,11.977],[92.585,11.977],[92.584,11.977],[92.584,11.976],[92.583,11.976],[92.583,11.976]]],[[[92.776,12.018],[92.776,12.017],[92.777,12.017],[92.777,12.016],[92.777,12.016],[92.776,12.016],[92.776,12.015],[92.776,12.015],[92.775,12.014],[92.775,12.014],[92.775,12.013],[92.775,12.013],[92.774,12.013],[92.774,12.013],[92.773,12.013],[92.772,12.013],[92.772,12.014],[92.771,12.014],[92.771,12.014],[92.771,12.015],[92.771,12.015],[92.771,12.016],[92.771,12.016],[92.771,12.017],[92.771,12.017],[92.771,12.018],[92.772,12.018],[92.773,12.017],[92.773,12.017],[92.773,12.017],[92.774,12.017],[92.774,12.018],[92.774,12.018],[92.774,12.018],[92.775,12.019],[92.775,12.019],[92.775,12.018],[92.776,12.018]]],[[[92.97,12.034],[93.009,12.02],[93.016,11.981],[93.037,11.946],[93.05,11.908],[93.011,11.919],[92.981,11.946],[92.961,11.98],[92.953,12.019],[92.97,12.034]]],[[[92.97,12.064],[92.97,12.064],[92.97,12.064],[92.97,12.064],[92.97,12.064],[92.97,12.065],[92.969,12.065],[92.969,12.065],[92.97,12.065],[92.97,12.065],[92.97,12.065],[92.97,12.065],[92.971,12.065],[92.971,12.065],[92.971,12.065],[92.971,12.064],[92.971,12.064],[92.97,12.064],[92.97,12.064],[92.97,12.064]]],[[[92.991,12.109],[93.001,12.069],[92.961,12.076],[92.985,12.109],[92.991,12.109]]],[[[92.994,12.11],[92.993,12.11],[92.992,12.111],[92.992,12.112],[92.993,12.112],[92.994,12.111],[92.994,12.11]]],[[[92.743,12.115],[92.743,12.115],[92.743,12.115],[92.743,12.114],[92.743,12.114],[92.743,12.112],[92.742,12.112],[92.742,12.111],[92.742,12.111],[92.742,12.111],[92.741,12.111],[92.741,12.11],[92.741,12.11],[92.741,12.11],[92.741,12.109],[92.74,12.109],[92.74,12.109],[92.74,12.109],[92.74,12.109],[92.74,12.108],[92.74,12.108],[92.74,12.107],[92.739,12.107],[92.739,12.107],[92.739,12.107],[92.739,12.107],[92.738,12.107],[92.738,12.109],[92.739,12.109],[92.739,12.11],[92.739,12.11],[92.739,12.111],[92.74,12.11],[92.74,12.111],[92.74,12.112],[92.74,12.112],[92.74,12.112],[92.741,12.112],[92.741,12.113],[92.741,12.113],[92.741,12.114],[92.741,12.114],[92.741,12.114],[92.742,12.114],[92.742,12.115],[92.742,12.115],[92.743,12.115]]],[[[92.949,12.116],[92.949,12.115],[92.949,12.115],[92.949,12.114],[92.95,12.114],[92.95,12.114],[92.95,12.113],[92.951,12.113],[92.951,12.113],[92.951,12.113],[92.951,12.112],[92.952,12.112],[92.952,12.112],[92.953,12.112],[92.953,12.111],[92.953,12.111],[92.953,12.11],[92.954,12.11],[92.954,12.109],[92.954,12.109],[92.954,12.108],[92.955,12.107],[92.955,12.107],[92.955,12.107],[92.956,12.106],[92.956,12.106],[92.956,12.106],[92.957,12.105],[92.957,12.105],[92.957,12.104],[92.957,12.103],[92.957,12.103],[92.957,12.103],[92.957,12.102],[92.957,12.102],[92.958,12.101],[92.958,12.1],[92.958,12.1],[92.958,12.099],[92.958,12.098],[92.958,12.098],[92.957,12.097],[92.957,12.097],[92.957,12.096],[92.957,12.096],[92.957,12.095],[92.956,12.095],[92.956,12.095],[92.955,12.094],[92.955,12.094],[92.955,12.094],[92.954,12.094],[92.953,12.092],[92.952,12.092],[92.951,12.091],[92.951,12.091],[92.951,12.091],[92.951,12.089],[92.951,12.088],[92.951,12.088],[92.952,12.087],[92.952,12.087],[92.952,12.087],[92.952,12.086],[92.952,12.086],[92.952,12.086],[92.952,12.085],[92.952,12.084],[92.952,12.084],[92.952,12.084],[92.951,12.084],[92.951,12.085],[92.951,12.085],[92.951,12.085],[92.951,12.086],[92.951,12.086],[92.95,12.087],[92.95,12.087],[92.95,12.088],[92.95,12.088],[92.95,12.088],[92.95,12.091],[92.95,12.092],[92.95,12.092],[92.95,12.093],[92.949,12.093],[92.949,12.094],[92.949,12.094],[92.949,12.095],[92.949,12.095],[92.949,12.096],[92.949,12.096],[92.949,12.097],[92.949,12.097],[92.949,12.097],[92.949,12.098],[92.949,12.098],[92.949,12.099],[92.949,12.099],[92.949,12.1],[92.949,12.101],[92.949,12.101],[92.949,12.102],[92.949,12.102],[92.949,12.103],[92.949,12.103],[92.949,12.104],[92.949,12.104],[92.949,12.105],[92.949,12.105],[92.949,12.105],[92.949,12.106],[92.949,12.106],[92.95,12.107],[92.95,12.107],[92.95,12.108],[92.95,12.111],[92.95,12.111],[92.95,12.112],[92.949,12.112],[92.949,12.113],[92.948,12.114],[92.948,12.116],[92.949,12.116]]],[[[92.629,12.112],[92.628,12.112],[92.628,12.112],[92.628,12.113],[92.628,12.113],[92.628,12.113],[92.628,12.114],[92.629,12.114],[92.629,12.114],[92.629,12.115],[92.629,12.115],[92.629,12.115],[92.629,12.116],[92.63,12.116],[92.63,12.116],[92.63,12.116],[92.63,12.117],[92.63,12.117],[92.63,12.116],[92.63,12.116],[92.63,12.115],[92.63,12.114],[92.63,12.114],[92.63,12.113],[92.63,12.113],[92.63,12.113],[92.629,12.113],[92.629,12.112]]],[[[92.631,12.118],[92.631,12.118],[92.63,12.118],[92.63,12.118],[92.63,12.118],[92.63,12.119],[92.63,12.119],[92.63,12.119],[92.63,12.119],[92.63,12.12],[92.631,12.12],[92.631,12.12],[92.631,12.12],[92.631,12.12],[92.632,12.12],[92.632,12.12],[92.632,12.12],[92.632,12.119],[92.631,12.119],[92.631,12.119],[92.631,12.118],[92.631,12.118],[92.631,12.118]]],[[[93.098,12.137],[93.098,12.137],[93.098,12.137],[93.098,12.137],[93.099,12.137],[93.099,12.136],[93.099,12.136],[93.099,12.136],[93.099,12.136],[93.099,12.135],[93.098,12.135],[93.098,12.135],[93.098,12.134],[93.098,12.134],[93.098,12.134],[93.098,12.134],[93.098,12.134],[93.098,12.134],[93.098,12.134],[93.097,12.134],[93.097,12.134],[93.097,12.134],[93.097,12.134],[93.097,12.134],[93.097,12.135],[93.096,12.135],[93.096,12.137],[93.097,12.137],[93.097,12.137],[93.097,12.137],[93.097,12.137],[93.098,12.137]]],[[[93.121,12.148],[93.121,12.148],[93.12,12.148],[93.12,12.148],[93.12,12.148],[93.12,12.146],[93.12,12.146],[93.12,12.145],[93.119,12.145],[93.119,12.145],[93.12,12.145],[93.12,12.144],[93.119,12.144],[93.119,12.144],[93.118,12.144],[93.118,12.144],[93.119,12.144],[93.119,12.144],[93.119,12.143],[93.12,12.143],[93.12,12.144],[93.12,12.144],[93.12,12.144],[93.12,12.144],[93.121,12.144],[93.121,12.144],[93.12,12.144],[93.121,12.144],[93.121,12.144],[93.121,12.145],[93.122,12.145],[93.122,12.145],[93.122,12.145],[93.122,12.144],[93.122,12.144],[93.122,12.144],[93.122,12.144],[93.122,12.144],[93.122,12.144],[93.122,12.143],[93.121,12.143],[93.121,12.143],[93.122,12.143],[93.122,12.142],[93.121,12.142],[93.121,12.141],[93.122,12.141],[93.122,12.141],[93.122,12.141],[93.122,12.141],[93.122,12.141],[93.122,12.14],[93.123,12.14],[93.123,12.141],[93.124,12.141],[93.124,12.14],[93.123,12.14],[93.123,12.14],[93.123,12.14],[93.123,12.14],[93.123,12.14],[93.123,12.139],[93.122,12.139],[93.122,12.138],[93.122,12.138],[93.122,12.137],[93.121,12.137],[93.121,12.137],[93.121,12.137],[93.121,12.137],[93.12,12.137],[93.12,12.137],[93.12,12.136],[93.12,12.136],[93.12,12.136],[93.12,12.136],[93.12,12.136],[93.119,12.136],[93.119,12.135],[93.119,12.135],[93.119,12.135],[93.118,12.135],[93.118,12.134],[93.119,12.134],[93.119,12.134],[93.118,12.134],[93.118,12.134],[93.118,12.134],[93.118,12.133],[93.117,12.133],[93.117,12.133],[93.117,12.133],[93.117,12.132],[93.117,12.132],[93.117,12.131],[93.116,12.131],[93.116,12.131],[93.116,12.131],[93.116,12.13],[93.116,12.13],[93.115,12.131],[93.115,12.131],[93.115,12.131],[93.114,12.132],[93.114,12.132],[93.115,12.132],[93.115,12.133],[93.114,12.133],[93.114,12.133],[93.114,12.133],[93.114,12.134],[93.114,12.135],[93.113,12.135],[93.113,12.135],[93.113,12.135],[93.113,12.136],[93.112,12.136],[93.112,12.136],[93.113,12.136],[93.113,12.136],[93.112,12.137],[93.112,12.137],[93.112,12.137],[93.112,12.137],[93.112,12.137],[93.112,12.138],[93.112,12.138],[93.112,12.139],[93.111,12.139],[93.111,12.139],[93.111,12.14],[93.111,12.14],[93.111,12.14],[93.11,12.14],[93.11,12.14],[93.11,12.14],[93.11,12.141],[93.11,12.141],[93.11,12.142],[93.11,12.142],[93.11,12.142],[93.109,12.142],[93.109,12.143],[93.109,12.143],[93.109,12.143],[93.109,12.143],[93.109,12.144],[93.109,12.144],[93.11,12.144],[93.11,12.144],[93.111,12.144],[93.111,12.144],[93.112,12.144],[93.112,12.144],[93.113,12.144],[93.113,12.144],[93.113,12.144],[93.113,12.144],[93.114,12.144],[93.114,12.144],[93.115,12.144],[93.115,12.145],[93.115,12.145],[93.115,12.145],[93.116,12.145],[93.116,12.146],[93.116,12.146],[93.116,12.146],[93.116,12.146],[93.116,12.147],[93.117,12.147],[93.117,12.148],[93.117,12.148],[93.117,12.148],[93.118,12.148],[93.117,12.148],[93.119,12.148],[93.119,12.148],[93.12,12.148],[93.12,12.148],[93.12,12.148],[93.12,12.148],[93.12,12.148],[93.121,12.148]]],[[[92.846,12.148],[92.846,12.148],[92.845,12.148],[92.844,12.148],[92.844,12.148],[92.844,12.149],[92.844,12.149],[92.844,12.15],[92.845,12.15],[92.845,12.15],[92.845,12.15],[92.846,12.151],[92.846,12.151],[92.846,12.151],[92.847,12.151],[92.847,12.151],[92.847,12.15],[92.847,12.15],[92.847,12.15],[92.847,12.149],[92.846,12.149],[92.846,12.148],[92.846,12.148],[92.846,12.148]]],[[[93.028,12.157],[93.032,12.116],[93.05,12.081],[93.011,12.071],[93.001,12.11],[92.962,12.123],[93.003,12.117],[93.017,12.155],[93.028,12.157]]],[[[92.759,12.181],[92.759,12.181],[92.761,12.181],[92.761,12.181],[92.761,12.18],[92.762,12.18],[92.762,12.18],[92.762,12.18],[92.762,12.18],[92.763,12.179],[92.764,12.179],[92.764,12.177],[92.763,12.177],[92.763,12.176],[92.763,12.176],[92.763,12.175],[92.763,12.175],[92.763,12.174],[92.762,12.174],[92.762,12.174],[92.762,12.174],[92.762,12.172],[92.762,12.172],[92.762,12.172],[92.761,12.172],[92.761,12.171],[92.761,12.171],[92.761,12.17],[92.761,12.17],[92.761,12.17],[92.76,12.17],[92.76,12.169],[92.76,12.169],[92.76,12.169],[92.76,12.168],[92.76,12.168],[92.76,12.168],[92.759,12.168],[92.759,12.167],[92.759,12.167],[92.759,12.167],[92.759,12.167],[92.759,12.168],[92.759,12.168],[92.759,12.169],[92.759,12.169],[92.759,12.17],[92.759,12.17],[92.76,12.171],[92.759,12.171],[92.759,12.172],[92.759,12.172],[92.76,12.172],[92.759,12.172],[92.759,12.175],[92.759,12.175],[92.759,12.175],[92.759,12.175],[92.759,12.175],[92.759,12.176],[92.759,12.177],[92.76,12.177],[92.759,12.178],[92.759,12.178],[92.759,12.179],[92.758,12.179],[92.758,12.179],[92.758,12.18],[92.757,12.18],[92.757,12.18],[92.756,12.18],[92.756,12.181],[92.757,12.181],[92.758,12.181],[92.758,12.181],[92.759,12.181]]],[[[92.72,12.18],[92.72,12.18],[92.72,12.18],[92.72,12.18],[92.72,12.18],[92.72,12.18],[92.72,12.179],[92.719,12.179],[92.719,12.179],[92.719,12.179],[92.719,12.179],[92.719,12.179],[92.719,12.18],[92.719,12.18],[92.719,12.18],[92.719,12.18],[92.719,12.18],[92.719,12.18],[92.719,12.18],[92.719,12.181],[92.719,12.181],[92.719,12.181],[92.719,12.181],[92.72,12.181],[92.72,12.182],[92.72,12.182],[92.72,12.182],[92.721,12.182],[92.721,12.182],[92.721,12.182],[92.721,12.182],[92.721,12.182],[92.721,12.182],[92.721,12.181],[92.72,12.181],[92.72,12.181],[92.72,12.181],[92.721,12.181],[92.72,12.18]]],[[[92.731,12.188],[92.731,12.187],[92.731,12.187],[92.731,12.187],[92.731,12.186],[92.731,12.186],[92.731,12.186],[92.73,12.185],[92.73,12.184],[92.731,12.185],[92.732,12.184],[92.733,12.182],[92.73,12.182],[92.729,12.182],[92.729,12.184],[92.729,12.185],[92.728,12.185],[92.728,12.185],[92.726,12.185],[92.726,12.185],[92.725,12.186],[92.725,12.186],[92.726,12.186],[92.726,12.187],[92.727,12.187],[92.727,12.187],[92.727,12.187],[92.728,12.188],[92.728,12.188],[92.728,12.188],[92.728,12.189],[92.729,12.189],[92.73,12.189],[92.73,12.189],[92.731,12.189],[92.731,12.189],[92.731,12.189],[92.731,12.189],[92.731,12.188]]],[[[93.069,12.211],[93.09,12.177],[93.093,12.137],[93.088,12.096],[93.051,12.113],[93.042,12.153],[93.056,12.19],[93.069,12.211]]],[[[92.683,12.215],[92.683,12.215],[92.682,12.215],[92.682,12.215],[92.681,12.215],[92.681,12.216],[92.681,12.216],[92.681,12.217],[92.681,12.217],[92.681,12.218],[92.68,12.218],[92.68,12.218],[92.68,12.219],[92.68,12.219],[92.68,12.22],[92.681,12.22],[92.681,12.221],[92.681,12.221],[92.681,12.222],[92.682,12.222],[92.682,12.223],[92.682,12.223],[92.682,12.224],[92.682,12.224],[92.683,12.224],[92.683,12.224],[92.684,12.223],[92.683,12.222],[92.683,12.222],[92.683,12.221],[92.683,12.22],[92.683,12.22],[92.683,12.219],[92.683,12.219],[92.683,12.218],[92.684,12.217],[92.683,12.217],[92.683,12.216],[92.683,12.216],[92.683,12.215],[92.683,12.215]]],[[[93.02,12.225],[93.02,12.225],[93.021,12.225],[93.021,12.225],[93.022,12.225],[93.022,12.224],[93.022,12.224],[93.022,12.224],[93.021,12.223],[93.021,12.223],[93.021,12.223],[93.02,12.223],[93.02,12.223],[93.019,12.223],[93.019,12.223],[93.02,12.223],[93.02,12.224],[93.019,12.224],[93.02,12.224],[93.02,12.225],[93.02,12.225],[93.02,12.225]]],[[[92.939,12.224],[92.939,12.223],[92.94,12.223],[92.94,12.222],[92.94,12.222],[92.941,12.221],[92.941,12.221],[92.941,12.221],[92.941,12.22],[92.941,12.22],[92.941,12.22],[92.941,12.219],[92.942,12.219],[92.942,12.218],[92.942,12.217],[92.941,12.217],[92.941,12.216],[92.941,12.216],[92.941,12.215],[92.941,12.215],[92.94,12.214],[92.94,12.214],[92.94,12.213],[92.939,12.213],[92.939,12.212],[92.939,12.212],[92.938,12.212],[92.938,12.212],[92.937,12.211],[92.937,12.212],[92.937,12.212],[92.936,12.212],[92.936,12.213],[92.936,12.213],[92.936,12.213],[92.935,12.213],[92.935,12.212],[92.936,12.212],[92.935,12.212],[92.935,12.212],[92.935,12.211],[92.935,12.211],[92.935,12.21],[92.935,12.21],[92.935,12.209],[92.935,12.209],[92.935,12.209],[92.935,12.208],[92.935,12.208],[92.935,12.207],[92.935,12.207],[92.936,12.206],[92.936,12.206],[92.936,12.205],[92.936,12.205],[92.936,12.205],[92.936,12.204],[92.936,12.204],[92.936,12.203],[92.936,12.203],[92.936,12.202],[92.936,12.201],[92.936,12.201],[92.936,12.2],[92.935,12.2],[92.935,12.199],[92.935,12.199],[92.935,12.198],[92.935,12.198],[92.934,12.197],[92.934,12.197],[92.933,12.196],[92.933,12.196],[92.933,12.196],[92.933,12.197],[92.933,12.197],[92.933,12.198],[92.933,12.198],[92.933,12.198],[92.933,12.199],[92.933,12.199],[92.933,12.199],[92.933,12.199],[92.933,12.2],[92.933,12.2],[92.933,12.201],[92.933,12.201],[92.933,12.202],[92.933,12.202],[92.933,12.203],[92.932,12.203],[92.932,12.203],[92.932,12.203],[92.931,12.204],[92.931,12.204],[92.931,12.204],[92.93,12.204],[92.93,12.205],[92.929,12.205],[92.929,12.205],[92.929,12.206],[92.928,12.206],[92.928,12.206],[92.927,12.206],[92.926,12.206],[92.926,12.207],[92.926,12.208],[92.925,12.208],[92.925,12.209],[92.925,12.21],[92.925,12.21],[92.925,12.211],[92.925,12.211],[92.925,12.212],[92.925,12.212],[92.926,12.213],[92.926,12.214],[92.926,12.214],[92.926,12.215],[92.926,12.215],[92.926,12.216],[92.926,12.216],[92.926,12.216],[92.926,12.217],[92.926,12.217],[92.927,12.218],[92.927,12.218],[92.927,12.218],[92.927,12.219],[92.927,12.219],[92.927,12.22],[92.927,12.22],[92.927,12.221],[92.927,12.221],[92.927,12.222],[92.928,12.222],[92.928,12.222],[92.928,12.223],[92.929,12.223],[92.93,12.223],[92.93,12.223],[92.931,12.223],[92.931,12.223],[92.931,12.223],[92.932,12.224],[92.932,12.224],[92.933,12.224],[92.933,12.225],[92.934,12.225],[92.935,12.225],[92.935,12.225],[92.935,12.225],[92.935,12.225],[92.936,12.224],[92.936,12.224],[92.936,12.224],[92.937,12.224],[92.937,12.224],[92.937,12.224],[92.937,12.224],[92.937,12.224],[92.937,12.225],[92.938,12.225],[92.939,12.224]]],[[[92.701,12.236],[92.708,12.196],[92.746,12.178],[92.75,12.138],[92.736,12.1],[92.758,12.066],[92.776,12.03],[92.736,12.024],[92.769,11.999],[92.735,11.977],[92.718,11.94],[92.726,11.901],[92.727,11.86],[92.713,11.823],[92.732,11.858],[92.732,11.898],[92.754,11.932],[92.783,11.905],[92.786,11.865],[92.777,11.826],[92.771,11.786],[92.763,11.747],[92.757,11.707],[92.717,11.706],[92.704,11.668],[92.666,11.654],[92.694,11.625],[92.721,11.654],[92.752,11.628],[92.745,11.589],[92.734,11.55],[92.723,11.511],[92.683,11.511],[92.647,11.528],[92.645,11.568],[92.612,11.591],[92.641,11.62],[92.607,11.642],[92.598,11.681],[92.579,11.716],[92.553,11.747],[92.553,11.787],[92.543,11.826],[92.519,11.858],[92.53,11.896],[92.555,11.928],[92.585,11.901],[92.601,11.864],[92.611,11.903],[92.611,11.943],[92.612,11.984],[92.617,12.024],[92.62,12.065],[92.624,12.105],[92.637,12.143],[92.648,12.182],[92.673,12.213],[92.701,12.236]]],[[[92.731,12.242],[92.763,12.218],[92.748,12.181],[92.723,12.212],[92.731,12.242]]],[[[92.881,12.25],[92.881,12.25],[92.881,12.25],[92.882,12.249],[92.882,12.246],[92.881,12.245],[92.88,12.246],[92.88,12.247],[92.88,12.247],[92.88,12.248],[92.88,12.248],[92.879,12.248],[92.879,12.249],[92.88,12.249],[92.88,12.249],[92.88,12.25],[92.88,12.25],[92.88,12.25],[92.881,12.25]]],[[[92.866,12.236],[92.866,12.236],[92.866,12.236],[92.865,12.236],[92.865,12.237],[92.864,12.237],[92.864,12.238],[92.864,12.238],[92.863,12.238],[92.863,12.239],[92.863,12.24],[92.863,12.24],[92.863,12.241],[92.862,12.241],[92.862,12.242],[92.862,12.242],[92.861,12.243],[92.862,12.243],[92.862,12.244],[92.862,12.244],[92.862,12.245],[92.862,12.246],[92.862,12.247],[92.862,12.247],[92.862,12.248],[92.863,12.248],[92.863,12.249],[92.863,12.249],[92.864,12.249],[92.865,12.25],[92.865,12.25],[92.866,12.251],[92.866,12.251],[92.866,12.251],[92.866,12.25],[92.867,12.25],[92.867,12.25],[92.868,12.25],[92.868,12.249],[92.868,12.249],[92.869,12.249],[92.869,12.249],[92.869,12.248],[92.869,12.247],[92.869,12.247],[92.869,12.246],[92.869,12.246],[92.869,12.246],[92.868,12.245],[92.868,12.245],[92.868,12.244],[92.868,12.244],[92.868,12.243],[92.868,12.243],[92.867,12.242],[92.867,12.242],[92.868,12.241],[92.868,12.241],[92.868,12.24],[92.868,12.24],[92.868,12.239],[92.868,12.239],[92.867,12.239],[92.867,12.238],[92.867,12.238],[92.867,12.237],[92.867,12.237],[92.867,12.236],[92.867,12.236],[92.866,12.236]]],[[[92.699,12.245],[92.699,12.245],[92.698,12.245],[92.698,12.245],[92.697,12.245],[92.697,12.246],[92.697,12.246],[92.696,12.246],[92.696,12.247],[92.696,12.247],[92.696,12.248],[92.696,12.248],[92.696,12.249],[92.696,12.25],[92.697,12.25],[92.697,12.251],[92.697,12.251],[92.698,12.251],[92.698,12.251],[92.698,12.25],[92.699,12.25],[92.699,12.25],[92.699,12.249],[92.699,12.249],[92.699,12.248],[92.699,12.248],[92.7,12.247],[92.7,12.247],[92.7,12.246],[92.7,12.246],[92.699,12.245],[92.699,12.245]]],[[[92.902,12.256],[92.883,12.22],[92.9,12.256],[92.902,12.256]]],[[[93.078,12.262],[93.101,12.229],[93.071,12.256],[93.078,12.262]]],[[[92.901,12.262],[92.901,12.259],[92.901,12.259],[92.9,12.259],[92.9,12.259],[92.9,12.26],[92.899,12.26],[92.899,12.261],[92.9,12.261],[92.9,12.262],[92.9,12.262],[92.9,12.262],[92.901,12.262],[92.901,12.262]]],[[[92.738,12.271],[92.737,12.271],[92.737,12.271],[92.737,12.27],[92.737,12.27],[92.737,12.27],[92.736,12.27],[92.736,12.269],[92.735,12.269],[92.735,12.27],[92.735,12.27],[92.735,12.271],[92.736,12.271],[92.736,12.271],[92.736,12.272],[92.736,12.272],[92.736,12.272],[92.737,12.272],[92.737,12.274],[92.738,12.275],[92.738,12.275],[92.738,12.276],[92.738,12.276],[92.738,12.275],[92.739,12.275],[92.739,12.275],[92.739,12.275],[92.739,12.274],[92.739,12.273],[92.738,12.273],[92.738,12.272],[92.738,12.272],[92.738,12.271],[92.738,12.271]]],[[[93.03,12.28],[93.03,12.28],[93.03,12.28],[93.03,12.279],[93.03,12.278],[93.03,12.278],[93.03,12.277],[93.03,12.277],[93.029,12.277],[93.029,12.277],[93.029,12.277],[93.029,12.276],[93.029,12.276],[93.029,12.276],[93.029,12.275],[93.028,12.275],[93.028,12.275],[93.028,12.274],[93.027,12.274],[93.027,12.274],[93.027,12.273],[93.026,12.273],[93.026,12.273],[93.026,12.273],[93.025,12.274],[93.025,12.274],[93.025,12.274],[93.025,12.274],[93.024,12.274],[93.024,12.274],[93.024,12.274],[93.023,12.274],[93.023,12.274],[93.022,12.275],[93.022,12.275],[93.022,12.275],[93.022,12.275],[93.022,12.275],[93.022,12.276],[93.023,12.276],[93.023,12.276],[93.023,12.277],[93.024,12.277],[93.024,12.277],[93.024,12.278],[93.024,12.278],[93.024,12.278],[93.025,12.278],[93.025,12.278],[93.025,12.278],[93.026,12.278],[93.026,12.278],[93.026,12.278],[93.026,12.279],[93.027,12.279],[93.027,12.279],[93.028,12.279],[93.028,12.28],[93.028,12.28],[93.028,12.28],[93.029,12.28],[93.029,12.28],[93.03,12.28]]],[[[92.75,12.288],[92.736,12.249],[92.748,12.288],[92.75,12.288]]],[[[92.737,12.285],[92.737,12.285],[92.737,12.282],[92.736,12.282],[92.736,12.282],[92.736,12.282],[92.736,12.282],[92.736,12.283],[92.736,12.283],[92.736,12.284],[92.736,12.284],[92.736,12.284],[92.736,12.285],[92.736,12.285],[92.736,12.287],[92.735,12.287],[92.735,12.289],[92.736,12.289],[92.736,12.289],[92.736,12.29],[92.737,12.29],[92.737,12.291],[92.737,12.291],[92.737,12.291],[92.737,12.291],[92.737,12.292],[92.738,12.292],[92.738,12.292],[92.738,12.292],[92.738,12.292],[92.738,12.289],[92.738,12.289],[92.738,12.288],[92.737,12.288],[92.737,12.286],[92.737,12.286],[92.737,12.285]]],[[[92.767,12.27],[92.767,12.27],[92.766,12.27],[92.766,12.269],[92.766,12.269],[92.766,12.268],[92.766,12.268],[92.766,12.268],[92.765,12.267],[92.765,12.267],[92.765,12.267],[92.765,12.266],[92.764,12.266],[92.764,12.266],[92.763,12.266],[92.763,12.266],[92.763,12.267],[92.763,12.267],[92.762,12.268],[92.762,12.268],[92.762,12.269],[92.762,12.269],[92.762,12.27],[92.762,12.27],[92.762,12.27],[92.761,12.27],[92.761,12.27],[92.761,12.27],[92.76,12.269],[92.76,12.269],[92.759,12.269],[92.759,12.27],[92.759,12.27],[92.758,12.27],[92.758,12.271],[92.758,12.271],[92.758,12.272],[92.757,12.272],[92.757,12.272],[92.756,12.273],[92.756,12.273],[92.755,12.274],[92.755,12.274],[92.755,12.275],[92.754,12.275],[92.754,12.276],[92.754,12.276],[92.753,12.277],[92.753,12.277],[92.753,12.278],[92.753,12.278],[92.753,12.278],[92.753,12.279],[92.754,12.279],[92.754,12.279],[92.754,12.28],[92.754,12.28],[92.754,12.281],[92.754,12.281],[92.754,12.282],[92.754,12.282],[92.755,12.283],[92.755,12.283],[92.755,12.283],[92.755,12.284],[92.756,12.284],[92.756,12.284],[92.756,12.284],[92.757,12.285],[92.757,12.285],[92.757,12.285],[92.757,12.285],[92.757,12.286],[92.758,12.286],[92.758,12.286],[92.758,12.286],[92.758,12.287],[92.758,12.287],[92.759,12.287],[92.759,12.288],[92.759,12.288],[92.759,12.289],[92.759,12.289],[92.759,12.29],[92.76,12.29],[92.76,12.29],[92.76,12.291],[92.76,12.292],[92.761,12.292],[92.761,12.293],[92.762,12.294],[92.762,12.294],[92.763,12.294],[92.763,12.294],[92.764,12.294],[92.764,12.294],[92.765,12.293],[92.765,12.293],[92.765,12.293],[92.766,12.292],[92.766,12.292],[92.765,12.291],[92.765,12.291],[92.765,12.291],[92.765,12.29],[92.765,12.29],[92.765,12.289],[92.765,12.289],[92.765,12.289],[92.765,12.288],[92.765,12.288],[92.766,12.288],[92.766,12.287],[92.766,12.287],[92.767,12.287],[92.767,12.286],[92.767,12.286],[92.767,12.286],[92.768,12.286],[92.768,12.285],[92.768,12.285],[92.768,12.285],[92.768,12.284],[92.768,12.284],[92.768,12.283],[92.768,12.283],[92.768,12.282],[92.768,12.282],[92.768,12.281],[92.767,12.281],[92.767,12.28],[92.767,12.28],[92.767,12.279],[92.767,12.279],[92.767,12.279],[92.767,12.278],[92.768,12.278],[92.768,12.277],[92.768,12.277],[92.768,12.276],[92.768,12.276],[92.768,12.276],[92.768,12.275],[92.768,12.275],[92.768,12.274],[92.768,12.274],[92.767,12.273],[92.767,12.272],[92.767,12.272],[92.767,12.271],[92.767,12.271],[92.767,12.27]]],[[[92.754,12.295],[92.755,12.294],[92.755,12.294],[92.755,12.294],[92.753,12.292],[92.753,12.292],[92.753,12.292],[92.752,12.293],[92.753,12.293],[92.753,12.293],[92.753,12.294],[92.753,12.294],[92.753,12.295],[92.754,12.295]]],[[[92.771,12.295],[92.771,12.294],[92.771,12.294],[92.771,12.293],[92.771,12.292],[92.771,12.291],[92.77,12.291],[92.77,12.29],[92.77,12.29],[92.769,12.289],[92.769,12.289],[92.769,12.289],[92.768,12.289],[92.768,12.289],[92.768,12.289],[92.767,12.289],[92.767,12.29],[92.767,12.29],[92.767,12.29],[92.768,12.291],[92.768,12.291],[92.768,12.291],[92.768,12.292],[92.768,12.292],[92.768,12.293],[92.769,12.293],[92.77,12.294],[92.77,12.294],[92.77,12.294],[92.77,12.295],[92.77,12.295],[92.77,12.295],[92.771,12.295]]],[[[92.878,12.294],[92.878,12.294],[92.877,12.294],[92.877,12.294],[92.877,12.295],[92.877,12.295],[92.877,12.296],[92.877,12.296],[92.878,12.297],[92.879,12.297],[92.879,12.298],[92.88,12.298],[92.88,12.298],[92.881,12.297],[92.881,12.297],[92.881,12.296],[92.881,12.295],[92.88,12.295],[92.88,12.295],[92.879,12.294],[92.878,12.294],[92.878,12.294]]],[[[92.711,12.296],[92.717,12.256],[92.704,12.294],[92.711,12.296]]],[[[92.766,12.299],[92.766,12.299],[92.766,12.299],[92.766,12.298],[92.766,12.298],[92.766,12.297],[92.765,12.297],[92.765,12.297],[92.765,12.297],[92.764,12.297],[92.764,12.297],[92.763,12.297],[92.763,12.298],[92.764,12.298],[92.764,12.298],[92.764,12.299],[92.765,12.299],[92.765,12.299],[92.766,12.299]]],[[[92.941,12.281],[92.929,12.242],[92.901,12.271],[92.93,12.299],[92.941,12.281]]],[[[92.777,12.31],[92.817,12.31],[92.857,12.305],[92.882,12.274],[92.861,12.24],[92.877,12.203],[92.854,12.17],[92.82,12.148],[92.813,12.108],[92.784,12.079],[92.744,12.076],[92.746,12.116],[92.758,12.154],[92.767,12.194],[92.769,12.234],[92.75,12.269],[92.776,12.299],[92.777,12.31]]],[[[93.073,12.319],[93.073,12.318],[93.073,12.318],[93.073,12.318],[93.073,12.318],[93.074,12.317],[93.074,12.317],[93.074,12.317],[93.074,12.316],[93.073,12.316],[93.074,12.316],[93.073,12.315],[93.073,12.315],[93.072,12.316],[93.072,12.316],[93.072,12.316],[93.071,12.316],[93.071,12.316],[93.07,12.316],[93.07,12.316],[93.07,12.316],[93.07,12.316],[93.069,12.316],[93.068,12.316],[93.068,12.316],[93.068,12.316],[93.067,12.316],[93.067,12.316],[93.066,12.316],[93.066,12.316],[93.066,12.316],[93.066,12.316],[93.065,12.316],[93.065,12.316],[93.065,12.316],[93.065,12.316],[93.064,12.316],[93.064,12.316],[93.063,12.316],[93.063,12.316],[93.063,12.316],[93.063,12.316],[93.063,12.317],[93.064,12.317],[93.064,12.317],[93.064,12.317],[93.064,12.317],[93.065,12.317],[93.065,12.317],[93.065,12.317],[93.066,12.317],[93.066,12.318],[93.067,12.318],[93.067,12.318],[93.067,12.319],[93.068,12.319],[93.068,12.319],[93.069,12.319],[93.069,12.319],[93.069,12.319],[93.069,12.319],[93.07,12.319],[93.071,12.319],[93.071,12.318],[93.071,12.319],[93.071,12.319],[93.072,12.319],[93.072,12.319],[93.072,12.319],[93.073,12.319]]],[[[93.84,12.321],[93.869,12.294],[93.881,12.237],[93.841,12.237],[93.815,12.271],[93.829,12.312],[93.84,12.321]]],[[[92.913,12.332],[92.912,12.332],[92.912,12.332],[92.912,12.332],[92.911,12.333],[92.911,12.333],[92.911,12.333],[92.911,12.335],[92.911,12.335],[92.911,12.335],[92.912,12.335],[92.912,12.335],[92.913,12.334],[92.913,12.334],[92.913,12.334],[92.913,12.334],[92.914,12.333],[92.914,12.333],[92.913,12.332],[92.913,12.332],[92.913,12.332]]],[[[92.906,12.339],[92.906,12.338],[92.905,12.338],[92.905,12.339],[92.905,12.339],[92.905,12.34],[92.905,12.341],[92.905,12.341],[92.906,12.341],[92.906,12.341],[92.906,12.34],[92.907,12.34],[92.907,12.339],[92.906,12.339],[92.906,12.339]]],[[[92.912,12.338],[92.911,12.338],[92.911,12.338],[92.91,12.338],[92.91,12.338],[92.91,12.339],[92.91,12.339],[92.91,12.339],[92.909,12.34],[92.909,12.34],[92.909,12.341],[92.909,12.341],[92.908,12.341],[92.908,12.341],[92.909,12.342],[92.909,12.342],[92.909,12.343],[92.91,12.343],[92.91,12.343],[92.91,12.344],[92.91,12.344],[92.91,12.345],[92.91,12.345],[92.91,12.345],[92.91,12.346],[92.91,12.346],[92.91,12.346],[92.91,12.347],[92.909,12.347],[92.909,12.348],[92.909,12.348],[92.91,12.349],[92.91,12.349],[92.91,12.35],[92.91,12.35],[92.91,12.35],[92.91,12.351],[92.911,12.351],[92.911,12.351],[92.911,12.352],[92.911,12.352],[92.911,12.352],[92.912,12.353],[92.912,12.353],[92.912,12.354],[92.913,12.354],[92.913,12.354],[92.913,12.355],[92.914,12.355],[92.914,12.355],[92.915,12.355],[92.916,12.355],[92.916,12.355],[92.917,12.355],[92.917,12.355],[92.917,12.354],[92.918,12.354],[92.918,12.354],[92.918,12.353],[92.919,12.353],[92.919,12.352],[92.919,12.352],[92.919,12.351],[92.919,12.351],[92.919,12.35],[92.919,12.35],[92.918,12.349],[92.918,12.349],[92.918,12.349],[92.918,12.348],[92.917,12.348],[92.917,12.347],[92.917,12.347],[92.916,12.346],[92.916,12.346],[92.916,12.345],[92.916,12.345],[92.915,12.344],[92.915,12.344],[92.915,12.344],[92.914,12.343],[92.914,12.343],[92.914,12.342],[92.914,12.342],[92.913,12.342],[92.913,12.341],[92.913,12.341],[92.912,12.341],[92.912,12.341],[92.912,12.34],[92.912,12.34],[92.912,12.339],[92.912,12.338],[92.912,12.338]]],[[[92.897,12.392],[92.897,12.392],[92.896,12.392],[92.896,12.392],[92.895,12.393],[92.896,12.393],[92.896,12.394],[92.896,12.394],[92.896,12.395],[92.896,12.395],[92.897,12.395],[92.897,12.395],[92.898,12.394],[92.898,12.394],[92.898,12.393],[92.897,12.392],[92.897,12.392]]],[[[92.853,12.409],[92.892,12.4],[92.853,12.391],[92.853,12.409]]],[[[92.899,12.408],[92.899,12.408],[92.899,12.408],[92.897,12.409],[92.897,12.411],[92.898,12.411],[92.899,12.411],[92.899,12.408],[92.899,12.408]]],[[[92.889,12.413],[92.889,12.413],[92.889,12.413],[92.889,12.413],[92.888,12.413],[92.888,12.413],[92.888,12.414],[92.889,12.414],[92.889,12.414],[92.889,12.414],[92.889,12.414],[92.889,12.414],[92.889,12.413]]],[[[92.866,12.421],[92.866,12.421],[92.868,12.421],[92.868,12.42],[92.868,12.42],[92.869,12.42],[92.869,12.416],[92.869,12.416],[92.869,12.414],[92.868,12.414],[92.868,12.413],[92.868,12.413],[92.868,12.413],[92.867,12.413],[92.866,12.413],[92.866,12.412],[92.865,12.412],[92.865,12.413],[92.862,12.413],[92.862,12.413],[92.862,12.413],[92.862,12.413],[92.861,12.413],[92.861,12.414],[92.86,12.414],[92.859,12.415],[92.859,12.417],[92.86,12.417],[92.86,12.417],[92.86,12.418],[92.861,12.418],[92.861,12.418],[92.861,12.418],[92.861,12.419],[92.862,12.419],[92.862,12.419],[92.863,12.419],[92.864,12.42],[92.864,12.42],[92.864,12.42],[92.865,12.42],[92.865,12.421],[92.865,12.421],[92.865,12.421],[92.866,12.421]]],[[[92.903,12.42],[92.903,12.42],[92.902,12.42],[92.902,12.42],[92.902,12.421],[92.901,12.421],[92.9,12.421],[92.9,12.421],[92.9,12.421],[92.899,12.422],[92.899,12.423],[92.9,12.423],[92.9,12.424],[92.9,12.424],[92.9,12.425],[92.9,12.425],[92.9,12.426],[92.9,12.426],[92.901,12.426],[92.902,12.426],[92.902,12.426],[92.903,12.425],[92.903,12.425],[92.903,12.425],[92.904,12.424],[92.904,12.424],[92.905,12.423],[92.905,12.423],[92.905,12.422],[92.904,12.422],[92.904,12.422],[92.904,12.421],[92.904,12.421],[92.903,12.42],[92.903,12.42]]],[[[92.832,12.427],[92.833,12.427],[92.834,12.427],[92.834,12.426],[92.835,12.426],[92.835,12.426],[92.835,12.426],[92.836,12.426],[92.836,12.426],[92.837,12.426],[92.837,12.426],[92.838,12.425],[92.838,12.425],[92.841,12.423],[92.841,12.422],[92.841,12.422],[92.842,12.421],[92.842,12.421],[92.842,12.421],[92.843,12.421],[92.843,12.42],[92.843,12.42],[92.844,12.42],[92.844,12.419],[92.844,12.419],[92.846,12.418],[92.846,12.417],[92.847,12.417],[92.847,12.416],[92.847,12.416],[92.847,12.416],[92.846,12.415],[92.846,12.415],[92.846,12.415],[92.846,12.415],[92.846,12.414],[92.845,12.414],[92.844,12.415],[92.844,12.415],[92.844,12.415],[92.844,12.415],[92.843,12.415],[92.841,12.415],[92.841,12.415],[92.839,12.415],[92.839,12.415],[92.838,12.415],[92.838,12.416],[92.838,12.416],[92.837,12.416],[92.837,12.416],[92.836,12.416],[92.836,12.416],[92.835,12.417],[92.835,12.417],[92.835,12.417],[92.834,12.417],[92.834,12.417],[92.834,12.417],[92.833,12.418],[92.831,12.42],[92.831,12.42],[92.83,12.421],[92.83,12.421],[92.83,12.422],[92.83,12.422],[92.829,12.422],[92.829,12.423],[92.829,12.423],[92.829,12.424],[92.829,12.424],[92.829,12.425],[92.83,12.425],[92.83,12.426],[92.831,12.426],[92.831,12.427],[92.831,12.427],[92.832,12.427]]],[[[92.955,12.415],[92.938,12.378],[92.932,12.418],[92.955,12.415]]],[[[92.875,12.445],[92.875,12.445],[92.876,12.445],[92.876,12.445],[92.876,12.444],[92.875,12.444],[92.875,12.444],[92.874,12.445],[92.874,12.445],[92.875,12.445],[92.875,12.445],[92.875,12.445]]],[[[92.679,12.541],[92.68,12.541],[92.68,12.541],[92.681,12.541],[92.681,12.541],[92.682,12.541],[92.682,12.541],[92.682,12.541],[92.683,12.541],[92.683,12.541],[92.683,12.54],[92.684,12.54],[92.684,12.54],[92.685,12.539],[92.685,12.539],[92.684,12.538],[92.684,12.538],[92.684,12.537],[92.684,12.537],[92.684,12.537],[92.683,12.536],[92.683,12.536],[92.683,12.535],[92.683,12.535],[92.683,12.535],[92.683,12.534],[92.683,12.534],[92.682,12.534],[92.682,12.533],[92.682,12.533],[92.682,12.533],[92.682,12.532],[92.681,12.532],[92.681,12.531],[92.681,12.531],[92.681,12.53],[92.681,12.53],[92.681,12.529],[92.68,12.529],[92.68,12.528],[92.68,12.528],[92.68,12.527],[92.68,12.527],[92.68,12.527],[92.68,12.527],[92.679,12.526],[92.679,12.526],[92.679,12.525],[92.679,12.525],[92.679,12.524],[92.679,12.524],[92.679,12.524],[92.679,12.523],[92.679,12.523],[92.679,12.523],[92.679,12.522],[92.678,12.522],[92.678,12.522],[92.678,12.522],[92.677,12.523],[92.677,12.523],[92.676,12.523],[92.676,12.524],[92.675,12.524],[92.675,12.524],[92.674,12.525],[92.674,12.525],[92.674,12.525],[92.674,12.525],[92.673,12.526],[92.673,12.526],[92.673,12.526],[92.672,12.527],[92.672,12.527],[92.672,12.528],[92.671,12.528],[92.671,12.528],[92.671,12.529],[92.67,12.529],[92.67,12.529],[92.67,12.53],[92.67,12.53],[92.669,12.531],[92.669,12.531],[92.669,12.532],[92.669,12.532],[92.669,12.533],[92.669,12.533],[92.669,12.534],[92.669,12.534],[92.669,12.535],[92.669,12.535],[92.669,12.536],[92.669,12.536],[92.669,12.537],[92.67,12.537],[92.67,12.538],[92.67,12.538],[92.671,12.539],[92.671,12.539],[92.671,12.539],[92.671,12.54],[92.671,12.54],[92.671,12.54],[92.672,12.541],[92.672,12.541],[92.672,12.541],[92.673,12.542],[92.673,12.542],[92.674,12.542],[92.675,12.542],[92.675,12.542],[92.676,12.542],[92.677,12.542],[92.677,12.542],[92.677,12.542],[92.678,12.541],[92.678,12.541],[92.679,12.541],[92.679,12.541],[92.679,12.541]]],[[[92.702,12.638],[92.702,12.638],[92.702,12.638],[92.701,12.639],[92.701,12.639],[92.701,12.64],[92.701,12.64],[92.702,12.641],[92.702,12.641],[92.703,12.641],[92.703,12.64],[92.703,12.639],[92.703,12.639],[92.703,12.638],[92.703,12.638],[92.702,12.638]]],[[[92.731,12.703],[92.731,12.703],[92.731,12.703],[92.731,12.703],[92.731,12.703],[92.731,12.705],[92.731,12.705],[92.732,12.704],[92.732,12.704],[92.732,12.704],[92.732,12.703],[92.733,12.703],[92.733,12.703],[92.731,12.703]]],[[[92.724,12.737],[92.724,12.736],[92.726,12.736],[92.726,12.736],[92.727,12.736],[92.727,12.735],[92.728,12.735],[92.728,12.734],[92.728,12.733],[92.728,12.733],[92.729,12.733],[92.729,12.732],[92.729,12.731],[92.729,12.731],[92.73,12.731],[92.73,12.729],[92.729,12.729],[92.729,12.728],[92.729,12.728],[92.728,12.728],[92.728,12.727],[92.728,12.727],[92.727,12.727],[92.727,12.727],[92.727,12.727],[92.727,12.728],[92.726,12.728],[92.726,12.73],[92.726,12.73],[92.726,12.731],[92.726,12.731],[92.726,12.732],[92.725,12.732],[92.725,12.733],[92.725,12.733],[92.726,12.733],[92.726,12.733],[92.725,12.733],[92.725,12.733],[92.725,12.733],[92.725,12.734],[92.725,12.734],[92.725,12.734],[92.724,12.734],[92.724,12.735],[92.723,12.735],[92.723,12.736],[92.723,12.736],[92.724,12.737],[92.724,12.737]]],[[[92.727,12.751],[92.727,12.751],[92.726,12.751],[92.726,12.752],[92.726,12.752],[92.726,12.752],[92.725,12.752],[92.725,12.753],[92.725,12.753],[92.725,12.754],[92.725,12.754],[92.726,12.754],[92.726,12.754],[92.726,12.754],[92.727,12.753],[92.727,12.753],[92.727,12.753],[92.727,12.752],[92.727,12.752],[92.727,12.751],[92.727,12.751]]],[[[92.656,12.769],[92.656,12.769],[92.655,12.769],[92.655,12.769],[92.655,12.77],[92.654,12.771],[92.654,12.771],[92.655,12.772],[92.655,12.773],[92.655,12.773],[92.656,12.774],[92.656,12.774],[92.657,12.774],[92.657,12.774],[92.658,12.773],[92.657,12.773],[92.657,12.772],[92.657,12.772],[92.656,12.771],[92.656,12.771],[92.657,12.77],[92.656,12.769],[92.656,12.769]]],[[[92.717,12.775],[92.716,12.775],[92.716,12.775],[92.716,12.776],[92.716,12.777],[92.716,12.777],[92.716,12.777],[92.717,12.777],[92.718,12.776],[92.718,12.776],[92.717,12.775],[92.717,12.775]]],[[[92.725,12.762],[92.724,12.762],[92.724,12.762],[92.723,12.764],[92.723,12.764],[92.721,12.766],[92.721,12.767],[92.721,12.767],[92.721,12.767],[92.72,12.768],[92.72,12.768],[92.719,12.769],[92.719,12.77],[92.718,12.771],[92.718,12.772],[92.718,12.773],[92.719,12.774],[92.719,12.774],[92.719,12.775],[92.719,12.775],[92.719,12.776],[92.719,12.776],[92.719,12.776],[92.72,12.777],[92.72,12.777],[92.72,12.778],[92.719,12.778],[92.715,12.778],[92.715,12.779],[92.716,12.78],[92.716,12.781],[92.717,12.782],[92.718,12.782],[92.718,12.784],[92.717,12.784],[92.717,12.785],[92.717,12.785],[92.717,12.785],[92.717,12.786],[92.717,12.786],[92.717,12.786],[92.717,12.787],[92.717,12.788],[92.717,12.788],[92.718,12.788],[92.718,12.787],[92.719,12.787],[92.719,12.786],[92.719,12.786],[92.72,12.786],[92.72,12.786],[92.72,12.785],[92.72,12.785],[92.72,12.785],[92.72,12.784],[92.721,12.784],[92.721,12.782],[92.721,12.782],[92.721,12.782],[92.721,12.782],[92.721,12.781],[92.721,12.781],[92.721,12.78],[92.722,12.779],[92.722,12.779],[92.722,12.779],[92.722,12.777],[92.722,12.776],[92.722,12.774],[92.723,12.774],[92.723,12.774],[92.723,12.774],[92.723,12.773],[92.723,12.773],[92.723,12.772],[92.723,12.772],[92.724,12.772],[92.724,12.771],[92.723,12.771],[92.724,12.771],[92.724,12.77],[92.724,12.77],[92.724,12.769],[92.724,12.769],[92.724,12.769],[92.724,12.768],[92.724,12.768],[92.724,12.767],[92.724,12.767],[92.724,12.767],[92.725,12.767],[92.725,12.764],[92.725,12.763],[92.725,12.763],[92.725,12.763],[92.725,12.762],[92.725,12.762],[92.725,12.762]]],[[[92.716,12.797],[92.716,12.797],[92.717,12.797],[92.717,12.796],[92.716,12.796],[92.716,12.795],[92.716,12.795],[92.715,12.795],[92.715,12.796],[92.715,12.796],[92.715,12.797],[92.716,12.797],[92.716,12.797]]],[[[92.717,12.801],[92.717,12.8],[92.717,12.8],[92.717,12.799],[92.717,12.798],[92.716,12.798],[92.716,12.799],[92.716,12.799],[92.716,12.801],[92.716,12.801],[92.716,12.801],[92.717,12.801],[92.717,12.801]]],[[[92.718,12.803],[92.717,12.803],[92.716,12.803],[92.716,12.803],[92.716,12.803],[92.716,12.804],[92.716,12.804],[92.717,12.804],[92.718,12.804],[92.718,12.803]]],[[[92.711,12.829],[92.714,12.789],[92.725,12.75],[92.703,12.784],[92.707,12.824],[92.711,12.829]]],[[[92.728,12.836],[92.728,12.836],[92.728,12.836],[92.728,12.835],[92.727,12.835],[92.727,12.834],[92.727,12.834],[92.727,12.833],[92.726,12.832],[92.725,12.832],[92.725,12.833],[92.725,12.833],[92.725,12.833],[92.725,12.834],[92.725,12.834],[92.725,12.834],[92.725,12.835],[92.725,12.836],[92.726,12.836],[92.726,12.837],[92.726,12.838],[92.727,12.838],[92.728,12.838],[92.728,12.836],[92.728,12.836]]],[[[92.732,12.856],[92.732,12.856],[92.731,12.856],[92.731,12.855],[92.731,12.855],[92.731,12.855],[92.731,12.855],[92.73,12.855],[92.73,12.855],[92.73,12.855],[92.729,12.855],[92.729,12.856],[92.73,12.856],[92.732,12.856]]],[[[92.729,12.864],[92.729,12.863],[92.729,12.863],[92.729,12.863],[92.729,12.863],[92.73,12.863],[92.73,12.863],[92.73,12.862],[92.73,12.861],[92.729,12.86],[92.729,12.86],[92.729,12.859],[92.727,12.858],[92.727,12.857],[92.726,12.856],[92.726,12.856],[92.726,12.855],[92.725,12.855],[92.725,12.854],[92.725,12.854],[92.725,12.853],[92.725,12.853],[92.726,12.852],[92.726,12.851],[92.725,12.851],[92.724,12.85],[92.725,12.85],[92.724,12.849],[92.724,12.848],[92.724,12.848],[92.724,12.848],[92.724,12.847],[92.724,12.847],[92.723,12.847],[92.723,12.847],[92.723,12.846],[92.723,12.846],[92.723,12.846],[92.722,12.845],[92.722,12.845],[92.722,12.843],[92.722,12.843],[92.721,12.842],[92.721,12.842],[92.721,12.841],[92.721,12.84],[92.72,12.839],[92.72,12.838],[92.72,12.838],[92.72,12.837],[92.719,12.837],[92.719,12.837],[92.719,12.837],[92.719,12.836],[92.719,12.836],[92.719,12.836],[92.719,12.836],[92.719,12.835],[92.718,12.835],[92.717,12.834],[92.717,12.834],[92.716,12.833],[92.716,12.833],[92.715,12.833],[92.715,12.833],[92.713,12.833],[92.713,12.834],[92.713,12.834],[92.711,12.834],[92.711,12.834],[92.71,12.834],[92.71,12.834],[92.71,12.835],[92.709,12.835],[92.709,12.835],[92.708,12.836],[92.709,12.837],[92.708,12.837],[92.708,12.837],[92.708,12.838],[92.709,12.839],[92.709,12.839],[92.709,12.839],[92.709,12.84],[92.709,12.84],[92.71,12.84],[92.71,12.841],[92.71,12.841],[92.71,12.841],[92.71,12.841],[92.71,12.842],[92.711,12.842],[92.711,12.842],[92.711,12.842],[92.711,12.843],[92.711,12.843],[92.711,12.843],[92.711,12.844],[92.711,12.844],[92.713,12.844],[92.713,12.844],[92.713,12.843],[92.713,12.843],[92.713,12.844],[92.713,12.844],[92.713,12.845],[92.713,12.845],[92.713,12.846],[92.713,12.847],[92.713,12.847],[92.713,12.848],[92.714,12.849],[92.714,12.85],[92.715,12.851],[92.715,12.852],[92.715,12.853],[92.716,12.853],[92.716,12.853],[92.716,12.854],[92.717,12.854],[92.717,12.856],[92.717,12.856],[92.717,12.856],[92.717,12.858],[92.718,12.858],[92.718,12.857],[92.718,12.857],[92.719,12.857],[92.719,12.858],[92.718,12.858],[92.718,12.858],[92.718,12.859],[92.717,12.859],[92.718,12.859],[92.719,12.859],[92.719,12.859],[92.719,12.859],[92.72,12.859],[92.72,12.859],[92.721,12.86],[92.721,12.86],[92.721,12.861],[92.72,12.861],[92.72,12.861],[92.72,12.862],[92.72,12.862],[92.72,12.863],[92.72,12.863],[92.72,12.864],[92.72,12.864],[92.723,12.864],[92.723,12.864],[92.724,12.864],[92.724,12.864],[92.724,12.864],[92.724,12.864],[92.726,12.865],[92.728,12.865],[92.727,12.865],[92.728,12.865],[92.729,12.864]]],[[[92.779,12.865],[92.778,12.865],[92.778,12.865],[92.778,12.865],[92.778,12.865],[92.777,12.865],[92.777,12.865],[92.777,12.865],[92.776,12.865],[92.776,12.865],[92.776,12.865],[92.776,12.866],[92.776,12.866],[92.776,12.866],[92.776,12.866],[92.777,12.866],[92.777,12.866],[92.777,12.867],[92.777,12.867],[92.777,12.867],[92.778,12.867],[92.778,12.867],[92.778,12.866],[92.778,12.866],[92.779,12.866],[92.779,12.866],[92.779,12.865],[92.779,12.865],[92.779,12.865]]],[[[92.765,12.855],[92.765,12.855],[92.765,12.855],[92.764,12.855],[92.764,12.855],[92.763,12.856],[92.763,12.856],[92.763,12.857],[92.763,12.857],[92.763,12.858],[92.763,12.858],[92.763,12.859],[92.762,12.86],[92.762,12.86],[92.763,12.86],[92.763,12.861],[92.763,12.861],[92.763,12.862],[92.763,12.862],[92.763,12.863],[92.763,12.863],[92.763,12.864],[92.763,12.864],[92.763,12.865],[92.762,12.865],[92.762,12.866],[92.762,12.866],[92.762,12.867],[92.761,12.867],[92.761,12.868],[92.761,12.868],[92.761,12.869],[92.762,12.869],[92.762,12.869],[92.762,12.87],[92.762,12.87],[92.763,12.87],[92.763,12.87],[92.764,12.87],[92.764,12.871],[92.764,12.871],[92.764,12.871],[92.765,12.871],[92.765,12.872],[92.765,12.872],[92.765,12.872],[92.766,12.873],[92.766,12.872],[92.767,12.872],[92.767,12.872],[92.767,12.871],[92.767,12.871],[92.767,12.87],[92.766,12.87],[92.766,12.87],[92.766,12.869],[92.766,12.869],[92.766,12.868],[92.766,12.868],[92.766,12.867],[92.766,12.867],[92.766,12.867],[92.766,12.865],[92.766,12.865],[92.766,12.864],[92.766,12.864],[92.766,12.864],[92.766,12.863],[92.766,12.863],[92.766,12.863],[92.766,12.862],[92.766,12.862],[92.767,12.861],[92.767,12.861],[92.767,12.86],[92.767,12.86],[92.767,12.859],[92.767,12.859],[92.767,12.858],[92.767,12.858],[92.767,12.857],[92.767,12.857],[92.767,12.856],[92.767,12.856],[92.766,12.855],[92.766,12.855],[92.765,12.855]]],[[[92.76,12.878],[92.76,12.878],[92.76,12.878],[92.76,12.878],[92.76,12.877],[92.76,12.877],[92.759,12.877],[92.759,12.876],[92.759,12.876],[92.757,12.876],[92.757,12.878],[92.757,12.878],[92.758,12.878],[92.758,12.878],[92.758,12.878],[92.758,12.878],[92.76,12.878],[92.76,12.878]]],[[[92.786,12.893],[92.786,12.893],[92.786,12.893],[92.787,12.893],[92.787,12.893],[92.787,12.893],[92.788,12.893],[92.788,12.893],[92.788,12.893],[92.789,12.893],[92.789,12.893],[92.79,12.893],[92.79,12.892],[92.791,12.892],[92.791,12.892],[92.792,12.891],[92.792,12.891],[92.792,12.891],[92.791,12.89],[92.791,12.89],[92.791,12.89],[92.791,12.89],[92.791,12.889],[92.791,12.888],[92.791,12.888],[92.791,12.888],[92.79,12.888],[92.79,12.887],[92.79,12.887],[92.79,12.886],[92.791,12.885],[92.791,12.885],[92.79,12.884],[92.79,12.884],[92.789,12.883],[92.789,12.883],[92.788,12.883],[92.787,12.883],[92.787,12.883],[92.787,12.883],[92.786,12.882],[92.786,12.882],[92.786,12.882],[92.786,12.882],[92.785,12.882],[92.785,12.882],[92.785,12.883],[92.784,12.883],[92.784,12.883],[92.784,12.883],[92.784,12.883],[92.783,12.883],[92.782,12.884],[92.782,12.885],[92.782,12.885],[92.782,12.886],[92.782,12.886],[92.782,12.886],[92.783,12.887],[92.783,12.889],[92.782,12.889],[92.782,12.889],[92.782,12.89],[92.782,12.891],[92.782,12.891],[92.782,12.891],[92.782,12.892],[92.782,12.892],[92.783,12.893],[92.783,12.893],[92.783,12.893],[92.784,12.893],[92.784,12.893],[92.784,12.893],[92.784,12.893],[92.786,12.893]]],[[[92.894,12.899],[92.894,12.899],[92.894,12.899],[92.894,12.898],[92.894,12.898],[92.894,12.898],[92.894,12.898],[92.894,12.897],[92.893,12.897],[92.893,12.897],[92.893,12.897],[92.892,12.897],[92.892,12.897],[92.892,12.897],[92.892,12.897],[92.892,12.898],[92.892,12.898],[92.892,12.898],[92.892,12.898],[92.892,12.899],[92.892,12.899],[92.892,12.899],[92.892,12.899],[92.892,12.899],[92.892,12.9],[92.892,12.9],[92.893,12.9],[92.893,12.9],[92.893,12.9],[92.893,12.9],[92.893,12.899],[92.893,12.899],[92.893,12.899],[92.893,12.899],[92.893,12.899],[92.894,12.899],[92.894,12.899],[92.894,12.899],[92.894,12.899]]],[[[92.755,12.913],[92.755,12.912],[92.755,12.912],[92.755,12.911],[92.756,12.911],[92.756,12.911],[92.756,12.911],[92.756,12.91],[92.756,12.91],[92.756,12.909],[92.756,12.909],[92.756,12.909],[92.757,12.909],[92.757,12.908],[92.758,12.908],[92.758,12.905],[92.757,12.905],[92.757,12.903],[92.757,12.903],[92.757,12.9],[92.757,12.898],[92.757,12.898],[92.757,12.894],[92.756,12.894],[92.756,12.893],[92.756,12.893],[92.756,12.891],[92.755,12.891],[92.755,12.891],[92.755,12.89],[92.755,12.89],[92.754,12.89],[92.754,12.889],[92.753,12.889],[92.753,12.889],[92.753,12.889],[92.753,12.89],[92.753,12.89],[92.753,12.891],[92.752,12.891],[92.752,12.891],[92.751,12.891],[92.751,12.89],[92.75,12.89],[92.75,12.891],[92.75,12.891],[92.75,12.891],[92.749,12.891],[92.749,12.892],[92.749,12.892],[92.749,12.893],[92.748,12.893],[92.748,12.893],[92.749,12.893],[92.749,12.895],[92.749,12.895],[92.749,12.896],[92.749,12.896],[92.749,12.897],[92.75,12.897],[92.75,12.897],[92.75,12.897],[92.75,12.897],[92.752,12.897],[92.752,12.895],[92.752,12.895],[92.752,12.894],[92.752,12.894],[92.753,12.894],[92.753,12.893],[92.753,12.893],[92.753,12.893],[92.754,12.893],[92.754,12.893],[92.754,12.893],[92.754,12.894],[92.754,12.894],[92.754,12.895],[92.753,12.895],[92.753,12.896],[92.753,12.896],[92.753,12.896],[92.754,12.896],[92.754,12.896],[92.754,12.897],[92.755,12.897],[92.755,12.898],[92.755,12.898],[92.755,12.898],[92.755,12.898],[92.755,12.901],[92.755,12.901],[92.755,12.901],[92.755,12.901],[92.755,12.901],[92.754,12.901],[92.754,12.9],[92.754,12.9],[92.754,12.901],[92.753,12.901],[92.753,12.902],[92.754,12.902],[92.754,12.903],[92.754,12.903],[92.754,12.905],[92.753,12.905],[92.753,12.905],[92.754,12.905],[92.754,12.908],[92.754,12.909],[92.754,12.909],[92.754,12.909],[92.754,12.911],[92.755,12.911],[92.755,12.912],[92.754,12.912],[92.754,12.913],[92.755,12.913],[92.755,12.913]]],[[[92.865,12.912],[92.864,12.912],[92.864,12.913],[92.863,12.914],[92.863,12.914],[92.864,12.914],[92.865,12.914],[92.865,12.914],[92.865,12.913],[92.865,12.913],[92.865,12.912]]],[[[92.795,12.911],[92.795,12.911],[92.796,12.91],[92.796,12.91],[92.796,12.91],[92.797,12.909],[92.797,12.908],[92.797,12.908],[92.797,12.907],[92.797,12.907],[92.797,12.906],[92.797,12.906],[92.797,12.905],[92.797,12.905],[92.797,12.905],[92.797,12.905],[92.797,12.904],[92.797,12.904],[92.797,12.904],[92.798,12.903],[92.798,12.903],[92.798,12.902],[92.798,12.902],[92.798,12.901],[92.798,12.901],[92.799,12.9],[92.799,12.9],[92.799,12.899],[92.8,12.899],[92.8,12.899],[92.8,12.898],[92.8,12.898],[92.8,12.897],[92.8,12.897],[92.8,12.896],[92.799,12.896],[92.799,12.895],[92.799,12.895],[92.799,12.895],[92.798,12.894],[92.798,12.894],[92.797,12.894],[92.797,12.893],[92.796,12.893],[92.795,12.893],[92.795,12.893],[92.794,12.893],[92.794,12.892],[92.794,12.892],[92.793,12.892],[92.793,12.892],[92.793,12.892],[92.792,12.892],[92.792,12.893],[92.791,12.893],[92.791,12.893],[92.79,12.893],[92.789,12.893],[92.789,12.894],[92.789,12.894],[92.788,12.894],[92.788,12.894],[92.787,12.894],[92.787,12.894],[92.787,12.894],[92.787,12.894],[92.786,12.894],[92.786,12.894],[92.784,12.894],[92.784,12.895],[92.783,12.895],[92.783,12.896],[92.783,12.896],[92.783,12.897],[92.783,12.897],[92.784,12.897],[92.785,12.898],[92.785,12.898],[92.786,12.898],[92.786,12.898],[92.787,12.899],[92.787,12.899],[92.788,12.899],[92.788,12.9],[92.788,12.9],[92.788,12.9],[92.789,12.901],[92.789,12.901],[92.789,12.901],[92.789,12.902],[92.789,12.902],[92.79,12.902],[92.79,12.903],[92.789,12.903],[92.789,12.903],[92.789,12.904],[92.789,12.904],[92.789,12.904],[92.789,12.905],[92.788,12.905],[92.788,12.905],[92.787,12.905],[92.787,12.905],[92.787,12.905],[92.786,12.905],[92.786,12.904],[92.785,12.904],[92.785,12.904],[92.784,12.904],[92.784,12.903],[92.784,12.903],[92.783,12.902],[92.783,12.902],[92.782,12.902],[92.782,12.902],[92.782,12.902],[92.781,12.902],[92.781,12.902],[92.78,12.902],[92.78,12.902],[92.779,12.902],[92.779,12.902],[92.778,12.902],[92.778,12.903],[92.777,12.903],[92.777,12.903],[92.776,12.903],[92.776,12.904],[92.775,12.904],[92.775,12.905],[92.774,12.905],[92.774,12.906],[92.774,12.907],[92.774,12.907],[92.775,12.907],[92.775,12.907],[92.775,12.908],[92.775,12.908],[92.775,12.908],[92.775,12.908],[92.775,12.909],[92.775,12.909],[92.774,12.909],[92.774,12.91],[92.774,12.91],[92.774,12.911],[92.774,12.911],[92.775,12.912],[92.775,12.912],[92.775,12.912],[92.776,12.912],[92.776,12.912],[92.777,12.912],[92.778,12.912],[92.778,12.912],[92.779,12.912],[92.779,12.912],[92.779,12.911],[92.78,12.911],[92.78,12.911],[92.78,12.911],[92.781,12.911],[92.781,12.911],[92.781,12.911],[92.782,12.911],[92.782,12.911],[92.783,12.912],[92.783,12.912],[92.784,12.912],[92.784,12.912],[92.785,12.912],[92.785,12.912],[92.786,12.912],[92.786,12.912],[92.787,12.912],[92.787,12.912],[92.787,12.913],[92.788,12.913],[92.788,12.913],[92.789,12.913],[92.789,12.913],[92.789,12.913],[92.789,12.913],[92.789,12.914],[92.79,12.914],[92.79,12.914],[92.79,12.915],[92.79,12.915],[92.79,12.916],[92.791,12.916],[92.791,12.916],[92.792,12.917],[92.792,12.916],[92.792,12.916],[92.793,12.915],[92.793,12.915],[92.793,12.914],[92.793,12.914],[92.794,12.914],[92.794,12.913],[92.794,12.913],[92.794,12.912],[92.794,12.912],[92.795,12.912],[92.795,12.911]]],[[[92.913,12.917],[92.912,12.916],[92.912,12.914],[92.912,12.914],[92.912,12.914],[92.911,12.914],[92.911,12.913],[92.911,12.913],[92.911,12.913],[92.91,12.913],[92.91,12.913],[92.909,12.913],[92.909,12.914],[92.909,12.914],[92.909,12.914],[92.909,12.914],[92.909,12.915],[92.909,12.915],[92.909,12.915],[92.91,12.915],[92.911,12.915],[92.911,12.916],[92.911,12.916],[92.911,12.916],[92.911,12.916],[92.911,12.917],[92.911,12.917],[92.911,12.917],[92.912,12.918],[92.913,12.918],[92.913,12.917]]],[[[92.768,12.918],[92.768,12.916],[92.768,12.916],[92.768,12.917],[92.767,12.917],[92.767,12.917],[92.767,12.917],[92.767,12.918],[92.768,12.918],[92.768,12.918]]],[[[92.935,12.918],[92.935,12.918],[92.936,12.918],[92.936,12.917],[92.936,12.917],[92.937,12.917],[92.937,12.915],[92.936,12.914],[92.936,12.914],[92.936,12.914],[92.936,12.913],[92.935,12.913],[92.935,12.913],[92.934,12.913],[92.934,12.913],[92.934,12.913],[92.934,12.916],[92.933,12.916],[92.933,12.916],[92.932,12.916],[92.932,12.916],[92.932,12.917],[92.931,12.917],[92.931,12.919],[92.933,12.919],[92.933,12.919],[92.933,12.919],[92.933,12.919],[92.934,12.919],[92.934,12.918],[92.935,12.918]]],[[[92.767,12.925],[92.767,12.924],[92.767,12.924],[92.767,12.923],[92.767,12.923],[92.767,12.923],[92.767,12.923],[92.767,12.922],[92.767,12.922],[92.767,12.921],[92.767,12.921],[92.767,12.92],[92.767,12.92],[92.767,12.919],[92.766,12.919],[92.766,12.919],[92.766,12.919],[92.765,12.918],[92.765,12.918],[92.765,12.917],[92.764,12.917],[92.764,12.918],[92.764,12.918],[92.764,12.919],[92.763,12.919],[92.763,12.919],[92.763,12.92],[92.763,12.921],[92.762,12.921],[92.762,12.922],[92.763,12.922],[92.764,12.923],[92.764,12.923],[92.764,12.923],[92.765,12.924],[92.766,12.924],[92.766,12.924],[92.766,12.925],[92.767,12.925]]],[[[92.899,12.916],[92.925,12.886],[92.939,12.848],[92.953,12.81],[92.934,12.774],[92.963,12.746],[92.981,12.71],[92.963,12.673],[92.958,12.633],[92.957,12.593],[92.971,12.556],[92.968,12.515],[92.941,12.485],[92.929,12.447],[92.915,12.409],[92.888,12.439],[92.853,12.459],[92.835,12.495],[92.85,12.457],[92.885,12.437],[92.847,12.423],[92.809,12.437],[92.838,12.409],[92.857,12.374],[92.89,12.35],[92.87,12.315],[92.832,12.303],[92.793,12.31],[92.755,12.296],[92.717,12.308],[92.701,12.345],[92.699,12.386],[92.699,12.426],[92.701,12.466],[92.701,12.506],[92.702,12.546],[92.705,12.586],[92.712,12.626],[92.737,12.658],[92.775,12.669],[92.78,12.629],[92.786,12.669],[92.786,12.71],[92.77,12.673],[92.733,12.689],[92.74,12.729],[92.726,12.766],[92.721,12.806],[92.744,12.839],[92.781,12.822],[92.77,12.86],[92.795,12.891],[92.835,12.887],[92.875,12.883],[92.895,12.917],[92.899,12.916]]],[[[92.774,12.931],[92.775,12.931],[92.776,12.931],[92.776,12.929],[92.776,12.929],[92.776,12.926],[92.776,12.926],[92.776,12.925],[92.775,12.925],[92.775,12.923],[92.775,12.923],[92.775,12.923],[92.775,12.923],[92.775,12.921],[92.775,12.921],[92.775,12.92],[92.774,12.92],[92.774,12.919],[92.774,12.919],[92.774,12.919],[92.773,12.919],[92.773,12.918],[92.773,12.918],[92.772,12.918],[92.772,12.918],[92.772,12.918],[92.772,12.919],[92.771,12.919],[92.771,12.919],[92.771,12.919],[92.771,12.921],[92.771,12.921],[92.771,12.921],[92.771,12.922],[92.77,12.922],[92.77,12.922],[92.77,12.922],[92.77,12.923],[92.77,12.923],[92.77,12.923],[92.77,12.923],[92.77,12.924],[92.77,12.924],[92.77,12.925],[92.771,12.925],[92.771,12.926],[92.771,12.926],[92.771,12.927],[92.771,12.927],[92.771,12.928],[92.77,12.928],[92.77,12.929],[92.771,12.929],[92.771,12.929],[92.771,12.929],[92.771,12.931],[92.771,12.931],[92.771,12.931],[92.773,12.931],[92.773,12.931],[92.774,12.931]]],[[[92.877,12.932],[92.877,12.932],[92.877,12.931],[92.878,12.931],[92.878,12.931],[92.878,12.931],[92.879,12.931],[92.879,12.931],[92.879,12.931],[92.88,12.931],[92.88,12.931],[92.881,12.93],[92.881,12.93],[92.882,12.93],[92.882,12.93],[92.882,12.93],[92.883,12.93],[92.883,12.93],[92.884,12.93],[92.884,12.93],[92.884,12.93],[92.885,12.929],[92.885,12.929],[92.885,12.928],[92.885,12.928],[92.885,12.927],[92.885,12.927],[92.886,12.926],[92.886,12.926],[92.886,12.925],[92.886,12.925],[92.886,12.924],[92.886,12.924],[92.886,12.923],[92.885,12.923],[92.885,12.923],[92.884,12.923],[92.884,12.922],[92.883,12.922],[92.883,12.922],[92.882,12.922],[92.882,12.922],[92.882,12.921],[92.881,12.921],[92.881,12.921],[92.881,12.921],[92.88,12.921],[92.88,12.922],[92.88,12.922],[92.88,12.923],[92.88,12.923],[92.88,12.924],[92.879,12.924],[92.879,12.925],[92.878,12.925],[92.878,12.925],[92.877,12.926],[92.877,12.926],[92.876,12.927],[92.876,12.927],[92.876,12.927],[92.875,12.927],[92.875,12.926],[92.875,12.926],[92.874,12.926],[92.874,12.925],[92.874,12.925],[92.874,12.925],[92.874,12.924],[92.874,12.924],[92.874,12.924],[92.874,12.923],[92.874,12.923],[92.874,12.922],[92.874,12.922],[92.874,12.921],[92.874,12.921],[92.874,12.92],[92.874,12.92],[92.874,12.919],[92.874,12.918],[92.874,12.918],[92.874,12.917],[92.874,12.917],[92.873,12.916],[92.873,12.916],[92.873,12.916],[92.872,12.916],[92.872,12.916],[92.871,12.916],[92.871,12.916],[92.87,12.916],[92.87,12.916],[92.869,12.917],[92.869,12.917],[92.868,12.917],[92.868,12.917],[92.867,12.917],[92.867,12.917],[92.866,12.917],[92.866,12.917],[92.866,12.917],[92.865,12.917],[92.865,12.917],[92.865,12.918],[92.864,12.918],[92.864,12.918],[92.864,12.919],[92.864,12.919],[92.864,12.92],[92.864,12.92],[92.864,12.92],[92.864,12.921],[92.863,12.921],[92.863,12.921],[92.863,12.922],[92.863,12.922],[92.862,12.922],[92.862,12.923],[92.862,12.923],[92.861,12.924],[92.861,12.924],[92.861,12.925],[92.86,12.925],[92.86,12.925],[92.859,12.926],[92.859,12.926],[92.859,12.927],[92.859,12.927],[92.859,12.928],[92.859,12.928],[92.858,12.929],[92.859,12.93],[92.859,12.93],[92.859,12.931],[92.859,12.931],[92.859,12.931],[92.859,12.932],[92.859,12.932],[92.86,12.932],[92.86,12.933],[92.86,12.933],[92.86,12.933],[92.861,12.934],[92.861,12.934],[92.862,12.934],[92.863,12.934],[92.863,12.933],[92.864,12.933],[92.864,12.933],[92.865,12.933],[92.866,12.933],[92.866,12.933],[92.866,12.933],[92.867,12.933],[92.867,12.933],[92.867,12.933],[92.868,12.933],[92.868,12.932],[92.869,12.932],[92.869,12.932],[92.87,12.932],[92.87,12.932],[92.871,12.932],[92.871,12.932],[92.871,12.933],[92.871,12.933],[92.872,12.933],[92.872,12.934],[92.872,12.934],[92.873,12.934],[92.873,12.934],[92.873,12.934],[92.874,12.934],[92.874,12.934],[92.875,12.934],[92.876,12.934],[92.876,12.934],[92.876,12.933],[92.877,12.933],[92.877,12.933],[92.877,12.932]]],[[[92.766,12.933],[92.766,12.931],[92.766,12.931],[92.766,12.93],[92.766,12.93],[92.766,12.929],[92.766,12.929],[92.766,12.928],[92.766,12.928],[92.765,12.927],[92.765,12.927],[92.765,12.927],[92.765,12.926],[92.764,12.926],[92.764,12.926],[92.763,12.926],[92.763,12.926],[92.762,12.926],[92.762,12.927],[92.762,12.927],[92.762,12.928],[92.761,12.928],[92.761,12.929],[92.761,12.929],[92.761,12.93],[92.761,12.929],[92.761,12.931],[92.761,12.931],[92.761,12.931],[92.761,12.931],[92.762,12.932],[92.761,12.932],[92.761,12.933],[92.761,12.933],[92.762,12.933],[92.762,12.933],[92.762,12.934],[92.762,12.934],[92.762,12.934],[92.762,12.935],[92.763,12.935],[92.764,12.935],[92.764,12.934],[92.764,12.934],[92.765,12.934],[92.765,12.933],[92.765,12.933],[92.766,12.933]]],[[[92.893,12.937],[92.893,12.936],[92.892,12.936],[92.891,12.936],[92.891,12.936],[92.891,12.935],[92.89,12.935],[92.89,12.935],[92.889,12.935],[92.889,12.936],[92.89,12.937],[92.89,12.937],[92.891,12.937],[92.891,12.938],[92.891,12.938],[92.891,12.937],[92.893,12.937]]],[[[92.901,12.941],[92.902,12.941],[92.902,12.941],[92.902,12.94],[92.903,12.94],[92.903,12.94],[92.903,12.94],[92.903,12.939],[92.903,12.939],[92.903,12.939],[92.903,12.938],[92.903,12.938],[92.903,12.939],[92.902,12.939],[92.901,12.94],[92.901,12.941],[92.901,12.941],[92.901,12.941],[92.9,12.941],[92.9,12.941],[92.9,12.942],[92.901,12.942],[92.901,12.941]]],[[[92.672,12.948],[92.67,12.948],[92.67,12.949],[92.672,12.949],[92.673,12.949],[92.673,12.949],[92.672,12.949],[92.672,12.949],[92.672,12.948]]],[[[92.669,12.953],[92.669,12.953],[92.669,12.953],[92.67,12.953],[92.67,12.952],[92.669,12.952],[92.669,12.952],[92.669,12.953],[92.668,12.953],[92.668,12.954],[92.669,12.954],[92.669,12.953]]],[[[92.696,12.992],[92.718,12.959],[92.72,12.918],[92.713,12.878],[92.7,12.84],[92.675,12.808],[92.653,12.841],[92.63,12.881],[92.667,12.896],[92.677,12.936],[92.679,12.976],[92.696,12.992]]],[[[93.007,12.997],[92.98,12.967],[93.007,12.998],[93.007,12.997]]],[[[92.988,12.998],[92.988,12.998],[92.988,12.998],[92.988,12.998],[92.987,12.998],[92.986,13.0],[92.987,13.0],[92.987,13.0],[92.988,13.0],[92.989,13.001],[92.989,13.001],[92.99,13.0],[92.989,13.0],[92.989,12.999],[92.989,12.999],[92.989,12.998],[92.989,12.998],[92.988,12.998]]],[[[92.912,13.002],[92.912,13.002],[92.912,13.003],[92.911,13.004],[92.911,13.005],[92.911,13.005],[92.911,13.005],[92.912,13.005],[92.912,13.005],[92.912,13.004],[92.912,13.004],[92.913,13.003],[92.913,13.003],[92.912,13.003],[92.912,13.002]]],[[[92.95,13.021],[92.949,13.021],[92.949,13.022],[92.948,13.022],[92.948,13.023],[92.948,13.023],[92.948,13.024],[92.947,13.024],[92.947,13.024],[92.947,13.025],[92.945,13.025],[92.945,13.025],[92.946,13.026],[92.947,13.026],[92.947,13.026],[92.947,13.026],[92.949,13.025],[92.949,13.025],[92.949,13.024],[92.95,13.024],[92.949,13.024],[92.949,13.024],[92.95,13.023],[92.95,13.023],[92.95,13.023],[92.95,13.023],[92.95,13.022],[92.95,13.021],[92.95,13.021]]],[[[92.926,13.024],[92.926,13.023],[92.927,13.023],[92.927,13.024],[92.927,13.024],[92.927,13.023],[92.927,13.023],[92.929,13.023],[92.929,13.023],[92.929,13.023],[92.929,13.023],[92.929,13.023],[92.929,13.023],[92.93,13.024],[92.932,13.024],[92.933,13.024],[92.934,13.024],[92.934,13.025],[92.935,13.025],[92.935,13.024],[92.935,13.024],[92.935,13.025],[92.936,13.026],[92.937,13.026],[92.937,13.026],[92.938,13.026],[92.938,13.026],[92.939,13.026],[92.94,13.025],[92.94,13.025],[92.94,13.024],[92.94,13.024],[92.94,13.024],[92.939,13.023],[92.938,13.023],[92.938,13.023],[92.938,13.022],[92.938,13.021],[92.938,13.021],[92.939,13.021],[92.94,13.02],[92.94,13.02],[92.94,13.02],[92.941,13.02],[92.941,13.02],[92.941,13.02],[92.941,13.02],[92.942,13.019],[92.942,13.019],[92.942,13.018],[92.943,13.018],[92.942,13.018],[92.942,13.018],[92.942,13.017],[92.942,13.016],[92.942,13.016],[92.942,13.016],[92.942,13.014],[92.941,13.014],[92.94,13.014],[92.94,13.013],[92.94,13.012],[92.94,13.012],[92.939,13.011],[92.939,13.009],[92.94,13.009],[92.94,13.009],[92.94,13.009],[92.94,13.008],[92.94,13.008],[92.94,13.007],[92.941,13.007],[92.941,13.006],[92.941,13.006],[92.941,13.006],[92.941,13.005],[92.941,13.005],[92.941,13.004],[92.941,13.004],[92.941,13.004],[92.941,13.003],[92.941,13.003],[92.941,13.002],[92.942,13.002],[92.943,13.002],[92.942,13.002],[92.943,13.001],[92.943,13.001],[92.943,13.001],[92.943,13.0],[92.943,12.999],[92.944,12.999],[92.944,12.998],[92.944,12.998],[92.944,12.997],[92.944,12.997],[92.944,12.997],[92.944,12.997],[92.943,12.996],[92.943,12.996],[92.943,12.996],[92.942,12.996],[92.942,12.996],[92.942,12.995],[92.941,12.995],[92.941,12.996],[92.94,12.996],[92.94,12.996],[92.938,12.996],[92.938,12.995],[92.937,12.995],[92.937,12.996],[92.937,12.996],[92.937,12.996],[92.936,12.996],[92.936,12.996],[92.936,12.997],[92.935,12.998],[92.935,12.998],[92.934,12.998],[92.933,12.998],[92.933,12.999],[92.933,12.999],[92.933,13.0],[92.93,13.0],[92.93,12.999],[92.929,12.999],[92.929,12.999],[92.927,12.999],[92.927,13.0],[92.926,12.999],[92.926,13.0],[92.926,13.0],[92.926,13.0],[92.926,13.0],[92.926,13.001],[92.925,13.001],[92.924,13.001],[92.924,13.001],[92.924,13.001],[92.924,13.001],[92.924,13.001],[92.923,13.001],[92.923,13.001],[92.923,13.001],[92.922,13.0],[92.922,13.0],[92.921,13.001],[92.921,13.001],[92.921,13.002],[92.921,13.003],[92.921,13.003],[92.921,13.003],[92.921,13.004],[92.921,13.004],[92.92,13.005],[92.92,13.005],[92.92,13.005],[92.919,13.006],[92.919,13.006],[92.919,13.006],[92.918,13.007],[92.919,13.007],[92.918,13.007],[92.918,13.008],[92.918,13.008],[92.918,13.009],[92.917,13.009],[92.917,13.009],[92.917,13.01],[92.917,13.01],[92.916,13.011],[92.916,13.011],[92.916,13.012],[92.916,13.012],[92.916,13.012],[92.916,13.013],[92.916,13.013],[92.916,13.013],[92.916,13.015],[92.916,13.015],[92.916,13.016],[92.917,13.016],[92.917,13.017],[92.918,13.018],[92.918,13.018],[92.919,13.019],[92.919,13.019],[92.92,13.019],[92.92,13.019],[92.921,13.019],[92.921,13.019],[92.921,13.019],[92.921,13.02],[92.921,13.02],[92.922,13.021],[92.922,13.021],[92.923,13.021],[92.923,13.022],[92.923,13.022],[92.923,13.023],[92.922,13.023],[92.922,13.023],[92.922,13.023],[92.921,13.024],[92.921,13.024],[92.922,13.024],[92.921,13.025],[92.921,13.026],[92.922,13.026],[92.922,13.028],[92.923,13.029],[92.924,13.029],[92.924,13.028],[92.925,13.028],[92.926,13.028],[92.926,13.028],[92.926,13.027],[92.926,13.027],[92.926,13.026],[92.926,13.026],[92.926,13.026],[92.926,13.026],[92.926,13.024],[92.926,13.024]]],[[[92.919,13.04],[92.917,13.04],[92.915,13.042],[92.915,13.042],[92.915,13.042],[92.915,13.043],[92.914,13.043],[92.914,13.044],[92.914,13.044],[92.915,13.045],[92.915,13.045],[92.915,13.046],[92.915,13.046],[92.915,13.046],[92.916,13.047],[92.916,13.048],[92.917,13.047],[92.917,13.047],[92.918,13.047],[92.918,13.046],[92.918,13.046],[92.918,13.046],[92.918,13.045],[92.918,13.044],[92.919,13.044],[92.919,13.044],[92.919,13.044],[92.919,13.042],[92.919,13.042],[92.919,13.041],[92.919,13.041],[92.919,13.041],[92.919,13.04]]],[[[92.934,13.049],[92.933,13.049],[92.933,13.05],[92.933,13.05],[92.932,13.05],[92.932,13.051],[92.932,13.052],[92.932,13.052],[92.932,13.052],[92.932,13.053],[92.932,13.053],[92.933,13.053],[92.934,13.051],[92.934,13.051],[92.934,13.05],[92.934,13.05],[92.934,13.049]]],[[[92.917,13.058],[92.916,13.058],[92.916,13.058],[92.916,13.059],[92.915,13.059],[92.915,13.059],[92.915,13.059],[92.915,13.06],[92.915,13.06],[92.915,13.061],[92.914,13.061],[92.914,13.061],[92.914,13.061],[92.914,13.061],[92.913,13.062],[92.913,13.062],[92.913,13.062],[92.913,13.063],[92.913,13.063],[92.913,13.064],[92.913,13.066],[92.913,13.066],[92.913,13.067],[92.913,13.067],[92.914,13.067],[92.914,13.067],[92.914,13.066],[92.914,13.066],[92.914,13.065],[92.915,13.065],[92.915,13.065],[92.915,13.065],[92.915,13.064],[92.915,13.064],[92.916,13.063],[92.916,13.063],[92.916,13.063],[92.917,13.063],[92.917,13.062],[92.917,13.062],[92.917,13.061],[92.917,13.061],[92.917,13.06],[92.917,13.059],[92.917,13.059],[92.917,13.058],[92.917,13.058],[92.917,13.058],[92.917,13.058]]],[[[92.731,13.096],[92.731,13.096],[92.731,13.096],[92.732,13.095],[92.732,13.094],[92.732,13.094],[92.731,13.093],[92.731,13.093],[92.731,13.093],[92.731,13.093],[92.731,13.092],[92.731,13.092],[92.73,13.092],[92.73,13.092],[92.729,13.09],[92.728,13.09],[92.728,13.091],[92.728,13.091],[92.728,13.092],[92.728,13.093],[92.728,13.093],[92.728,13.093],[92.73,13.095],[92.73,13.095],[92.731,13.096]]],[[[92.719,13.099],[92.72,13.098],[92.721,13.097],[92.721,13.096],[92.721,13.096],[92.721,13.096],[92.721,13.095],[92.72,13.094],[92.72,13.094],[92.719,13.093],[92.718,13.093],[92.717,13.093],[92.716,13.092],[92.715,13.092],[92.714,13.091],[92.714,13.091],[92.713,13.091],[92.713,13.091],[92.712,13.09],[92.712,13.09],[92.711,13.09],[92.711,13.09],[92.71,13.089],[92.71,13.088],[92.709,13.088],[92.709,13.088],[92.708,13.087],[92.708,13.086],[92.708,13.086],[92.707,13.086],[92.707,13.086],[92.707,13.085],[92.707,13.085],[92.707,13.085],[92.707,13.084],[92.705,13.082],[92.705,13.082],[92.705,13.081],[92.705,13.081],[92.704,13.08],[92.704,13.078],[92.704,13.078],[92.704,13.077],[92.704,13.077],[92.704,13.076],[92.705,13.076],[92.705,13.076],[92.705,13.075],[92.705,13.075],[92.706,13.074],[92.706,13.074],[92.706,13.074],[92.706,13.074],[92.707,13.073],[92.707,13.072],[92.707,13.072],[92.707,13.071],[92.707,13.071],[92.707,13.071],[92.706,13.07],[92.705,13.07],[92.704,13.07],[92.704,13.07],[92.704,13.07],[92.703,13.07],[92.702,13.07],[92.702,13.071],[92.702,13.071],[92.702,13.071],[92.701,13.071],[92.7,13.072],[92.7,13.073],[92.7,13.073],[92.7,13.074],[92.7,13.074],[92.7,13.075],[92.699,13.075],[92.699,13.075],[92.699,13.076],[92.699,13.076],[92.699,13.076],[92.699,13.077],[92.699,13.078],[92.699,13.078],[92.699,13.078],[92.699,13.079],[92.699,13.079],[92.699,13.079],[92.699,13.08],[92.699,13.08],[92.698,13.081],[92.698,13.081],[92.698,13.082],[92.698,13.083],[92.698,13.083],[92.698,13.083],[92.698,13.083],[92.698,13.084],[92.697,13.084],[92.697,13.085],[92.697,13.085],[92.697,13.086],[92.697,13.086],[92.697,13.088],[92.696,13.088],[92.696,13.089],[92.696,13.089],[92.696,13.089],[92.696,13.09],[92.696,13.09],[92.696,13.091],[92.696,13.091],[92.696,13.091],[92.696,13.092],[92.696,13.092],[92.696,13.093],[92.696,13.094],[92.696,13.094],[92.696,13.094],[92.696,13.094],[92.696,13.095],[92.696,13.095],[92.697,13.096],[92.697,13.096],[92.699,13.098],[92.699,13.098],[92.7,13.098],[92.701,13.098],[92.702,13.098],[92.702,13.098],[92.702,13.098],[92.702,13.097],[92.703,13.097],[92.703,13.097],[92.704,13.096],[92.704,13.096],[92.705,13.095],[92.706,13.095],[92.706,13.095],[92.708,13.095],[92.709,13.095],[92.709,13.095],[92.71,13.095],[92.71,13.095],[92.711,13.095],[92.712,13.096],[92.712,13.096],[92.713,13.096],[92.713,13.096],[92.714,13.096],[92.714,13.097],[92.715,13.097],[92.715,13.097],[92.716,13.097],[92.716,13.097],[92.717,13.098],[92.717,13.098],[92.717,13.099],[92.718,13.099],[92.718,13.099],[92.719,13.099]]],[[[92.795,13.171],[92.795,13.171],[92.796,13.171],[92.796,13.171],[92.796,13.171],[92.798,13.169],[92.798,13.168],[92.797,13.168],[92.796,13.168],[92.796,13.167],[92.795,13.167],[92.795,13.168],[92.794,13.168],[92.794,13.169],[92.794,13.169],[92.793,13.169],[92.793,13.169],[92.793,13.17],[92.794,13.171],[92.795,13.171]]],[[[93.061,13.221],[93.061,13.221],[93.06,13.221],[93.06,13.221],[93.059,13.222],[93.059,13.222],[93.059,13.222],[93.059,13.224],[93.058,13.224],[93.058,13.225],[93.058,13.225],[93.058,13.225],[93.058,13.226],[93.058,13.227],[93.059,13.227],[93.059,13.227],[93.059,13.226],[93.06,13.226],[93.06,13.225],[93.06,13.225],[93.06,13.225],[93.061,13.224],[93.061,13.223],[93.061,13.223],[93.061,13.222],[93.061,13.222],[93.061,13.221]]],[[[93.017,13.284],[93.016,13.283],[93.015,13.283],[93.015,13.283],[93.015,13.284],[93.014,13.284],[93.014,13.284],[93.014,13.285],[93.015,13.285],[93.015,13.285],[93.015,13.285],[93.016,13.285],[93.017,13.284],[93.017,13.284]]],[[[93.075,13.303],[93.075,13.303],[93.076,13.303],[93.076,13.302],[93.077,13.302],[93.077,13.302],[93.077,13.302],[93.078,13.302],[93.079,13.302],[93.079,13.301],[93.079,13.3],[93.079,13.3],[93.078,13.299],[93.077,13.299],[93.077,13.299],[93.077,13.299],[93.076,13.298],[93.075,13.298],[93.075,13.298],[93.075,13.298],[93.073,13.298],[93.073,13.298],[93.073,13.298],[93.071,13.299],[93.071,13.3],[93.071,13.301],[93.073,13.302],[93.073,13.303],[93.074,13.303],[93.075,13.303]]],[[[93.019,13.33],[93.019,13.329],[93.019,13.329],[93.019,13.329],[93.019,13.329],[93.019,13.329],[93.02,13.329],[93.02,13.329],[93.021,13.329],[93.022,13.329],[93.022,13.329],[93.022,13.329],[93.023,13.329],[93.023,13.329],[93.023,13.329],[93.024,13.329],[93.025,13.328],[93.025,13.328],[93.025,13.328],[93.025,13.327],[93.025,13.326],[93.025,13.326],[93.025,13.326],[93.024,13.326],[93.024,13.326],[93.024,13.326],[93.023,13.326],[93.023,13.326],[93.023,13.326],[93.022,13.326],[93.022,13.326],[93.022,13.326],[93.023,13.326],[93.023,13.325],[93.023,13.325],[93.023,13.325],[93.023,13.325],[93.023,13.324],[93.022,13.324],[93.022,13.324],[93.022,13.324],[93.022,13.324],[93.022,13.323],[93.022,13.323],[93.022,13.323],[93.021,13.322],[93.021,13.322],[93.021,13.321],[93.021,13.321],[93.021,13.32],[93.021,13.319],[93.021,13.318],[93.021,13.318],[93.021,13.317],[93.021,13.317],[93.021,13.317],[93.021,13.317],[93.021,13.318],[93.021,13.318],[93.021,13.317],[93.02,13.317],[93.02,13.317],[93.02,13.317],[93.02,13.317],[93.02,13.316],[93.02,13.316],[93.021,13.316],[93.021,13.315],[93.021,13.315],[93.021,13.315],[93.022,13.314],[93.021,13.314],[93.021,13.314],[93.021,13.314],[93.021,13.315],[93.02,13.315],[93.02,13.315],[93.02,13.314],[93.02,13.314],[93.021,13.314],[93.021,13.313],[93.021,13.313],[93.021,13.313],[93.022,13.313],[93.022,13.312],[93.022,13.312],[93.022,13.312],[93.022,13.311],[93.022,13.311],[93.022,13.31],[93.023,13.31],[93.023,13.31],[93.023,13.309],[93.024,13.309],[93.023,13.309],[93.023,13.308],[93.024,13.308],[93.024,13.307],[93.023,13.306],[93.024,13.305],[93.024,13.305],[93.024,13.305],[93.023,13.305],[93.023,13.304],[93.023,13.304],[93.023,13.304],[93.022,13.303],[93.021,13.303],[93.021,13.304],[93.021,13.304],[93.021,13.305],[93.02,13.305],[93.02,13.305],[93.02,13.306],[93.02,13.306],[93.02,13.306],[93.02,13.306],[93.02,13.307],[93.02,13.307],[93.019,13.307],[93.019,13.307],[93.019,13.308],[93.018,13.308],[93.018,13.308],[93.018,13.308],[93.018,13.308],[93.017,13.308],[93.017,13.308],[93.017,13.309],[93.016,13.309],[93.015,13.309],[93.015,13.309],[93.014,13.309],[93.013,13.309],[93.01,13.311],[93.009,13.311],[93.01,13.312],[93.01,13.317],[93.016,13.316],[93.016,13.316],[93.016,13.317],[93.016,13.317],[93.016,13.318],[93.016,13.318],[93.016,13.318],[93.016,13.319],[93.016,13.32],[93.016,13.32],[93.016,13.32],[93.016,13.321],[93.016,13.321],[93.016,13.321],[93.016,13.322],[93.016,13.322],[93.016,13.323],[93.016,13.324],[93.016,13.324],[93.016,13.325],[93.016,13.325],[93.017,13.325],[93.017,13.326],[93.017,13.326],[93.017,13.327],[93.017,13.328],[93.017,13.328],[93.016,13.328],[93.015,13.33],[93.015,13.33],[93.016,13.332],[93.019,13.33]]],[[[92.968,13.333],[92.967,13.333],[92.967,13.333],[92.967,13.333],[92.967,13.333],[92.967,13.334],[92.967,13.334],[92.966,13.335],[92.966,13.336],[92.966,13.336],[92.966,13.336],[92.967,13.337],[92.967,13.337],[92.967,13.337],[92.967,13.337],[92.968,13.338],[92.969,13.338],[92.97,13.338],[92.97,13.338],[92.969,13.338],[92.969,13.337],[92.969,13.337],[92.969,13.337],[92.969,13.336],[92.968,13.336],[92.968,13.336],[92.968,13.335],[92.968,13.335],[92.968,13.334],[92.968,13.334],[92.968,13.334],[92.968,13.333],[92.968,13.333],[92.968,13.333],[92.968,13.333]]],[[[93.016,13.339],[93.016,13.338],[93.016,13.338],[93.016,13.338],[93.015,13.338],[93.015,13.338],[93.014,13.338],[93.014,13.339],[93.014,13.339],[93.014,13.339],[93.014,13.339],[93.014,13.339],[93.014,13.34],[93.015,13.341],[93.016,13.34],[93.016,13.339],[93.016,13.339]]],[[[93.037,13.341],[93.037,13.341],[93.037,13.341],[93.037,13.342],[93.037,13.342],[93.037,13.343],[93.037,13.343],[93.037,13.343],[93.037,13.344],[93.038,13.344],[93.038,13.344],[93.039,13.343],[93.039,13.342],[93.038,13.342],[93.038,13.341],[93.037,13.341]]],[[[93.077,13.365],[93.077,13.365],[93.078,13.365],[93.078,13.365],[93.078,13.364],[93.079,13.364],[93.079,13.364],[93.078,13.364],[93.078,13.364],[93.078,13.364],[93.078,13.363],[93.078,13.363],[93.078,13.363],[93.078,13.363],[93.077,13.364],[93.077,13.363],[93.076,13.364],[93.076,13.364],[93.076,13.364],[93.075,13.364],[93.074,13.364],[93.074,13.364],[93.074,13.365],[93.074,13.365],[93.074,13.365],[93.074,13.366],[93.074,13.366],[93.075,13.366],[93.075,13.366],[93.075,13.366],[93.075,13.367],[93.076,13.367],[93.076,13.367],[93.076,13.367],[93.076,13.366],[93.076,13.366],[93.076,13.366],[93.077,13.365],[93.077,13.365],[93.077,13.365]]],[[[93.083,13.367],[93.082,13.367],[93.082,13.367],[93.081,13.368],[93.081,13.369],[93.081,13.369],[93.081,13.369],[93.082,13.37],[93.082,13.37],[93.083,13.369],[93.083,13.369],[93.084,13.368],[93.084,13.368],[93.083,13.367],[93.083,13.367],[93.083,13.367]]],[[[93.062,13.383],[93.062,13.383],[93.062,13.383],[93.062,13.383],[93.062,13.384],[93.061,13.384],[93.061,13.384],[93.062,13.384],[93.062,13.385],[93.062,13.385],[93.062,13.386],[93.062,13.386],[93.063,13.386],[93.063,13.386],[93.063,13.387],[93.063,13.387],[93.063,13.387],[93.064,13.387],[93.064,13.386],[93.064,13.386],[93.064,13.385],[93.064,13.385],[93.064,13.385],[93.063,13.385],[93.063,13.384],[93.062,13.384],[93.062,13.383]]],[[[92.866,13.414],[92.866,13.413],[92.866,13.413],[92.867,13.413],[92.867,13.413],[92.868,13.413],[92.868,13.412],[92.868,13.412],[92.867,13.411],[92.867,13.411],[92.866,13.411],[92.866,13.411],[92.865,13.412],[92.865,13.413],[92.865,13.413],[92.865,13.413],[92.866,13.414]]],[[[92.813,13.42],[92.814,13.419],[92.814,13.419],[92.814,13.419],[92.815,13.419],[92.816,13.418],[92.817,13.418],[92.817,13.418],[92.817,13.418],[92.818,13.417],[92.818,13.417],[92.819,13.416],[92.819,13.416],[92.818,13.415],[92.818,13.415],[92.818,13.414],[92.818,13.414],[92.818,13.414],[92.818,13.412],[92.818,13.412],[92.817,13.411],[92.817,13.41],[92.817,13.408],[92.816,13.406],[92.816,13.406],[92.816,13.404],[92.815,13.403],[92.814,13.403],[92.814,13.404],[92.814,13.404],[92.813,13.405],[92.812,13.406],[92.812,13.407],[92.812,13.407],[92.813,13.408],[92.813,13.41],[92.813,13.412],[92.814,13.414],[92.813,13.415],[92.813,13.416],[92.813,13.417],[92.813,13.417],[92.812,13.417],[92.812,13.418],[92.812,13.418],[92.812,13.418],[92.812,13.418],[92.812,13.419],[92.812,13.419],[92.812,13.419],[92.812,13.419],[92.813,13.42],[92.813,13.42]]],[[[93.094,13.418],[93.095,13.418],[93.095,13.418],[93.095,13.418],[93.095,13.418],[93.095,13.417],[93.095,13.417],[93.095,13.417],[93.095,13.417],[93.095,13.416],[93.095,13.416],[93.095,13.415],[93.095,13.416],[93.094,13.416],[93.094,13.416],[93.094,13.416],[93.094,13.416],[93.094,13.416],[93.093,13.415],[93.093,13.415],[93.093,13.415],[93.093,13.415],[93.093,13.414],[93.093,13.414],[93.093,13.414],[93.093,13.414],[93.093,13.413],[93.092,13.413],[93.092,13.412],[93.092,13.412],[93.092,13.412],[93.092,13.412],[93.092,13.411],[93.092,13.411],[93.091,13.41],[93.091,13.41],[93.091,13.41],[93.091,13.41],[93.09,13.41],[93.09,13.41],[93.09,13.41],[93.09,13.41],[93.089,13.41],[93.089,13.41],[93.089,13.41],[93.089,13.411],[93.088,13.412],[93.087,13.412],[93.087,13.412],[93.087,13.413],[93.087,13.413],[93.088,13.414],[93.088,13.414],[93.087,13.415],[93.087,13.416],[93.087,13.416],[93.088,13.416],[93.088,13.417],[93.089,13.417],[93.09,13.418],[93.09,13.419],[93.09,13.419],[93.091,13.42],[93.092,13.42],[93.092,13.42],[93.093,13.42],[93.093,13.42],[93.093,13.42],[93.094,13.42],[93.094,13.419],[93.094,13.419],[93.094,13.418],[93.094,13.418],[93.094,13.418]]],[[[93.072,13.426],[93.072,13.426],[93.072,13.426],[93.072,13.426],[93.071,13.425],[93.071,13.425],[93.071,13.424],[93.071,13.423],[93.071,13.423],[93.071,13.423],[93.071,13.423],[93.071,13.422],[93.071,13.422],[93.071,13.421],[93.071,13.421],[93.071,13.421],[93.071,13.42],[93.071,13.42],[93.071,13.42],[93.071,13.419],[93.071,13.419],[93.071,13.419],[93.071,13.419],[93.071,13.418],[93.071,13.418],[93.071,13.418],[93.071,13.417],[93.071,13.417],[93.071,13.417],[93.071,13.416],[93.071,13.415],[93.071,13.415],[93.071,13.415],[93.072,13.414],[93.072,13.414],[93.072,13.414],[93.071,13.413],[93.071,13.413],[93.071,13.413],[93.069,13.413],[93.069,13.414],[93.069,13.414],[93.068,13.415],[93.068,13.415],[93.068,13.415],[93.068,13.415],[93.069,13.416],[93.069,13.416],[93.069,13.417],[93.069,13.417],[93.069,13.418],[93.069,13.418],[93.068,13.418],[93.068,13.419],[93.068,13.419],[93.068,13.419],[93.068,13.42],[93.068,13.42],[93.068,13.42],[93.068,13.421],[93.068,13.421],[93.068,13.422],[93.068,13.422],[93.067,13.422],[93.068,13.423],[93.068,13.424],[93.068,13.424],[93.068,13.424],[93.068,13.424],[93.069,13.425],[93.069,13.425],[93.069,13.426],[93.069,13.426],[93.069,13.427],[93.07,13.428],[93.071,13.428],[93.071,13.429],[93.071,13.429],[93.071,13.43],[93.071,13.43],[93.072,13.431],[93.072,13.431],[93.072,13.431],[93.073,13.431],[93.073,13.431],[93.073,13.431],[93.073,13.43],[93.073,13.43],[93.073,13.429],[93.072,13.429],[93.073,13.428],[93.073,13.428],[93.072,13.428],[93.072,13.427],[93.072,13.427],[93.072,13.426]]],[[[93.099,13.436],[93.1,13.435],[93.101,13.436],[93.102,13.436],[93.102,13.435],[93.103,13.435],[93.103,13.435],[93.103,13.433],[93.103,13.433],[93.103,13.432],[93.104,13.432],[93.104,13.432],[93.104,13.431],[93.104,13.431],[93.104,13.431],[93.104,13.43],[93.103,13.43],[93.103,13.43],[93.102,13.43],[93.102,13.43],[93.099,13.43],[93.099,13.431],[93.099,13.431],[93.098,13.432],[93.098,13.432],[93.098,13.433],[93.097,13.433],[93.097,13.434],[93.097,13.434],[93.096,13.434],[93.096,13.436],[93.097,13.436],[93.097,13.437],[93.097,13.437],[93.097,13.437],[93.097,13.437],[93.098,13.438],[93.099,13.438],[93.099,13.438],[93.099,13.437],[93.099,13.437],[93.099,13.436],[93.099,13.436]]],[[[92.843,13.441],[92.843,13.44],[92.844,13.44],[92.844,13.438],[92.844,13.438],[92.844,13.438],[92.844,13.437],[92.844,13.437],[92.845,13.436],[92.845,13.435],[92.845,13.434],[92.845,13.433],[92.845,13.434],[92.846,13.432],[92.846,13.432],[92.846,13.432],[92.846,13.431],[92.846,13.431],[92.846,13.43],[92.845,13.43],[92.844,13.428],[92.844,13.428],[92.843,13.427],[92.843,13.427],[92.842,13.427],[92.842,13.426],[92.842,13.426],[92.842,13.426],[92.841,13.426],[92.841,13.426],[92.84,13.425],[92.84,13.425],[92.839,13.424],[92.839,13.424],[92.835,13.42],[92.835,13.42],[92.834,13.42],[92.834,13.42],[92.834,13.42],[92.833,13.42],[92.833,13.419],[92.833,13.419],[92.832,13.419],[92.831,13.419],[92.831,13.419],[92.831,13.419],[92.83,13.419],[92.83,13.419],[92.829,13.421],[92.828,13.421],[92.828,13.421],[92.827,13.421],[92.827,13.421],[92.827,13.421],[92.827,13.421],[92.826,13.421],[92.826,13.421],[92.826,13.421],[92.825,13.42],[92.824,13.42],[92.824,13.42],[92.823,13.42],[92.823,13.421],[92.822,13.421],[92.822,13.421],[92.822,13.423],[92.822,13.423],[92.822,13.424],[92.821,13.424],[92.821,13.425],[92.821,13.425],[92.821,13.426],[92.821,13.426],[92.821,13.427],[92.821,13.428],[92.821,13.429],[92.821,13.429],[92.821,13.429],[92.821,13.429],[92.821,13.43],[92.821,13.43],[92.822,13.431],[92.822,13.431],[92.822,13.432],[92.822,13.432],[92.822,13.433],[92.823,13.433],[92.823,13.434],[92.822,13.435],[92.822,13.435],[92.821,13.436],[92.821,13.436],[92.822,13.437],[92.823,13.437],[92.823,13.436],[92.823,13.436],[92.824,13.437],[92.824,13.437],[92.825,13.438],[92.825,13.438],[92.825,13.439],[92.826,13.439],[92.826,13.439],[92.826,13.439],[92.827,13.439],[92.827,13.438],[92.827,13.438],[92.828,13.438],[92.831,13.438],[92.831,13.438],[92.832,13.439],[92.832,13.439],[92.835,13.439],[92.835,13.439],[92.836,13.439],[92.836,13.439],[92.836,13.439],[92.837,13.439],[92.837,13.44],[92.838,13.44],[92.838,13.441],[92.839,13.441],[92.839,13.441],[92.839,13.441],[92.84,13.441],[92.84,13.441],[92.84,13.44],[92.841,13.441],[92.841,13.442],[92.842,13.442],[92.842,13.444],[92.842,13.444],[92.842,13.444],[92.842,13.445],[92.843,13.445],[92.843,13.445],[92.843,13.444],[92.843,13.443],[92.843,13.443],[92.843,13.441],[92.843,13.441]]],[[[94.273,13.464],[94.273,13.464],[94.274,13.464],[94.274,13.463],[94.274,13.463],[94.274,13.463],[94.274,13.462],[94.274,13.462],[94.274,13.462],[94.275,13.462],[94.276,13.462],[94.276,13.462],[94.277,13.462],[94.278,13.462],[94.278,13.462],[94.278,13.461],[94.277,13.461],[94.277,13.46],[94.277,13.46],[94.276,13.46],[94.276,13.459],[94.276,13.459],[94.275,13.459],[94.275,13.458],[94.275,13.458],[94.275,13.458],[94.275,13.456],[94.275,13.455],[94.275,13.455],[94.275,13.455],[94.275,13.454],[94.276,13.454],[94.276,13.454],[94.277,13.453],[94.277,13.452],[94.277,13.449],[94.277,13.449],[94.277,13.448],[94.276,13.448],[94.276,13.448],[94.276,13.447],[94.276,13.447],[94.276,13.447],[94.276,13.446],[94.275,13.446],[94.275,13.445],[94.276,13.445],[94.276,13.442],[94.275,13.442],[94.275,13.441],[94.275,13.441],[94.275,13.441],[94.274,13.44],[94.274,13.44],[94.274,13.439],[94.274,13.439],[94.274,13.439],[94.274,13.438],[94.273,13.438],[94.273,13.438],[94.273,13.437],[94.272,13.437],[94.272,13.436],[94.27,13.435],[94.269,13.434],[94.269,13.435],[94.269,13.435],[94.269,13.435],[94.268,13.435],[94.268,13.435],[94.266,13.434],[94.266,13.434],[94.266,13.433],[94.265,13.433],[94.265,13.432],[94.264,13.432],[94.264,13.432],[94.264,13.431],[94.263,13.43],[94.263,13.43],[94.263,13.43],[94.263,13.43],[94.262,13.43],[94.262,13.43],[94.262,13.43],[94.262,13.43],[94.262,13.43],[94.261,13.43],[94.261,13.43],[94.261,13.43],[94.26,13.43],[94.26,13.43],[94.26,13.43],[94.26,13.43],[94.259,13.429],[94.259,13.429],[94.259,13.43],[94.259,13.43],[94.258,13.43],[94.258,13.431],[94.258,13.431],[94.258,13.431],[94.258,13.431],[94.258,13.431],[94.257,13.431],[94.257,13.431],[94.257,13.431],[94.256,13.431],[94.256,13.43],[94.256,13.43],[94.256,13.431],[94.256,13.431],[94.255,13.431],[94.255,13.432],[94.255,13.432],[94.255,13.432],[94.254,13.433],[94.254,13.433],[94.253,13.434],[94.253,13.434],[94.253,13.434],[94.253,13.434],[94.252,13.435],[94.252,13.435],[94.252,13.435],[94.252,13.436],[94.252,13.436],[94.252,13.436],[94.252,13.437],[94.251,13.439],[94.251,13.439],[94.25,13.439],[94.25,13.44],[94.25,13.44],[94.25,13.44],[94.249,13.441],[94.249,13.442],[94.249,13.442],[94.249,13.443],[94.249,13.444],[94.249,13.444],[94.249,13.444],[94.249,13.445],[94.249,13.446],[94.249,13.446],[94.25,13.446],[94.251,13.447],[94.251,13.447],[94.251,13.447],[94.251,13.447],[94.252,13.447],[94.252,13.447],[94.253,13.448],[94.253,13.449],[94.253,13.45],[94.253,13.45],[94.253,13.451],[94.253,13.451],[94.254,13.451],[94.254,13.452],[94.254,13.452],[94.254,13.452],[94.255,13.454],[94.255,13.454],[94.256,13.454],[94.257,13.457],[94.257,13.457],[94.258,13.458],[94.258,13.458],[94.258,13.458],[94.258,13.459],[94.26,13.459],[94.261,13.46],[94.261,13.46],[94.261,13.461],[94.262,13.461],[94.262,13.462],[94.262,13.462],[94.262,13.463],[94.263,13.463],[94.263,13.464],[94.263,13.464],[94.264,13.464],[94.264,13.464],[94.265,13.463],[94.266,13.463],[94.266,13.463],[94.267,13.462],[94.268,13.462],[94.268,13.463],[94.269,13.463],[94.269,13.463],[94.269,13.463],[94.269,13.464],[94.27,13.464],[94.27,13.464],[94.27,13.464],[94.27,13.464],[94.271,13.465],[94.271,13.465],[94.271,13.465],[94.271,13.465],[94.272,13.465],[94.272,13.465],[94.273,13.465],[94.273,13.465],[94.273,13.465],[94.273,13.464]]],[[[92.874,13.512],[92.874,13.512],[92.873,13.511],[92.873,13.51],[92.873,13.51],[92.873,13.51],[92.873,13.509],[92.873,13.509],[92.874,13.509],[92.874,13.508],[92.874,13.508],[92.874,13.508],[92.874,13.507],[92.874,13.507],[92.875,13.507],[92.875,13.504],[92.873,13.502],[92.873,13.503],[92.872,13.502],[92.872,13.502],[92.872,13.502],[92.871,13.502],[92.871,13.502],[92.871,13.502],[92.871,13.502],[92.87,13.503],[92.869,13.503],[92.869,13.504],[92.869,13.504],[92.868,13.505],[92.868,13.505],[92.867,13.505],[92.867,13.506],[92.867,13.506],[92.867,13.506],[92.867,13.506],[92.867,13.508],[92.867,13.508],[92.866,13.508],[92.867,13.508],[92.867,13.509],[92.867,13.509],[92.867,13.51],[92.867,13.51],[92.868,13.51],[92.869,13.512],[92.869,13.512],[92.869,13.513],[92.87,13.513],[92.87,13.513],[92.871,13.513],[92.871,13.513],[92.872,13.513],[92.873,13.512],[92.873,13.512],[92.873,13.512],[92.874,13.513],[92.874,13.513],[92.875,13.512],[92.874,13.512]]],[[[92.919,13.516],[92.919,13.515],[92.919,13.515],[92.92,13.515],[92.92,13.515],[92.921,13.514],[92.921,13.513],[92.919,13.511],[92.919,13.51],[92.919,13.51],[92.919,13.509],[92.918,13.509],[92.918,13.509],[92.918,13.509],[92.918,13.508],[92.917,13.507],[92.917,13.507],[92.916,13.507],[92.916,13.507],[92.916,13.507],[92.916,13.507],[92.915,13.507],[92.914,13.508],[92.914,13.508],[92.913,13.508],[92.913,13.508],[92.914,13.509],[92.914,13.509],[92.914,13.509],[92.914,13.51],[92.915,13.51],[92.915,13.512],[92.915,13.512],[92.915,13.513],[92.915,13.513],[92.915,13.514],[92.917,13.515],[92.917,13.515],[92.917,13.515],[92.918,13.515],[92.918,13.516],[92.918,13.516],[92.919,13.516]]],[[[92.91,13.537],[92.912,13.535],[92.912,13.535],[92.912,13.534],[92.912,13.534],[92.913,13.534],[92.912,13.534],[92.912,13.533],[92.912,13.532],[92.911,13.532],[92.911,13.532],[92.911,13.532],[92.91,13.532],[92.91,13.532],[92.909,13.531],[92.909,13.531],[92.908,13.531],[92.908,13.531],[92.908,13.53],[92.906,13.53],[92.906,13.531],[92.906,13.531],[92.905,13.531],[92.905,13.532],[92.905,13.532],[92.905,13.533],[92.905,13.534],[92.905,13.534],[92.906,13.535],[92.906,13.535],[92.906,13.536],[92.906,13.536],[92.907,13.537],[92.908,13.537],[92.908,13.537],[92.908,13.537],[92.909,13.537],[92.909,13.537],[92.91,13.537]]],[[[92.875,13.541],[92.876,13.539],[92.877,13.539],[92.879,13.538],[92.879,13.537],[92.878,13.537],[92.877,13.537],[92.877,13.536],[92.877,13.536],[92.876,13.536],[92.876,13.535],[92.876,13.535],[92.876,13.535],[92.874,13.536],[92.874,13.536],[92.874,13.537],[92.874,13.537],[92.874,13.538],[92.874,13.541],[92.874,13.541],[92.875,13.541],[92.875,13.541],[92.875,13.541]]],[[[93.008,13.555],[93.008,13.555],[93.007,13.555],[93.007,13.555],[93.006,13.555],[93.006,13.555],[93.006,13.556],[93.006,13.556],[93.006,13.557],[93.006,13.557],[93.006,13.557],[93.005,13.558],[93.005,13.558],[93.005,13.559],[93.006,13.559],[93.006,13.559],[93.006,13.559],[93.006,13.56],[93.006,13.56],[93.006,13.56],[93.007,13.56],[93.007,13.559],[93.007,13.558],[93.007,13.558],[93.007,13.557],[93.007,13.557],[93.007,13.557],[93.008,13.556],[93.008,13.556],[93.008,13.555]]],[[[93.057,13.566],[93.057,13.566],[93.057,13.566],[93.057,13.565],[93.057,13.565],[93.057,13.564],[93.057,13.564],[93.057,13.564],[93.057,13.563],[93.057,13.563],[93.057,13.563],[93.057,13.563],[93.057,13.562],[93.057,13.562],[93.056,13.562],[93.056,13.562],[93.056,13.562],[93.056,13.561],[93.055,13.561],[93.055,13.56],[93.055,13.56],[93.054,13.56],[93.054,13.56],[93.054,13.56],[93.054,13.561],[93.053,13.561],[93.053,13.561],[93.052,13.563],[93.052,13.565],[93.053,13.566],[93.054,13.566],[93.054,13.566],[93.054,13.566],[93.054,13.566],[93.056,13.566],[93.057,13.567],[93.057,13.567],[93.057,13.567],[93.057,13.566]]],[[[93.029,13.573],[93.042,13.534],[93.041,13.494],[93.035,13.454],[93.041,13.414],[93.049,13.375],[93.079,13.348],[93.071,13.307],[93.041,13.334],[93.006,13.353],[92.966,13.361],[92.98,13.322],[93.013,13.3],[93.047,13.279],[93.056,13.24],[93.041,13.201],[93.034,13.16],[93.033,13.12],[93.029,13.08],[93.013,13.044],[92.976,13.029],[92.937,13.039],[92.938,13.08],[92.904,13.059],[92.904,13.019],[92.931,12.99],[92.916,12.953],[92.898,12.989],[92.875,12.956],[92.854,12.921],[92.873,12.885],[92.832,12.887],[92.799,12.908],[92.8,12.949],[92.798,12.989],[92.794,13.029],[92.796,13.069],[92.82,13.102],[92.841,13.137],[92.814,13.167],[92.824,13.206],[92.848,13.239],[92.825,13.271],[92.823,13.311],[92.834,13.35],[92.861,13.38],[92.87,13.421],[92.876,13.46],[92.904,13.489],[92.914,13.528],[92.951,13.543],[92.989,13.528],[92.988,13.568],[93.027,13.579],[93.029,13.573]]],[[[92.897,13.602],[92.897,13.601],[92.898,13.601],[92.898,13.601],[92.899,13.601],[92.899,13.601],[92.901,13.601],[92.901,13.601],[92.902,13.601],[92.902,13.601],[92.902,13.601],[92.904,13.599],[92.904,13.599],[92.904,13.598],[92.904,13.598],[92.904,13.598],[92.904,13.597],[92.904,13.597],[92.904,13.596],[92.903,13.596],[92.903,13.596],[92.901,13.594],[92.901,13.594],[92.9,13.592],[92.9,13.592],[92.9,13.592],[92.9,13.592],[92.898,13.59],[92.898,13.59],[92.897,13.59],[92.897,13.59],[92.897,13.589],[92.896,13.589],[92.895,13.588],[92.895,13.588],[92.894,13.588],[92.894,13.588],[92.893,13.586],[92.893,13.586],[92.892,13.585],[92.892,13.585],[92.892,13.584],[92.892,13.584],[92.891,13.583],[92.891,13.583],[92.89,13.582],[92.89,13.581],[92.89,13.581],[92.89,13.58],[92.889,13.579],[92.889,13.579],[92.889,13.578],[92.889,13.578],[92.889,13.578],[92.889,13.577],[92.889,13.577],[92.888,13.577],[92.888,13.576],[92.888,13.576],[92.887,13.575],[92.887,13.575],[92.886,13.574],[92.886,13.574],[92.886,13.574],[92.885,13.574],[92.884,13.575],[92.884,13.575],[92.884,13.576],[92.884,13.576],[92.883,13.577],[92.883,13.577],[92.883,13.577],[92.883,13.578],[92.883,13.578],[92.883,13.578],[92.882,13.579],[92.882,13.579],[92.882,13.58],[92.882,13.581],[92.882,13.581],[92.882,13.581],[92.882,13.582],[92.882,13.582],[92.881,13.583],[92.881,13.583],[92.881,13.583],[92.882,13.583],[92.882,13.583],[92.882,13.582],[92.883,13.583],[92.884,13.583],[92.884,13.583],[92.884,13.584],[92.884,13.585],[92.884,13.585],[92.884,13.586],[92.884,13.586],[92.884,13.586],[92.885,13.587],[92.885,13.587],[92.886,13.588],[92.886,13.588],[92.886,13.588],[92.886,13.589],[92.886,13.589],[92.886,13.59],[92.887,13.59],[92.887,13.592],[92.886,13.592],[92.886,13.593],[92.888,13.594],[92.888,13.595],[92.889,13.597],[92.89,13.597],[92.89,13.597],[92.891,13.597],[92.891,13.598],[92.892,13.598],[92.893,13.599],[92.893,13.599],[92.894,13.601],[92.895,13.601],[92.895,13.601],[92.896,13.601],[92.896,13.601],[92.896,13.601],[92.897,13.602],[92.897,13.602]]],[[[93.064,13.654],[93.065,13.653],[93.066,13.653],[93.067,13.651],[93.067,13.651],[93.067,13.65],[93.067,13.65],[93.066,13.649],[93.065,13.648],[93.065,13.648],[93.065,13.647],[93.064,13.647],[93.064,13.648],[93.064,13.648],[93.063,13.648],[93.063,13.648],[93.062,13.648],[93.062,13.647],[93.061,13.647],[93.061,13.647],[93.06,13.647],[93.06,13.647],[93.059,13.647],[93.059,13.646],[93.058,13.646],[93.058,13.646],[93.058,13.645],[93.058,13.645],[93.057,13.644],[93.056,13.644],[93.056,13.643],[93.055,13.643],[93.055,13.642],[93.055,13.641],[93.055,13.64],[93.055,13.637],[93.055,13.637],[93.055,13.636],[93.055,13.636],[93.054,13.635],[93.054,13.635],[93.054,13.635],[93.054,13.634],[93.054,13.634],[93.054,13.634],[93.054,13.633],[93.054,13.633],[93.054,13.633],[93.053,13.632],[93.053,13.631],[93.052,13.631],[93.052,13.631],[93.052,13.631],[93.052,13.63],[93.052,13.63],[93.052,13.63],[93.052,13.629],[93.052,13.629],[93.051,13.629],[93.051,13.628],[93.051,13.627],[93.05,13.626],[93.05,13.626],[93.049,13.625],[93.049,13.625],[93.049,13.624],[93.049,13.624],[93.048,13.624],[93.048,13.623],[93.049,13.623],[93.049,13.623],[93.049,13.622],[93.049,13.622],[93.049,13.622],[93.049,13.622],[93.048,13.621],[93.048,13.621],[93.048,13.621],[93.048,13.621],[93.047,13.621],[93.047,13.621],[93.046,13.621],[93.046,13.622],[93.047,13.623],[93.047,13.623],[93.047,13.623],[93.046,13.623],[93.046,13.624],[93.046,13.626],[93.046,13.626],[93.046,13.627],[93.046,13.628],[93.045,13.629],[93.045,13.629],[93.045,13.629],[93.045,13.63],[93.045,13.63],[93.045,13.63],[93.045,13.631],[93.045,13.631],[93.044,13.631],[93.044,13.632],[93.044,13.632],[93.044,13.632],[93.044,13.633],[93.044,13.633],[93.044,13.633],[93.044,13.633],[93.043,13.634],[93.043,13.634],[93.043,13.635],[93.043,13.636],[93.043,13.636],[93.043,13.637],[93.045,13.639],[93.045,13.64],[93.046,13.64],[93.046,13.641],[93.046,13.641],[93.046,13.641],[93.046,13.642],[93.047,13.642],[93.048,13.643],[93.048,13.643],[93.048,13.643],[93.049,13.643],[93.05,13.645],[93.05,13.645],[93.051,13.646],[93.051,13.646],[93.052,13.647],[93.052,13.647],[93.052,13.647],[93.052,13.648],[93.053,13.648],[93.053,13.649],[93.053,13.649],[93.053,13.65],[93.053,13.65],[93.053,13.651],[93.054,13.651],[93.054,13.652],[93.055,13.652],[93.055,13.652],[93.055,13.652],[93.055,13.652],[93.055,13.653],[93.056,13.653],[93.056,13.653],[93.056,13.654],[93.056,13.654],[93.061,13.654],[93.061,13.654],[93.062,13.654],[93.063,13.655],[93.063,13.655],[93.064,13.654],[93.064,13.654]]],[[[93.024,13.671],[93.023,13.671],[93.023,13.671],[93.023,13.672],[93.023,13.672],[93.023,13.672],[93.023,13.673],[93.023,13.673],[93.023,13.673],[93.023,13.673],[93.023,13.674],[93.023,13.674],[93.023,13.674],[93.023,13.674],[93.023,13.674],[93.024,13.674],[93.024,13.673],[93.024,13.673],[93.024,13.673],[93.024,13.672],[93.024,13.672],[93.024,13.671],[93.024,13.671]]],[[[93.016,13.676],[93.03,13.637],[92.989,13.644],[93.015,13.676],[93.016,13.676]]],[[[93.224,14.016],[93.231,13.976],[93.22,14.015],[93.224,14.016]]],[[[93.367,14.047],[93.366,14.047],[93.366,14.047],[93.366,14.047],[93.365,14.047],[93.364,14.047],[93.364,14.047],[93.364,14.048],[93.364,14.049],[93.364,14.049],[93.364,14.049],[93.364,14.049],[93.364,14.05],[93.364,14.05],[93.365,14.051],[93.365,14.053],[93.365,14.054],[93.365,14.054],[93.364,14.054],[93.364,14.054],[93.364,14.055],[93.364,14.055],[93.364,14.056],[93.364,14.057],[93.365,14.057],[93.365,14.057],[93.365,14.056],[93.366,14.056],[93.366,14.056],[93.366,14.055],[93.366,14.055],[93.366,14.054],[93.366,14.054],[93.366,14.054],[93.367,14.053],[93.367,14.053],[93.367,14.052],[93.367,14.052],[93.367,14.052],[93.366,14.052],[93.366,14.052],[93.366,14.051],[93.366,14.051],[93.366,14.05],[93.366,14.05],[93.366,14.049],[93.366,14.049],[93.366,14.049],[93.367,14.048],[93.367,14.047]]],[[[93.384,14.128],[93.384,14.127],[93.383,14.127],[93.382,14.127],[93.382,14.127],[93.382,14.127],[93.381,14.127],[93.381,14.128],[93.381,14.128],[93.381,14.129],[93.382,14.129],[93.382,14.129],[93.383,14.128],[93.383,14.128],[93.384,14.128]]],[[[93.366,14.156],[93.377,14.118],[93.369,14.078],[93.361,14.118],[93.366,14.156]]],[[[93.357,14.193],[93.357,14.192],[93.357,14.192],[93.358,14.192],[93.359,14.192],[93.359,14.192],[93.359,14.192],[93.36,14.192],[93.36,14.192],[93.36,14.192],[93.361,14.192],[93.361,14.192],[93.361,14.191],[93.361,14.191],[93.361,14.191],[93.36,14.19],[93.359,14.19],[93.359,14.19],[93.359,14.19],[93.359,14.189],[93.358,14.189],[93.358,14.189],[93.357,14.189],[93.357,14.189],[93.357,14.19],[93.356,14.19],[93.356,14.19],[93.356,14.19],[93.355,14.19],[93.355,14.191],[93.355,14.191],[93.355,14.191],[93.355,14.192],[93.356,14.192],[93.356,14.192],[93.356,14.193],[93.357,14.193]]],[[[93.37,14.193],[93.371,14.193],[93.371,14.193],[93.372,14.192],[93.372,14.192],[93.372,14.192],[93.372,14.191],[93.373,14.191],[93.373,14.19],[93.372,14.189],[93.372,14.189],[93.372,14.189],[93.372,14.188],[93.372,14.188],[93.372,14.188],[93.372,14.187],[93.372,14.187],[93.371,14.186],[93.371,14.186],[93.371,14.186],[93.371,14.185],[93.371,14.185],[93.371,14.184],[93.37,14.184],[93.37,14.184],[93.37,14.184],[93.37,14.183],[93.37,14.183],[93.37,14.183],[93.369,14.183],[93.369,14.182],[93.369,14.181],[93.369,14.181],[93.367,14.179],[93.367,14.179],[93.367,14.179],[93.366,14.18],[93.366,14.18],[93.366,14.181],[93.366,14.181],[93.365,14.182],[93.363,14.182],[93.363,14.182],[93.361,14.182],[93.36,14.183],[93.361,14.183],[93.361,14.186],[93.36,14.186],[93.36,14.186],[93.36,14.187],[93.36,14.187],[93.36,14.187],[93.36,14.188],[93.361,14.189],[93.363,14.189],[93.364,14.189],[93.364,14.19],[93.364,14.191],[93.364,14.191],[93.365,14.191],[93.365,14.191],[93.368,14.191],[93.369,14.192],[93.37,14.193],[93.37,14.193]]],[[[93.551,14.784],[93.55,14.784],[93.55,14.784],[93.549,14.785],[93.549,14.786],[93.549,14.786],[93.55,14.786],[93.55,14.787],[93.55,14.788],[93.55,14.788],[93.55,14.788],[93.551,14.788],[93.551,14.788],[93.551,14.785],[93.551,14.784],[93.551,14.784]]],[[[93.571,14.846],[93.571,14.846],[93.57,14.846],[93.57,14.847],[93.57,14.847],[93.569,14.848],[93.569,14.848],[93.569,14.848],[93.569,14.849],[93.569,14.849],[93.57,14.85],[93.57,14.849],[93.57,14.849],[93.571,14.849],[93.572,14.849],[93.572,14.848],[93.572,14.848],[93.572,14.847],[93.572,14.847],[93.572,14.847],[93.571,14.847],[93.571,14.846]]],[[[93.572,14.859],[93.572,14.859],[93.571,14.859],[93.571,14.859],[93.571,14.859],[93.57,14.86],[93.57,14.86],[93.57,14.86],[93.57,14.861],[93.57,14.861],[93.57,14.861],[93.571,14.861],[93.573,14.86],[93.573,14.86],[93.572,14.859]]],[[[93.573,14.87],[93.573,14.87],[93.573,14.869],[93.573,14.868],[93.572,14.868],[93.572,14.868],[93.572,14.869],[93.572,14.869],[93.571,14.869],[93.571,14.869],[93.571,14.869],[93.57,14.869],[93.57,14.87],[93.569,14.87],[93.569,14.87],[93.569,14.87],[93.569,14.87],[93.568,14.87],[93.568,14.871],[93.568,14.871],[93.569,14.872],[93.569,14.872],[93.57,14.872],[93.57,14.872],[93.57,14.872],[93.571,14.871],[93.571,14.871],[93.572,14.871],[93.572,14.871],[93.573,14.87]]],[[[93.641,14.902],[93.623,14.866],[93.64,14.903],[93.641,14.902]]],[[[93.648,14.935],[93.649,14.934],[93.649,14.934],[93.65,14.934],[93.651,14.934],[93.652,14.933],[93.652,14.932],[93.652,14.931],[93.651,14.931],[93.651,14.93],[93.651,14.93],[93.65,14.93],[93.65,14.931],[93.649,14.931],[93.648,14.932],[93.648,14.933],[93.648,14.933],[93.648,14.933],[93.647,14.934],[93.646,14.934],[93.646,14.935],[93.646,14.935],[93.647,14.936],[93.647,14.936],[93.647,14.936],[93.648,14.935],[93.648,14.935],[93.648,14.935]]]]}},{"type":"Feature","properties":{"NAME_1":"Andhra Pradesh","state":"Andhra Pradesh"},"geometry":{"type":"MultiPolygon","coordinates":[[[[80.275,13.46],[80.275,13.459],[80.275,13.459],[80.275,13.459],[80.275,13.459],[80.275,13.458],[80.275,13.458],[80.275,13.458],[80.276,13.458],[80.276,13.458],[80.276,13.458],[80.276,13.457],[80.276,13.457],[80.276,13.457],[80.277,13.457],[80.277,13.456],[80.277,13.456],[80.277,13.456],[80.277,13.456],[80.277,13.456],[80.278,13.456],[80.278,13.455],[80.278,13.455],[80.278,13.455],[80.278,13.455],[80.278,13.455],[80.279,13.455],[80.279,13.455],[80.279,13.455],[80.279,13.454],[80.28,13.454],[80.28,13.454],[80.28,13.454],[80.28,13.454],[80.281,13.454],[80.281,13.453],[80.282,13.453],[80.282,13.453],[80.283,13.453],[80.283,13.453],[80.284,13.453],[80.284,13.453],[80.285,13.453],[80.285,13.452],[80.285,13.452],[80.285,13.452],[80.285,13.452],[80.285,13.451],[80.286,13.451],[80.286,13.451],[80.286,13.451],[80.286,13.45],[80.286,13.45],[80.286,13.45],[80.287,13.45],[80.287,13.449],[80.286,13.449],[80.286,13.448],[80.286,13.448],[80.286,13.449],[80.285,13.449],[80.285,13.449],[80.285,13.449],[80.285,13.45],[80.285,13.45],[80.285,13.45],[80.285,13.45],[80.285,13.45],[80.284,13.45],[80.284,13.451],[80.284,13.451],[80.284,13.451],[80.284,13.451],[80.284,13.451],[80.283,13.451],[80.283,13.452],[80.282,13.452],[80.282,13.452],[80.282,13.452],[80.282,13.452],[80.281,13.452],[80.281,13.452],[80.28,13.452],[80.28,13.453],[80.28,13.453],[80.28,13.453],[80.279,13.453],[80.279,13.453],[80.279,13.453],[80.279,13.453],[80.278,13.453],[80.278,13.454],[80.278,13.454],[80.278,13.454],[80.277,13.454],[80.277,13.454],[80.277,13.454],[80.277,13.455],[80.277,13.455],[80.277,13.455],[80.276,13.455],[80.276,13.455],[80.276,13.455],[80.276,13.455],[80.275,13.455],[80.275,13.456],[80.275,13.456],[80.275,13.456],[80.275,13.456],[80.275,13.457],[80.275,13.457],[80.275,13.457],[80.274,13.457],[80.274,13.458],[80.274,13.458],[80.274,13.458],[80.274,13.458],[80.274,13.459],[80.274,13.459],[80.274,13.46],[80.275,13.46]]],[[[80.227,13.494],[80.227,13.493],[80.228,13.493],[80.228,13.493],[80.228,13.493],[80.228,13.492],[80.228,13.492],[80.228,13.492],[80.227,13.492],[80.227,13.491],[80.227,13.491],[80.227,13.491],[80.225,13.491],[80.225,13.49],[80.225,13.49],[80.225,13.49],[80.224,13.49],[80.224,13.492],[80.225,13.492],[80.225,13.492],[80.225,13.492],[80.225,13.492],[80.225,13.492],[80.225,13.493],[80.226,13.493],[80.226,13.493],[80.226,13.493],[80.226,13.493],[80.227,13.493],[80.227,13.494],[80.227,13.494]]],[[[80.232,13.495],[80.232,13.494],[80.233,13.494],[80.233,13.494],[80.233,13.494],[80.233,13.494],[80.234,13.494],[80.234,13.493],[80.234,13.493],[80.234,13.493],[80.235,13.493],[80.235,13.492],[80.235,13.492],[80.235,13.492],[80.235,13.492],[80.235,13.492],[80.234,13.492],[80.234,13.491],[80.234,13.491],[80.234,13.491],[80.234,13.491],[80.234,13.491],[80.23,13.491],[80.23,13.491],[80.23,13.491],[80.23,13.492],[80.23,13.492],[80.23,13.492],[80.23,13.492],[80.23,13.493],[80.229,13.493],[80.229,13.493],[80.23,13.493],[80.23,13.493],[80.23,13.493],[80.23,13.494],[80.23,13.494],[80.23,13.494],[80.231,13.494],[80.231,13.494],[80.231,13.494],[80.231,13.495],[80.232,13.495]]],[[[80.265,13.52],[80.265,13.519],[80.266,13.519],[80.266,13.519],[80.266,13.519],[80.266,13.519],[80.267,13.519],[80.267,13.518],[80.267,13.518],[80.267,13.518],[80.267,13.518],[80.267,13.517],[80.267,13.517],[80.267,13.517],[80.267,13.517],[80.267,13.516],[80.266,13.516],[80.266,13.515],[80.267,13.515],[80.267,13.513],[80.267,13.513],[80.267,13.512],[80.267,13.512],[80.267,13.512],[80.267,13.512],[80.267,13.511],[80.268,13.511],[80.268,13.51],[80.268,13.51],[80.268,13.509],[80.268,13.509],[80.268,13.508],[80.267,13.508],[80.267,13.507],[80.267,13.507],[80.267,13.505],[80.267,13.505],[80.267,13.503],[80.267,13.503],[80.267,13.502],[80.266,13.502],[80.266,13.5],[80.266,13.5],[80.266,13.5],[80.265,13.5],[80.265,13.5],[80.265,13.5],[80.265,13.501],[80.265,13.501],[80.265,13.503],[80.265,13.503],[80.265,13.505],[80.265,13.505],[80.265,13.506],[80.266,13.506],[80.266,13.507],[80.266,13.507],[80.266,13.508],[80.266,13.508],[80.266,13.509],[80.267,13.509],[80.267,13.51],[80.266,13.51],[80.266,13.511],[80.266,13.511],[80.266,13.512],[80.266,13.512],[80.266,13.513],[80.265,13.513],[80.265,13.514],[80.265,13.514],[80.265,13.515],[80.265,13.515],[80.265,13.515],[80.265,13.515],[80.265,13.516],[80.264,13.516],[80.264,13.517],[80.265,13.517],[80.265,13.519],[80.265,13.519],[80.265,13.52],[80.265,13.52]]],[[[80.193,13.521],[80.193,13.52],[80.194,13.52],[80.194,13.52],[80.194,13.52],[80.194,13.52],[80.194,13.52],[80.194,13.519],[80.195,13.519],[80.195,13.519],[80.195,13.519],[80.195,13.518],[80.195,13.518],[80.195,13.518],[80.195,13.518],[80.195,13.518],[80.196,13.518],[80.196,13.517],[80.196,13.517],[80.196,13.515],[80.196,13.515],[80.196,13.515],[80.197,13.515],[80.197,13.514],[80.197,13.514],[80.197,13.514],[80.197,13.514],[80.197,13.513],[80.196,13.513],[80.196,13.513],[80.195,13.513],[80.195,13.513],[80.193,13.513],[80.193,13.514],[80.192,13.514],[80.192,13.514],[80.191,13.514],[80.191,13.514],[80.191,13.514],[80.191,13.515],[80.19,13.515],[80.19,13.515],[80.189,13.515],[80.189,13.515],[80.188,13.515],[80.188,13.516],[80.188,13.516],[80.188,13.517],[80.188,13.517],[80.188,13.518],[80.188,13.518],[80.188,13.519],[80.188,13.519],[80.188,13.52],[80.19,13.52],[80.19,13.52],[80.192,13.52],[80.192,13.521],[80.193,13.521]]],[[[80.185,13.535],[80.185,13.535],[80.185,13.535],[80.185,13.535],[80.185,13.535],[80.185,13.534],[80.185,13.534],[80.185,13.534],[80.185,13.534],[80.185,13.533],[80.185,13.533],[80.185,13.533],[80.184,13.533],[80.184,13.533],[80.184,13.533],[80.184,13.533],[80.181,13.533],[80.181,13.533],[80.18,13.533],[80.18,13.533],[80.18,13.533],[80.18,13.533],[80.18,13.533],[80.18,13.534],[80.182,13.534],[80.182,13.534],[80.182,13.534],[80.182,13.535],[80.183,13.535],[80.183,13.535],[80.184,13.535],[80.184,13.535],[80.184,13.535],[80.184,13.535],[80.185,13.535]]],[[[80.053,13.589],[80.053,13.589],[80.054,13.589],[80.054,13.589],[80.056,13.589],[80.056,13.588],[80.056,13.588],[80.056,13.588],[80.057,13.588],[80.057,13.587],[80.057,13.587],[80.057,13.587],[80.057,13.587],[80.057,13.587],[80.055,13.587],[80.055,13.587],[80.054,13.587],[80.054,13.587],[80.054,13.587],[80.054,13.587],[80.054,13.587],[80.054,13.588],[80.053,13.588],[80.053,13.588],[80.053,13.588],[80.053,13.588],[80.052,13.588],[80.052,13.589],[80.053,13.589],[80.053,13.589],[80.053,13.589],[80.053,13.589],[80.053,13.589]]],[[[80.149,13.618],[80.16,13.579],[80.126,13.601],[80.149,13.618]]],[[[80.097,13.642],[80.097,13.641],[80.097,13.641],[80.097,13.64],[80.097,13.64],[80.097,13.639],[80.097,13.639],[80.097,13.638],[80.097,13.638],[80.097,13.638],[80.096,13.638],[80.096,13.637],[80.096,13.637],[80.096,13.637],[80.095,13.637],[80.095,13.637],[80.094,13.637],[80.094,13.637],[80.093,13.637],[80.093,13.636],[80.092,13.636],[80.092,13.637],[80.091,13.637],[80.091,13.637],[80.091,13.637],[80.092,13.637],[80.092,13.638],[80.092,13.638],[80.092,13.638],[80.092,13.638],[80.092,13.638],[80.092,13.638],[80.092,13.639],[80.093,13.639],[80.093,13.639],[80.093,13.639],[80.093,13.64],[80.093,13.64],[80.093,13.64],[80.093,13.64],[80.093,13.64],[80.094,13.64],[80.094,13.64],[80.094,13.64],[80.094,13.641],[80.095,13.641],[80.095,13.641],[80.095,13.641],[80.095,13.641],[80.095,13.641],[80.096,13.641],[80.096,13.642],[80.097,13.642]]],[[[80.107,13.653],[80.107,13.652],[80.106,13.652],[80.106,13.652],[80.107,13.652],[80.107,13.651],[80.107,13.651],[80.107,13.651],[80.107,13.651],[80.107,13.65],[80.108,13.65],[80.108,13.649],[80.108,13.649],[80.108,13.648],[80.108,13.648],[80.108,13.647],[80.108,13.647],[80.108,13.646],[80.108,13.646],[80.108,13.646],[80.107,13.646],[80.107,13.646],[80.107,13.646],[80.107,13.645],[80.106,13.645],[80.106,13.645],[80.106,13.645],[80.106,13.644],[80.106,13.644],[80.106,13.643],[80.105,13.643],[80.105,13.642],[80.105,13.642],[80.105,13.642],[80.105,13.642],[80.105,13.641],[80.105,13.641],[80.105,13.64],[80.104,13.64],[80.104,13.639],[80.104,13.639],[80.104,13.638],[80.104,13.638],[80.104,13.637],[80.103,13.637],[80.103,13.637],[80.103,13.637],[80.103,13.637],[80.103,13.637],[80.101,13.637],[80.101,13.637],[80.101,13.637],[80.101,13.637],[80.101,13.637],[80.101,13.638],[80.1,13.638],[80.1,13.638],[80.1,13.638],[80.1,13.639],[80.1,13.639],[80.1,13.64],[80.101,13.64],[80.101,13.64],[80.101,13.64],[80.101,13.64],[80.101,13.641],[80.101,13.641],[80.101,13.642],[80.102,13.642],[80.102,13.642],[80.102,13.642],[80.102,13.642],[80.102,13.642],[80.102,13.643],[80.102,13.643],[80.102,13.643],[80.103,13.643],[80.103,13.644],[80.103,13.644],[80.103,13.645],[80.103,13.645],[80.103,13.645],[80.103,13.645],[80.103,13.645],[80.104,13.645],[80.104,13.646],[80.104,13.646],[80.104,13.647],[80.104,13.647],[80.104,13.647],[80.105,13.647],[80.105,13.647],[80.105,13.647],[80.105,13.648],[80.105,13.648],[80.105,13.649],[80.105,13.649],[80.105,13.65],[80.106,13.65],[80.106,13.651],[80.106,13.651],[80.106,13.653],[80.106,13.653],[80.106,13.653],[80.107,13.653]]],[[[80.103,13.678],[80.103,13.677],[80.104,13.677],[80.104,13.677],[80.105,13.677],[80.105,13.677],[80.106,13.677],[80.106,13.676],[80.106,13.676],[80.106,13.675],[80.106,13.675],[80.106,13.675],[80.105,13.675],[80.105,13.673],[80.106,13.673],[80.106,13.672],[80.105,13.672],[80.105,13.67],[80.105,13.67],[80.105,13.669],[80.105,13.669],[80.105,13.668],[80.104,13.668],[80.104,13.668],[80.104,13.668],[80.104,13.669],[80.104,13.669],[80.104,13.671],[80.104,13.671],[80.104,13.672],[80.104,13.672],[80.104,13.672],[80.103,13.672],[80.103,13.673],[80.103,13.673],[80.103,13.674],[80.103,13.674],[80.103,13.675],[80.103,13.675],[80.103,13.676],[80.102,13.676],[80.102,13.677],[80.102,13.677],[80.102,13.678],[80.103,13.678]]],[[[80.06,15.2],[80.06,15.2],[80.06,15.2],[80.06,15.199],[80.061,15.199],[80.061,15.199],[80.061,15.199],[80.061,15.198],[80.062,15.198],[80.062,15.198],[80.062,15.198],[80.062,15.198],[80.062,15.198],[80.062,15.198],[80.062,15.198],[80.062,15.197],[80.061,15.197],[80.061,15.197],[80.061,15.197],[80.061,15.198],[80.061,15.198],[80.061,15.198],[80.06,15.198],[80.06,15.198],[80.06,15.198],[80.06,15.198],[80.06,15.198],[80.06,15.199],[80.06,15.199],[80.06,15.199],[80.059,15.199],[80.059,15.2],[80.06,15.2],[80.06,15.2],[80.06,15.2]]],[[[80.211,15.502],[80.211,15.501],[80.211,15.501],[80.211,15.501],[80.211,15.501],[80.211,15.5],[80.212,15.5],[80.212,15.5],[80.212,15.5],[80.212,15.499],[80.212,15.499],[80.212,15.499],[80.21,15.499],[80.21,15.499],[80.209,15.499],[80.209,15.5],[80.209,15.5],[80.209,15.5],[80.209,15.5],[80.209,15.501],[80.21,15.501],[80.21,15.501],[80.21,15.501],[80.21,15.502],[80.211,15.502]]],[[[81.028,15.766],[81.028,15.765],[81.029,15.765],[81.029,15.765],[81.03,15.765],[81.03,15.765],[81.03,15.765],[81.03,15.765],[81.03,15.765],[81.03,15.764],[81.029,15.764],[81.029,15.764],[81.029,15.764],[81.029,15.763],[81.029,15.763],[81.029,15.763],[81.028,15.763],[81.028,15.763],[81.028,15.763],[81.028,15.762],[81.028,15.762],[81.028,15.762],[81.028,15.762],[81.028,15.762],[81.027,15.762],[81.027,15.762],[81.027,15.762],[81.027,15.761],[81.027,15.761],[81.027,15.761],[81.027,15.761],[81.027,15.761],[81.026,15.761],[81.026,15.76],[81.026,15.76],[81.026,15.76],[81.026,15.76],[81.026,15.76],[81.025,15.76],[81.025,15.76],[81.025,15.76],[81.025,15.759],[81.025,15.759],[81.025,15.759],[81.025,15.759],[81.025,15.759],[81.024,15.759],[81.024,15.758],[81.024,15.758],[81.024,15.758],[81.024,15.758],[81.024,15.758],[81.023,15.758],[81.023,15.758],[81.022,15.758],[81.022,15.757],[81.021,15.757],[81.021,15.758],[81.02,15.758],[81.02,15.758],[81.02,15.758],[81.02,15.758],[81.02,15.758],[81.02,15.758],[81.021,15.758],[81.021,15.759],[81.021,15.759],[81.021,15.759],[81.022,15.759],[81.022,15.759],[81.022,15.759],[81.022,15.76],[81.023,15.76],[81.023,15.76],[81.023,15.76],[81.023,15.76],[81.024,15.76],[81.024,15.76],[81.024,15.76],[81.024,15.761],[81.025,15.761],[81.025,15.761],[81.025,15.761],[81.025,15.761],[81.026,15.761],[81.026,15.762],[81.026,15.762],[81.026,15.762],[81.026,15.762],[81.026,15.763],[81.027,15.763],[81.027,15.763],[81.027,15.763],[81.027,15.764],[81.027,15.764],[81.027,15.765],[81.027,15.765],[81.027,15.765],[81.028,15.765],[81.028,15.766],[81.028,15.766]]],[[[80.783,15.838],[80.783,15.837],[80.783,15.837],[80.783,15.837],[80.783,15.837],[80.783,15.837],[80.784,15.837],[80.784,15.836],[80.784,15.836],[80.784,15.836],[80.785,15.836],[80.785,15.836],[80.785,15.836],[80.785,15.835],[80.785,15.835],[80.785,15.835],[80.786,15.835],[80.786,15.835],[80.786,15.835],[80.786,15.835],[80.787,15.835],[80.787,15.834],[80.787,15.834],[80.787,15.834],[80.787,15.834],[80.787,15.834],[80.788,15.834],[80.788,15.833],[80.788,15.833],[80.788,15.833],[80.789,15.833],[80.789,15.833],[80.79,15.833],[80.79,15.833],[80.79,15.833],[80.79,15.832],[80.79,15.832],[80.79,15.832],[80.79,15.832],[80.79,15.832],[80.791,15.832],[80.791,15.831],[80.791,15.831],[80.791,15.831],[80.791,15.831],[80.791,15.83],[80.792,15.83],[80.792,15.83],[80.792,15.83],[80.792,15.828],[80.792,15.828],[80.792,15.827],[80.792,15.827],[80.792,15.827],[80.793,15.827],[80.793,15.827],[80.793,15.827],[80.793,15.827],[80.794,15.827],[80.794,15.826],[80.793,15.826],[80.793,15.826],[80.793,15.826],[80.793,15.826],[80.792,15.826],[80.792,15.825],[80.792,15.825],[80.792,15.824],[80.792,15.824],[80.792,15.824],[80.791,15.824],[80.791,15.824],[80.79,15.824],[80.79,15.824],[80.79,15.824],[80.79,15.824],[80.789,15.824],[80.789,15.825],[80.789,15.825],[80.789,15.825],[80.789,15.825],[80.789,15.826],[80.788,15.826],[80.788,15.827],[80.788,15.827],[80.788,15.827],[80.788,15.827],[80.788,15.828],[80.788,15.828],[80.788,15.828],[80.787,15.828],[80.787,15.828],[80.787,15.828],[80.787,15.829],[80.787,15.829],[80.787,15.829],[80.787,15.829],[80.787,15.83],[80.786,15.83],[80.786,15.83],[80.786,15.83],[80.786,15.831],[80.786,15.831],[80.786,15.832],[80.785,15.832],[80.785,15.832],[80.785,15.832],[80.785,15.832],[80.785,15.832],[80.785,15.833],[80.785,15.833],[80.785,15.833],[80.784,15.833],[80.784,15.834],[80.784,15.834],[80.784,15.834],[80.784,15.834],[80.784,15.835],[80.783,15.835],[80.783,15.835],[80.783,15.835],[80.783,15.835],[80.783,15.835],[80.783,15.836],[80.783,15.836],[80.783,15.836],[80.782,15.836],[80.782,15.837],[80.782,15.837],[80.782,15.838],[80.783,15.838]]],[[[80.788,15.843],[80.788,15.843],[80.788,15.843],[80.788,15.843],[80.789,15.843],[80.789,15.842],[80.789,15.842],[80.789,15.842],[80.79,15.842],[80.79,15.842],[80.79,15.842],[80.79,15.841],[80.79,15.841],[80.79,15.84],[80.79,15.84],[80.79,15.84],[80.79,15.84],[80.79,15.84],[80.789,15.84],[80.789,15.84],[80.789,15.84],[80.789,15.838],[80.789,15.838],[80.789,15.838],[80.788,15.838],[80.788,15.838],[80.788,15.838],[80.788,15.838],[80.787,15.838],[80.787,15.84],[80.787,15.84],[80.787,15.841],[80.787,15.841],[80.787,15.841],[80.787,15.841],[80.787,15.842],[80.786,15.842],[80.786,15.843],[80.787,15.843],[80.787,15.843],[80.787,15.843],[80.787,15.843],[80.788,15.843]]],[[[80.786,15.857],[80.786,15.856],[80.786,15.856],[80.786,15.856],[80.787,15.856],[80.787,15.856],[80.787,15.856],[80.787,15.855],[80.787,15.855],[80.787,15.855],[80.788,15.855],[80.788,15.855],[80.788,15.855],[80.788,15.852],[80.788,15.852],[80.788,15.851],[80.788,15.851],[80.788,15.849],[80.788,15.849],[80.788,15.846],[80.788,15.846],[80.788,15.846],[80.788,15.846],[80.788,15.845],[80.787,15.845],[80.787,15.845],[80.787,15.845],[80.787,15.845],[80.786,15.845],[80.786,15.846],[80.786,15.846],[80.786,15.846],[80.786,15.846],[80.786,15.847],[80.785,15.847],[80.785,15.847],[80.785,15.847],[80.785,15.848],[80.785,15.848],[80.785,15.848],[80.785,15.848],[80.785,15.85],[80.784,15.85],[80.784,15.852],[80.784,15.852],[80.784,15.852],[80.784,15.852],[80.784,15.855],[80.784,15.855],[80.784,15.855],[80.784,15.855],[80.784,15.855],[80.785,15.855],[80.785,15.856],[80.785,15.856],[80.785,15.856],[80.785,15.856],[80.785,15.856],[80.786,15.856],[80.786,15.857],[80.786,15.857]]],[[[80.773,15.862],[80.773,15.861],[80.774,15.861],[80.774,15.861],[80.774,15.861],[80.774,15.86],[80.774,15.86],[80.774,15.86],[80.775,15.86],[80.775,15.859],[80.775,15.859],[80.775,15.859],[80.775,15.859],[80.775,15.858],[80.776,15.858],[80.776,15.858],[80.776,15.858],[80.776,15.856],[80.776,15.856],[80.776,15.855],[80.777,15.855],[80.777,15.855],[80.777,15.855],[80.777,15.854],[80.777,15.854],[80.777,15.852],[80.778,15.852],[80.778,15.851],[80.778,15.851],[80.778,15.851],[80.779,15.851],[80.779,15.85],[80.779,15.85],[80.779,15.85],[80.779,15.85],[80.779,15.849],[80.78,15.849],[80.78,15.848],[80.78,15.848],[80.78,15.848],[80.78,15.848],[80.78,15.847],[80.78,15.847],[80.78,15.846],[80.781,15.846],[80.781,15.845],[80.78,15.845],[80.78,15.844],[80.78,15.843],[80.78,15.843],[80.78,15.844],[80.78,15.844],[80.78,15.844],[80.78,15.845],[80.779,15.845],[80.779,15.845],[80.779,15.845],[80.779,15.846],[80.779,15.846],[80.779,15.846],[80.778,15.846],[80.778,15.847],[80.778,15.847],[80.778,15.847],[80.778,15.847],[80.778,15.847],[80.778,15.847],[80.778,15.848],[80.777,15.848],[80.777,15.848],[80.777,15.848],[80.777,15.849],[80.777,15.849],[80.777,15.849],[80.777,15.849],[80.777,15.85],[80.776,15.85],[80.776,15.85],[80.776,15.85],[80.776,15.85],[80.776,15.85],[80.776,15.85],[80.775,15.85],[80.775,15.851],[80.775,15.851],[80.775,15.852],[80.775,15.852],[80.775,15.852],[80.775,15.852],[80.775,15.853],[80.774,15.853],[80.774,15.853],[80.774,15.853],[80.774,15.853],[80.774,15.853],[80.774,15.853],[80.773,15.853],[80.773,15.854],[80.773,15.854],[80.773,15.854],[80.773,15.854],[80.773,15.855],[80.773,15.855],[80.773,15.855],[80.772,15.855],[80.772,15.856],[80.772,15.856],[80.772,15.856],[80.772,15.856],[80.772,15.857],[80.772,15.857],[80.772,15.859],[80.772,15.859],[80.772,15.86],[80.772,15.86],[80.772,15.86],[80.772,15.86],[80.772,15.861],[80.773,15.861],[80.773,15.862],[80.773,15.862],[80.773,15.862],[80.773,15.862]]],[[[81.542,16.355],[81.542,16.355],[81.542,16.355],[81.542,16.355],[81.543,16.355],[81.543,16.355],[81.543,16.355],[81.543,16.354],[81.543,16.354],[81.543,16.354],[81.543,16.354],[81.543,16.354],[81.544,16.354],[81.544,16.353],[81.544,16.353],[81.544,16.353],[81.545,16.353],[81.545,16.353],[81.545,16.353],[81.545,16.353],[81.545,16.353],[81.545,16.353],[81.545,16.352],[81.546,16.352],[81.546,16.352],[81.546,16.352],[81.546,16.352],[81.546,16.352],[81.546,16.352],[81.547,16.352],[81.547,16.351],[81.547,16.351],[81.547,16.351],[81.547,16.351],[81.547,16.351],[81.547,16.351],[81.547,16.35],[81.547,16.35],[81.547,16.349],[81.547,16.349],[81.547,16.349],[81.546,16.349],[81.546,16.349],[81.545,16.349],[81.545,16.348],[81.545,16.348],[81.545,16.348],[81.544,16.348],[81.543,16.348],[81.543,16.348],[81.541,16.348],[81.541,16.349],[81.54,16.349],[81.54,16.348],[81.54,16.348],[81.54,16.349],[81.54,16.349],[81.54,16.348],[81.54,16.348],[81.54,16.349],[81.539,16.349],[81.539,16.348],[81.537,16.348],[81.537,16.349],[81.532,16.349],[81.532,16.349],[81.532,16.349],[81.532,16.349],[81.531,16.349],[81.531,16.349],[81.524,16.349],[81.524,16.349],[81.519,16.349],[81.519,16.35],[81.515,16.35],[81.515,16.35],[81.513,16.35],[81.513,16.35],[81.513,16.35],[81.513,16.351],[81.513,16.351],[81.513,16.352],[81.514,16.352],[81.514,16.352],[81.514,16.352],[81.514,16.352],[81.515,16.352],[81.515,16.352],[81.515,16.352],[81.515,16.353],[81.515,16.353],[81.515,16.353],[81.516,16.353],[81.516,16.353],[81.517,16.353],[81.517,16.353],[81.517,16.353],[81.517,16.354],[81.518,16.354],[81.518,16.354],[81.519,16.354],[81.519,16.354],[81.52,16.354],[81.52,16.355],[81.522,16.355],[81.522,16.354],[81.522,16.354],[81.522,16.353],[81.523,16.353],[81.523,16.352],[81.523,16.352],[81.523,16.352],[81.523,16.352],[81.523,16.352],[81.524,16.352],[81.524,16.351],[81.525,16.351],[81.525,16.351],[81.525,16.351],[81.525,16.351],[81.528,16.351],[81.528,16.351],[81.529,16.351],[81.529,16.352],[81.529,16.352],[81.529,16.352],[81.53,16.352],[81.53,16.352],[81.532,16.352],[81.532,16.352],[81.533,16.352],[81.533,16.352],[81.534,16.352],[81.534,16.352],[81.534,16.352],[81.534,16.353],[81.534,16.353],[81.534,16.353],[81.535,16.353],[81.535,16.353],[81.535,16.353],[81.535,16.353],[81.535,16.353],[81.535,16.354],[81.535,16.354],[81.535,16.354],[81.536,16.354],[81.536,16.354],[81.536,16.354],[81.536,16.355],[81.537,16.355],[81.537,16.355],[81.538,16.355],[81.538,16.355],[81.54,16.355],[81.54,16.355],[81.542,16.355]]],[[[81.535,16.356],[81.535,16.356],[81.535,16.356],[81.535,16.355],[81.535,16.355],[81.535,16.354],[81.535,16.354],[81.535,16.354],[81.535,16.354],[81.535,16.353],[81.534,16.353],[81.534,16.353],[81.534,16.353],[81.534,16.353],[81.533,16.353],[81.533,16.352],[81.533,16.352],[81.533,16.353],[81.532,16.353],[81.532,16.354],[81.532,16.354],[81.532,16.355],[81.532,16.355],[81.532,16.355],[81.532,16.355],[81.532,16.355],[81.533,16.355],[81.533,16.356],[81.533,16.356],[81.533,16.356],[81.535,16.356]]],[[[82.317,16.577],[82.317,16.575],[82.317,16.575],[82.317,16.574],[82.317,16.574],[82.317,16.574],[82.317,16.574],[82.317,16.573],[82.315,16.573],[82.315,16.574],[82.315,16.574],[82.315,16.575],[82.315,16.575],[82.315,16.575],[82.315,16.575],[82.315,16.576],[82.316,16.576],[82.316,16.576],[82.316,16.576],[82.316,16.577],[82.317,16.577]]],[[[82.262,16.678],[82.262,16.678],[82.263,16.678],[82.263,16.677],[82.263,16.677],[82.263,16.675],[82.263,16.675],[82.263,16.675],[82.263,16.675],[82.263,16.675],[82.263,16.675],[82.263,16.674],[82.263,16.674],[82.263,16.673],[82.263,16.673],[82.263,16.672],[82.263,16.672],[82.263,16.67],[82.263,16.67],[82.263,16.67],[82.262,16.67],[82.262,16.67],[82.262,16.67],[82.262,16.67],[82.262,16.67],[82.262,16.671],[82.262,16.671],[82.262,16.673],[82.261,16.673],[82.261,16.673],[82.261,16.673],[82.261,16.676],[82.261,16.676],[82.261,16.676],[82.261,16.676],[82.261,16.677],[82.261,16.677],[82.261,16.678],[82.262,16.678],[82.262,16.678],[82.262,16.678]]],[[[82.3,16.714],[82.3,16.714],[82.299,16.714],[82.299,16.714],[82.3,16.714]]],[[[82.308,16.717],[82.308,16.716],[82.308,16.716],[82.308,16.716],[82.309,16.716],[82.309,16.714],[82.308,16.714],[82.308,16.714],[82.308,16.714],[82.308,16.714],[82.308,16.714],[82.308,16.713],[82.307,16.713],[82.307,16.713],[82.307,16.713],[82.307,16.713],[82.306,16.713],[82.306,16.713],[82.305,16.713],[82.305,16.712],[82.304,16.712],[82.304,16.712],[82.303,16.712],[82.303,16.712],[82.302,16.712],[82.302,16.712],[82.302,16.712],[82.302,16.711],[82.302,16.711],[82.302,16.711],[82.3,16.711],[82.3,16.711],[82.3,16.711],[82.3,16.712],[82.3,16.712],[82.3,16.713],[82.3,16.713],[82.3,16.713],[82.301,16.713],[82.301,16.713],[82.301,16.713],[82.301,16.713],[82.301,16.713],[82.301,16.714],[82.302,16.714],[82.302,16.714],[82.302,16.714],[82.302,16.714],[82.303,16.714],[82.303,16.715],[82.303,16.715],[82.303,16.715],[82.304,16.715],[82.304,16.715],[82.304,16.715],[82.304,16.715],[82.305,16.715],[82.305,16.716],[82.305,16.716],[82.305,16.716],[82.305,16.716],[82.305,16.716],[82.307,16.716],[82.307,16.717],[82.308,16.717]]],[[[82.315,16.726],[82.315,16.725],[82.315,16.725],[82.315,16.723],[82.314,16.723],[82.314,16.723],[82.314,16.723],[82.314,16.72],[82.314,16.72],[82.314,16.72],[82.313,16.72],[82.313,16.72],[82.312,16.72],[82.312,16.719],[82.312,16.719],[82.312,16.719],[82.311,16.719],[82.311,16.719],[82.31,16.719],[82.31,16.719],[82.31,16.719],[82.31,16.719],[82.309,16.719],[82.309,16.72],[82.309,16.72],[82.309,16.72],[82.309,16.72],[82.309,16.72],[82.31,16.72],[82.31,16.721],[82.31,16.721],[82.31,16.721],[82.31,16.721],[82.31,16.722],[82.31,16.722],[82.31,16.722],[82.311,16.722],[82.311,16.722],[82.311,16.722],[82.311,16.723],[82.311,16.723],[82.311,16.723],[82.312,16.723],[82.312,16.723],[82.312,16.723],[82.312,16.724],[82.312,16.724],[82.312,16.724],[82.312,16.724],[82.312,16.724],[82.313,16.724],[82.313,16.725],[82.313,16.725],[82.313,16.725],[82.313,16.725],[82.313,16.725],[82.313,16.725],[82.313,16.725],[82.314,16.725],[82.314,16.726],[82.314,16.726],[82.314,16.726],[82.315,16.726]]],[[[82.332,16.725],[82.332,16.725],[82.332,16.725],[82.332,16.725],[82.332,16.725],[82.332,16.726],[82.331,16.726],[82.331,16.726],[82.332,16.726],[82.332,16.727],[82.332,16.727],[82.332,16.727],[82.332,16.727],[82.332,16.728],[82.332,16.728],[82.332,16.728],[82.332,16.728],[82.332,16.728],[82.333,16.728],[82.333,16.728],[82.333,16.728],[82.333,16.727],[82.333,16.727],[82.333,16.727],[82.333,16.727],[82.333,16.726],[82.333,16.726],[82.333,16.726],[82.334,16.726],[82.334,16.725],[82.333,16.725],[82.333,16.725],[82.332,16.725]]],[[[82.332,16.725],[82.34,16.685],[82.319,16.651],[82.317,16.611],[82.286,16.637],[82.266,16.672],[82.296,16.698],[82.327,16.723],[82.332,16.725]]],[[[83.172,17.569],[83.172,17.569],[83.172,17.569],[83.172,17.567],[83.172,17.567],[83.172,17.567],[83.172,17.567],[83.172,17.566],[83.171,17.566],[83.171,17.566],[83.171,17.566],[83.171,17.566],[83.17,17.566],[83.17,17.567],[83.171,17.567],[83.171,17.567],[83.171,17.567],[83.171,17.567],[83.171,17.567],[83.171,17.569],[83.172,17.569],[83.172,17.569],[83.172,17.569]]],[[[83.306,17.685],[83.306,17.683],[83.305,17.683],[83.305,17.683],[83.305,17.683],[83.305,17.683],[83.304,17.683],[83.304,17.683],[83.304,17.683],[83.304,17.682],[83.303,17.682],[83.303,17.683],[83.303,17.683],[83.303,17.683],[83.303,17.683],[83.303,17.683],[83.303,17.683],[83.303,17.684],[83.304,17.684],[83.304,17.684],[83.304,17.684],[83.304,17.684],[83.305,17.684],[83.305,17.685],[83.306,17.685]]],[[[83.312,17.685],[83.312,17.684],[83.311,17.684],[83.311,17.684],[83.31,17.684],[83.31,17.683],[83.31,17.683],[83.31,17.683],[83.309,17.683],[83.309,17.683],[83.308,17.683],[83.308,17.683],[83.308,17.683],[83.308,17.682],[83.307,17.682],[83.307,17.682],[83.307,17.682],[83.307,17.682],[83.306,17.682],[83.306,17.682],[83.305,17.682],[83.305,17.681],[83.304,17.681],[83.304,17.681],[83.304,17.681],[83.304,17.681],[83.303,17.681],[83.303,17.68],[83.302,17.68],[83.302,17.68],[83.302,17.68],[83.302,17.68],[83.301,17.68],[83.301,17.68],[83.3,17.68],[83.3,17.679],[83.299,17.679],[83.299,17.679],[83.298,17.679],[83.298,17.679],[83.298,17.679],[83.298,17.68],[83.299,17.68],[83.299,17.68],[83.3,17.68],[83.3,17.68],[83.3,17.68],[83.3,17.68],[83.302,17.68],[83.302,17.681],[83.302,17.681],[83.302,17.681],[83.303,17.681],[83.303,17.681],[83.303,17.681],[83.303,17.682],[83.304,17.682],[83.304,17.682],[83.305,17.682],[83.305,17.682],[83.305,17.682],[83.305,17.682],[83.306,17.682],[83.306,17.683],[83.307,17.683],[83.307,17.683],[83.307,17.683],[83.307,17.683],[83.308,17.683],[83.308,17.683],[83.309,17.683],[83.309,17.684],[83.309,17.684],[83.309,17.684],[83.31,17.684],[83.31,17.684],[83.311,17.684],[83.311,17.685],[83.311,17.685],[83.311,17.685],[83.312,17.685]]],[[[83.27,17.709],[83.27,17.708],[83.269,17.708],[83.269,17.708],[83.268,17.708],[83.268,17.71],[83.269,17.71],[83.269,17.71],[83.27,17.71],[83.27,17.709],[83.27,17.709]]],[[[82.3,16.714],[82.245,16.719],[82.218,16.752],[82.18,16.728],[82.227,16.705],[82.26,16.681],[82.268,16.642],[82.292,16.609],[82.279,16.572],[82.247,16.546],[82.21,16.531],[82.174,16.513],[82.138,16.495],[82.102,16.478],[82.066,16.459],[82.03,16.443],[81.995,16.421],[81.959,16.403],[81.92,16.392],[81.881,16.383],[81.842,16.37],[81.807,16.352],[81.771,16.333],[81.734,16.317],[81.695,16.328],[81.655,16.334],[81.615,16.339],[81.575,16.344],[81.537,16.359],[81.496,16.352],[81.454,16.352],[81.415,16.345],[81.378,16.362],[81.35,16.334],[81.381,16.36],[81.355,16.329],[81.319,16.313],[81.285,16.292],[81.256,16.264],[81.231,16.232],[81.213,16.195],[81.203,16.156],[81.194,16.116],[81.177,16.08],[81.157,16.045],[81.14,16.008],[81.131,15.967],[81.101,15.94],[81.072,15.913],[81.046,15.882],[81.018,15.853],[80.995,15.821],[81.006,15.782],[80.99,15.745],[80.954,15.727],[80.913,15.72],[80.874,15.713],[80.833,15.71],[80.803,15.737],[80.784,15.772],[80.808,15.74],[80.804,15.78],[80.81,15.82],[80.792,15.855],[80.754,15.87],[80.715,15.879],[80.669,15.88],[80.628,15.874],[80.589,15.867],[80.55,15.855],[80.512,15.841],[80.475,15.826],[80.438,15.808],[80.403,15.789],[80.369,15.768],[80.337,15.744],[80.308,15.716],[80.282,15.685],[80.261,15.651],[80.243,15.615],[80.232,15.577],[80.225,15.533],[80.203,15.499],[80.197,15.46],[80.171,15.429],[80.145,15.399],[80.121,15.366],[80.105,15.329],[80.091,15.292],[80.083,15.252],[80.087,15.211],[80.047,15.21],[80.076,15.183],[80.063,15.145],[80.051,15.105],[80.048,15.063],[80.052,15.022],[80.058,14.981],[80.066,14.941],[80.079,14.903],[80.086,14.86],[80.087,14.819],[80.098,14.781],[80.113,14.744],[80.137,14.711],[80.15,14.673],[80.162,14.634],[80.186,14.602],[80.192,14.562],[80.181,14.522],[80.177,14.481],[80.175,14.44],[80.172,14.39],[80.168,14.35],[80.152,14.313],[80.14,14.275],[80.133,14.235],[80.128,14.195],[80.127,14.154],[80.122,14.114],[80.137,14.076],[80.147,14.037],[80.16,13.998],[80.172,13.96],[80.162,14.0],[80.18,13.964],[80.195,13.927],[80.213,13.891],[80.227,13.852],[80.245,13.814],[80.251,13.774],[80.24,13.734],[80.234,13.694],[80.234,13.654],[80.243,13.615],[80.261,13.578],[80.277,13.542],[80.291,13.503],[80.308,13.467],[80.282,13.5],[80.267,13.538],[80.25,13.575],[80.227,13.607],[80.198,13.636],[80.184,13.673],[80.156,13.702],[80.146,13.663],[80.142,13.622],[80.109,13.645],[80.109,13.686],[80.081,13.657],[80.071,13.617],[80.055,13.581],[80.085,13.553],[80.108,13.52],[80.145,13.503],[80.183,13.493],[80.226,13.486],[80.263,13.472],[80.275,13.432],[80.313,13.406],[80.276,13.389],[80.265,13.428],[80.246,13.465],[80.209,13.482],[80.166,13.478],[80.131,13.497],[80.094,13.514],[80.051,13.531],[80.008,13.532],[80.037,13.499],[79.995,13.459],[79.961,13.428],[79.936,13.391],[79.929,13.344],[79.892,13.325],[79.851,13.303],[79.808,13.305],[79.768,13.29],[79.73,13.275],[79.775,13.234],[79.744,13.195],[79.706,13.209],[79.671,13.236],[79.669,13.282],[79.631,13.268],[79.589,13.26],[79.549,13.267],[79.536,13.311],[79.487,13.317],[79.429,13.324],[79.375,13.303],[79.422,13.287],[79.409,13.247],[79.445,13.222],[79.424,13.187],[79.378,13.182],[79.347,13.154],[79.317,13.119],[79.274,13.121],[79.233,13.128],[79.207,13.091],[79.179,13.06],[79.173,13.019],[79.131,13.017],[79.083,13.012],[79.044,13.044],[79.0,13.058],[78.959,13.065],[78.914,13.068],[78.927,13.023],[78.882,13.02],[78.88,13.07],[78.832,13.07],[78.787,13.062],[78.746,13.045],[78.702,13.056],[78.696,13.013],[78.651,13.018],[78.62,12.983],[78.636,12.938],[78.616,12.893],[78.599,12.849],[78.588,12.805],[78.578,12.766],[78.546,12.729],[78.548,12.686],[78.512,12.708],[78.493,12.67],[78.459,12.639],[78.425,12.615],[78.374,12.613],[78.339,12.632],[78.295,12.654],[78.267,12.687],[78.227,12.68],[78.229,12.72],[78.229,12.762],[78.24,12.803],[78.241,12.847],[78.303,12.847],[78.313,12.889],[78.344,12.918],[78.378,12.895],[78.425,12.893],[78.452,12.856],[78.449,12.897],[78.42,12.929],[78.426,12.97],[78.452,13.004],[78.467,13.041],[78.505,13.059],[78.528,13.097],[78.537,13.137],[78.566,13.172],[78.557,13.212],[78.577,13.262],[78.556,13.299],[78.526,13.269],[78.484,13.288],[78.445,13.301],[78.402,13.307],[78.368,13.328],[78.364,13.37],[78.367,13.415],[78.364,13.459],[78.37,13.5],[78.386,13.544],[78.367,13.58],[78.323,13.583],[78.281,13.578],[78.237,13.584],[78.196,13.561],[78.195,13.602],[78.161,13.623],[78.129,13.648],[78.091,13.633],[78.066,13.664],[78.105,13.684],[78.093,13.728],[78.118,13.777],[78.117,13.822],[78.088,13.855],[78.055,13.879],[78.016,13.854],[77.97,13.827],[77.942,13.871],[77.978,13.893],[77.978,13.938],[77.939,13.925],[77.906,13.899],[77.862,13.927],[77.822,13.931],[77.815,13.891],[77.808,13.847],[77.78,13.817],[77.741,13.804],[77.713,13.775],[77.709,13.733],[77.669,13.752],[77.614,13.76],[77.582,13.731],[77.542,13.735],[77.526,13.697],[77.48,13.703],[77.45,13.676],[77.458,13.723],[77.454,13.778],[77.419,13.8],[77.39,13.833],[77.347,13.84],[77.307,13.857],[77.256,13.839],[77.239,13.882],[77.201,13.867],[77.182,13.911],[77.165,13.866],[77.124,13.849],[77.158,13.825],[77.164,13.78],[77.134,13.753],[77.086,13.758],[77.035,13.769],[77.011,13.733],[76.986,13.767],[76.98,13.807],[77.006,13.85],[77.017,13.893],[77.019,13.935],[76.99,13.97],[76.964,14.002],[76.934,14.041],[76.974,14.058],[76.949,14.091],[76.927,14.127],[76.884,14.131],[76.917,14.158],[76.944,14.188],[76.986,14.173],[77.015,14.132],[77.01,14.092],[77.024,14.053],[77.069,14.047],[77.11,14.042],[77.134,14.01],[77.195,14.003],[77.243,14.006],[77.285,14.012],[77.33,13.995],[77.347,13.955],[77.343,13.912],[77.39,13.898],[77.408,13.936],[77.427,13.973],[77.387,13.974],[77.362,14.016],[77.335,14.048],[77.372,14.072],[77.396,14.111],[77.352,14.105],[77.379,14.138],[77.41,14.17],[77.454,14.163],[77.5,14.151],[77.501,14.193],[77.496,14.24],[77.479,14.285],[77.442,14.31],[77.395,14.329],[77.381,14.283],[77.405,14.249],[77.415,14.203],[77.377,14.217],[77.358,14.26],[77.307,14.274],[77.281,14.331],[77.232,14.311],[77.18,14.326],[77.141,14.336],[77.117,14.291],[77.112,14.248],[77.095,14.209],[77.055,14.232],[77.013,14.235],[76.97,14.235],[76.934,14.254],[76.95,14.294],[76.906,14.315],[76.879,14.346],[76.883,14.39],[76.919,14.411],[76.944,14.445],[76.973,14.478],[76.907,14.484],[76.864,14.475],[76.832,14.515],[76.795,14.541],[76.778,14.579],[76.77,14.656],[76.786,14.707],[76.788,14.752],[76.817,14.782],[76.85,14.812],[76.854,14.861],[76.863,14.902],[76.864,14.955],[76.824,14.954],[76.772,14.969],[76.785,15.017],[76.771,15.058],[76.797,15.091],[76.837,15.072],[76.87,15.044],[76.914,15.031],[76.967,15.013],[77.009,15.03],[77.051,15.004],[77.088,15.023],[77.118,15.051],[77.128,15.094],[77.153,15.132],[77.162,15.182],[77.141,15.218],[77.165,15.251],[77.139,15.285],[77.113,15.319],[77.069,15.319],[77.043,15.352],[77.033,15.396],[77.024,15.439],[76.996,15.467],[76.972,15.506],[77.027,15.5],[77.024,15.576],[77.027,15.629],[77.069,15.641],[77.116,15.625],[77.11,15.671],[77.084,15.709],[77.047,15.725],[77.057,15.772],[77.064,15.823],[77.022,15.832],[77.052,15.876],[77.077,15.91],[77.121,15.929],[77.171,15.946],[77.219,15.952],[77.263,15.951],[77.315,15.945],[77.36,15.942],[77.4,15.935],[77.453,15.932],[77.497,15.926],[77.515,15.963],[77.502,16.006],[77.496,16.048],[77.498,16.097],[77.488,16.147],[77.495,16.187],[77.489,16.242],[77.519,16.271],[77.565,16.298],[77.592,16.338],[77.549,16.345],[77.51,16.37],[77.461,16.375],[77.422,16.363],[77.373,16.38],[77.333,16.388],[77.285,16.403],[77.258,16.447],[77.292,16.474],[77.344,16.482],[77.379,16.511],[77.416,16.544],[77.437,16.581],[77.456,16.62],[77.428,16.65],[77.462,16.672],[77.461,16.713],[77.435,16.75],[77.467,16.777],[77.459,16.818],[77.458,16.879],[77.468,16.924],[77.479,16.968],[77.494,17.006],[77.483,17.053],[77.46,17.093],[77.424,17.114],[77.376,17.138],[77.368,17.183],[77.399,17.209],[77.42,17.249],[77.455,17.276],[77.451,17.327],[77.452,17.37],[77.492,17.356],[77.53,17.378],[77.51,17.427],[77.558,17.435],[77.604,17.443],[77.634,17.472],[77.684,17.473],[77.666,17.51],[77.621,17.522],[77.592,17.555],[77.548,17.549],[77.502,17.541],[77.472,17.569],[77.442,17.596],[77.448,17.647],[77.451,17.688],[77.489,17.707],[77.528,17.727],[77.566,17.764],[77.528,17.777],[77.526,17.827],[77.563,17.842],[77.593,17.87],[77.617,17.903],[77.62,17.944],[77.653,17.969],[77.621,17.998],[77.585,18.025],[77.548,18.048],[77.577,18.077],[77.597,18.121],[77.579,18.162],[77.564,18.201],[77.573,18.241],[77.599,18.273],[77.55,18.291],[77.553,18.331],[77.521,18.365],[77.555,18.418],[77.585,18.445],[77.546,18.463],[77.591,18.481],[77.601,18.522],[77.634,18.545],[77.676,18.541],[77.728,18.552],[77.747,18.589],[77.736,18.631],[77.733,18.676],[77.764,18.708],[77.803,18.729],[77.823,18.769],[77.837,18.807],[77.908,18.83],[77.899,18.884],[77.857,18.906],[77.854,18.952],[77.813,18.949],[77.787,18.984],[77.764,19.02],[77.762,19.062],[77.801,19.084],[77.842,19.087],[77.834,19.133],[77.854,19.169],[77.852,19.21],[77.867,19.255],[77.906,19.267],[77.862,19.284],[77.893,19.321],[77.937,19.336],[77.977,19.321],[78.012,19.301],[78.046,19.271],[78.095,19.25],[78.139,19.239],[78.183,19.242],[78.193,19.303],[78.182,19.345],[78.188,19.396],[78.215,19.427],[78.262,19.44],[78.309,19.456],[78.299,19.504],[78.285,19.55],[78.31,19.587],[78.296,19.632],[78.27,19.663],[78.305,19.688],[78.345,19.714],[78.361,19.754],[78.367,19.795],[78.341,19.833],[78.303,19.846],[78.308,19.908],[78.347,19.881],[78.384,19.864],[78.409,19.83],[78.465,19.816],[78.504,19.792],[78.558,19.816],[78.604,19.818],[78.648,19.801],[78.696,19.79],[78.738,19.779],[78.785,19.779],[78.825,19.76],[78.857,19.731],[78.864,19.687],[78.891,19.655],[78.935,19.662],[78.968,19.639],[78.971,19.597],[78.95,19.557],[78.993,19.562],[79.039,19.545],[79.097,19.53],[79.14,19.501],[79.169,19.468],[79.219,19.465],[79.216,19.511],[79.238,19.551],[79.244,19.593],[79.293,19.597],[79.33,19.574],[79.371,19.562],[79.414,19.533],[79.458,19.519],[79.513,19.518],[79.543,19.549],[79.566,19.511],[79.607,19.539],[79.64,19.575],[79.685,19.579],[79.73,19.597],[79.778,19.598],[79.811,19.574],[79.828,19.537],[79.864,19.514],[79.902,19.496],[79.933,19.469],[79.959,19.426],[79.971,19.382],[79.957,19.335],[79.949,19.289],[79.92,19.226],[79.935,19.184],[79.906,19.142],[79.863,19.116],[79.861,19.06],[79.903,19.048],[79.934,19.022],[79.931,18.975],[79.941,18.916],[79.939,18.859],[79.904,18.835],[79.932,18.784],[79.982,18.774],[80.019,18.751],[80.046,18.721],[80.082,18.702],[80.116,18.676],[80.152,18.695],[80.189,18.676],[80.225,18.696],[80.268,18.718],[80.296,18.686],[80.315,18.636],[80.331,18.597],[80.382,18.594],[80.45,18.626],[80.498,18.618],[80.529,18.59],[80.568,18.561],[80.604,18.541],[80.635,18.515],[80.651,18.472],[80.683,18.447],[80.713,18.406],[80.723,18.364],[80.743,18.322],[80.757,18.285],[80.787,18.256],[80.733,18.219],[80.735,18.172],[80.787,18.164],[80.819,18.192],[80.824,18.234],[80.864,18.217],[80.853,18.179],[80.86,18.138],[80.901,18.135],[80.937,18.155],[80.95,18.104],[80.964,18.05],[80.97,18.003],[80.976,17.963],[80.985,17.923],[81.002,17.865],[81.013,17.817],[81.045,17.784],[81.087,17.803],[81.121,17.828],[81.16,17.853],[81.213,17.833],[81.254,17.812],[81.298,17.81],[81.345,17.812],[81.384,17.803],[81.426,17.821],[81.467,17.825],[81.511,17.807],[81.554,17.816],[81.594,17.819],[81.637,17.836],[81.657,17.873],[81.698,17.876],[81.758,17.893],[81.789,17.921],[81.833,17.951],[81.874,17.96],[81.914,17.98],[81.957,17.997],[81.991,18.022],[82.017,18.055],[82.06,18.045],[82.108,18.054],[82.147,18.04],[82.177,18.011],[82.218,17.994],[82.261,17.982],[82.266,18.026],[82.288,18.061],[82.326,18.047],[82.341,18.087],[82.335,18.127],[82.325,18.166],[82.333,18.216],[82.337,18.266],[82.382,18.284],[82.343,18.307],[82.36,18.344],[82.375,18.383],[82.381,18.426],[82.412,18.465],[82.437,18.497],[82.474,18.537],[82.499,18.503],[82.526,18.471],[82.554,18.438],[82.533,18.397],[82.571,18.384],[82.599,18.354],[82.586,18.316],[82.588,18.275],[82.613,18.239],[82.649,18.264],[82.682,18.293],[82.717,18.315],[82.754,18.33],[82.778,18.371],[82.776,18.416],[82.818,18.439],[82.856,18.411],[82.885,18.379],[82.928,18.361],[82.969,18.358],[83.012,18.378],[83.053,18.375],[83.061,18.419],[83.018,18.44],[83.044,18.472],[83.073,18.515],[83.04,18.545],[83.054,18.586],[83.008,18.588],[83.009,18.631],[83.051,18.654],[83.071,18.689],[83.095,18.723],[83.116,18.762],[83.156,18.757],[83.202,18.742],[83.24,18.759],[83.275,18.785],[83.314,18.796],[83.356,18.8],[83.396,18.831],[83.388,18.871],[83.361,18.901],[83.361,18.948],[83.335,18.916],[83.327,18.957],[83.331,18.998],[83.377,18.995],[83.415,18.978],[83.443,18.948],[83.449,18.993],[83.478,19.021],[83.457,19.056],[83.5,19.062],[83.508,19.022],[83.548,19.045],[83.582,19.076],[83.594,19.115],[83.623,19.145],[83.65,19.115],[83.657,19.075],[83.684,19.044],[83.717,19.014],[83.726,18.976],[83.74,18.934],[83.768,18.902],[83.761,18.945],[83.74,18.978],[83.772,19.004],[83.808,18.968],[83.819,18.926],[83.842,18.888],[83.848,18.848],[83.883,18.82],[83.923,18.809],[83.964,18.804],[84.007,18.804],[84.048,18.783],[84.07,18.75],[84.114,18.755],[84.151,18.776],[84.204,18.783],[84.246,18.773],[84.284,18.791],[84.327,18.79],[84.345,18.827],[84.336,18.867],[84.378,18.874],[84.411,18.898],[84.416,18.938],[84.435,18.977],[84.415,19.012],[84.452,18.988],[84.489,19.021],[84.527,19.039],[84.566,19.065],[84.578,19.019],[84.609,19.047],[84.655,19.052],[84.62,19.077],[84.596,19.115],[84.64,19.122],[84.665,19.157],[84.705,19.149],[84.698,19.109],[84.761,19.071],[84.738,19.038],[84.713,19.007],[84.689,18.975],[84.662,18.945],[84.632,18.918],[84.604,18.89],[84.58,18.857],[84.561,18.822],[84.545,18.785],[84.514,18.76],[84.485,18.732],[84.458,18.702],[84.44,18.666],[84.412,18.637],[84.383,18.61],[84.358,18.579],[84.339,18.543],[84.308,18.518],[84.277,18.493],[84.246,18.467],[84.217,18.439],[84.188,18.412],[84.16,18.383],[84.137,18.35],[84.127,18.311],[84.092,18.291],[84.057,18.27],[84.021,18.253],[83.985,18.235],[83.95,18.217],[83.911,18.204],[83.875,18.188],[83.839,18.168],[83.802,18.153],[83.765,18.137],[83.729,18.119],[83.694,18.099],[83.661,18.077],[83.629,18.053],[83.596,18.03],[83.564,18.005],[83.547,17.969],[83.516,17.943],[83.482,17.921],[83.452,17.895],[83.427,17.863],[83.416,17.823],[83.39,17.792],[83.362,17.763],[83.345,17.727],[83.311,17.706],[83.272,17.712],[83.296,17.679],[83.266,17.653],[83.235,17.628],[83.215,17.593],[83.178,17.577],[83.144,17.556],[83.105,17.544],[83.069,17.527],[83.031,17.513],[83.002,17.485],[82.968,17.464],[82.932,17.447],[82.894,17.431],[82.858,17.413],[82.82,17.398],[82.783,17.381],[82.747,17.364],[82.711,17.347],[82.675,17.328],[82.639,17.309],[82.605,17.288],[82.571,17.267],[82.537,17.246],[82.504,17.223],[82.472,17.199],[82.44,17.174],[82.411,17.147],[82.382,17.119],[82.352,17.092],[82.323,17.064],[82.298,17.033],[82.28,16.996],[82.27,16.957],[82.25,16.919],[82.267,16.883],[82.303,16.864],[82.342,16.854],[82.362,16.893],[82.361,16.933],[82.339,16.968],[82.363,16.932],[82.365,16.892],[82.359,16.851],[82.349,16.812],[82.345,16.772],[82.328,16.735],[82.3,16.714]]]]}},{"type":"Feature","properties":{"NAME_1":"Arunachal Pradesh","state":"Arunachal Pradesh"},"geometry":{"type":"Polygon","coordinates":[[[96.158,29.383],[96.186,29.344],[96.197,29.298],[96.226,29.26],[96.266,29.237],[96.313,29.259],[96.351,29.272],[96.393,29.257],[96.371,29.218],[96.346,29.171],[96.306,29.168],[96.267,29.161],[96.228,29.146],[96.2,29.106],[96.163,29.087],[96.115,29.078],[96.15,29.053],[96.169,29.013],[96.18,28.969],[96.145,28.937],[96.175,28.904],[96.215,28.923],[96.256,28.959],[96.287,28.992],[96.322,29.013],[96.357,29.034],[96.404,29.035],[96.45,29.042],[96.492,29.066],[96.493,29.02],[96.481,28.982],[96.521,28.965],[96.538,28.923],[96.542,28.879],[96.567,28.842],[96.604,28.804],[96.616,28.765],[96.586,28.722],[96.532,28.711],[96.491,28.688],[96.495,28.644],[96.458,28.614],[96.428,28.587],[96.394,28.563],[96.343,28.551],[96.361,28.51],[96.341,28.47],[96.297,28.439],[96.264,28.413],[96.305,28.405],[96.362,28.394],[96.392,28.363],[96.43,28.381],[96.454,28.416],[96.497,28.424],[96.551,28.442],[96.599,28.466],[96.639,28.464],[96.681,28.451],[96.734,28.431],[96.767,28.39],[96.812,28.368],[96.852,28.368],[96.894,28.386],[96.921,28.352],[96.962,28.332],[97.004,28.318],[97.041,28.349],[97.079,28.365],[97.121,28.358],[97.159,28.327],[97.193,28.294],[97.234,28.281],[97.282,28.276],[97.322,28.252],[97.365,28.232],[97.401,28.201],[97.359,28.188],[97.327,28.154],[97.327,28.109],[97.312,28.07],[97.357,28.068],[97.39,28.037],[97.383,27.994],[97.376,27.944],[97.388,27.904],[97.344,27.894],[97.315,27.925],[97.256,27.91],[97.226,27.882],[97.196,27.856],[97.164,27.827],[97.128,27.801],[97.101,27.767],[97.062,27.757],[97.016,27.741],[96.997,27.703],[96.959,27.674],[96.927,27.642],[96.899,27.6],[96.915,27.56],[96.936,27.523],[96.914,27.488],[96.933,27.451],[96.966,27.415],[96.977,27.377],[97.0,27.34],[97.04,27.308],[97.063,27.272],[97.096,27.241],[97.12,27.205],[97.153,27.168],[97.156,27.126],[97.115,27.12],[97.072,27.109],[97.035,27.137],[96.993,27.161],[96.945,27.174],[96.903,27.181],[96.866,27.2],[96.89,27.237],[96.866,27.269],[96.85,27.306],[96.817,27.33],[96.785,27.359],[96.741,27.364],[96.699,27.366],[96.656,27.369],[96.613,27.369],[96.586,27.337],[96.55,27.315],[96.512,27.304],[96.471,27.312],[96.425,27.306],[96.383,27.298],[96.341,27.292],[96.29,27.294],[96.241,27.284],[96.196,27.265],[96.15,27.25],[96.099,27.231],[96.057,27.203],[96.023,27.166],[95.99,27.125],[95.963,27.082],[95.923,27.049],[95.877,27.02],[95.828,27.018],[95.78,26.99],[95.764,26.945],[95.745,26.901],[95.703,26.887],[95.668,26.908],[95.637,26.879],[95.622,26.837],[95.585,26.823],[95.546,26.838],[95.507,26.797],[95.483,26.755],[95.446,26.727],[95.406,26.697],[95.366,26.678],[95.324,26.669],[95.283,26.663],[95.251,26.692],[95.216,26.735],[95.233,26.772],[95.207,26.812],[95.198,26.852],[95.218,26.887],[95.232,26.926],[95.209,26.961],[95.2,27.006],[95.223,27.041],[95.267,27.04],[95.297,27.073],[95.335,27.096],[95.374,27.108],[95.42,27.131],[95.461,27.14],[95.464,27.182],[95.471,27.223],[95.506,27.255],[95.554,27.259],[95.59,27.23],[95.634,27.24],[95.679,27.254],[95.721,27.258],[95.785,27.279],[95.838,27.287],[95.878,27.267],[95.912,27.293],[95.963,27.317],[95.994,27.351],[96.002,27.393],[95.98,27.43],[95.943,27.446],[95.906,27.423],[95.865,27.429],[95.866,27.469],[95.89,27.506],[95.881,27.546],[95.846,27.568],[95.824,27.603],[95.787,27.623],[95.778,27.666],[95.773,27.711],[95.781,27.758],[95.808,27.79],[95.843,27.821],[95.892,27.857],[95.923,27.886],[95.952,27.923],[95.977,27.969],[95.826,27.977],[95.607,27.958],[95.566,27.932],[95.533,27.9],[95.384,27.842],[95.317,27.871],[95.237,27.848],[95.195,27.834],[95.052,27.79],[94.998,27.777],[94.93,27.757],[94.884,27.742],[94.849,27.711],[94.8,27.697],[94.764,27.675],[94.721,27.67],[94.683,27.65],[94.64,27.631],[94.601,27.622],[94.556,27.603],[94.516,27.585],[94.469,27.564],[94.431,27.596],[94.388,27.589],[94.345,27.585],[94.302,27.6],[94.262,27.61],[94.217,27.609],[94.234,27.571],[94.263,27.527],[94.222,27.507],[94.175,27.484],[94.141,27.448],[94.107,27.418],[94.072,27.383],[94.042,27.353],[94.0,27.335],[93.957,27.295],[93.919,27.257],[93.886,27.224],[93.857,27.191],[93.817,27.158],[93.827,27.112],[93.828,27.069],[93.787,27.054],[93.746,27.032],[93.706,27.008],[93.676,26.971],[93.624,26.964],[93.584,26.953],[93.526,26.949],[93.48,26.94],[93.437,26.956],[93.391,26.96],[93.348,26.963],[93.267,26.956],[93.222,26.949],[93.109,26.927],[93.069,26.924],[93.019,26.917],[92.983,26.936],[92.933,26.957],[92.9,26.996],[92.837,27.014],[92.785,27.031],[92.728,27.028],[92.682,27.032],[92.639,27.019],[92.585,26.962],[92.532,26.963],[92.491,26.965],[92.446,26.961],[92.4,26.926],[92.353,26.936],[92.303,26.924],[92.265,26.908],[92.209,26.897],[92.169,26.892],[92.124,26.89],[92.117,26.932],[92.113,26.976],[92.088,27.017],[92.064,27.052],[92.028,27.079],[92.028,27.123],[92.025,27.172],[92.057,27.203],[92.066,27.245],[92.095,27.273],[92.078,27.31],[92.057,27.349],[92.05,27.39],[92.043,27.431],[92.02,27.468],[91.979,27.465],[91.932,27.465],[91.891,27.473],[91.849,27.483],[91.809,27.473],[91.763,27.466],[91.72,27.47],[91.69,27.503],[91.653,27.483],[91.621,27.513],[91.591,27.544],[91.562,27.584],[91.558,27.633],[91.59,27.672],[91.616,27.702],[91.63,27.747],[91.63,27.794],[91.599,27.821],[91.556,27.831],[91.594,27.862],[91.638,27.855],[91.68,27.844],[91.71,27.813],[91.758,27.801],[91.799,27.808],[91.833,27.78],[91.858,27.742],[91.902,27.727],[91.945,27.729],[91.973,27.76],[92.038,27.757],[92.085,27.78],[92.12,27.811],[92.156,27.837],[92.2,27.857],[92.246,27.864],[92.277,27.825],[92.307,27.779],[92.35,27.791],[92.383,27.816],[92.427,27.812],[92.477,27.822],[92.515,27.84],[92.554,27.818],[92.586,27.857],[92.62,27.884],[92.669,27.9],[92.701,27.934],[92.73,27.972],[92.722,28.014],[92.695,28.048],[92.667,28.078],[92.68,28.118],[92.721,28.145],[92.758,28.167],[92.8,28.202],[92.826,28.172],[92.873,28.194],[92.913,28.235],[92.956,28.258],[92.99,28.234],[93.034,28.263],[93.024,28.303],[93.069,28.309],[93.111,28.315],[93.155,28.318],[93.207,28.323],[93.219,28.361],[93.232,28.401],[93.19,28.426],[93.222,28.47],[93.263,28.497],[93.289,28.543],[93.298,28.592],[93.33,28.616],[93.362,28.641],[93.405,28.652],[93.441,28.673],[93.484,28.68],[93.524,28.661],[93.607,28.656],[93.654,28.667],[93.7,28.68],[93.744,28.685],[93.785,28.671],[93.819,28.695],[93.858,28.706],[93.904,28.677],[93.944,28.689],[93.966,28.723],[93.99,28.766],[93.986,28.807],[94.003,28.847],[94.044,28.874],[94.079,28.906],[94.12,28.93],[94.155,28.955],[94.173,28.992],[94.185,29.039],[94.215,29.084],[94.258,29.117],[94.288,29.148],[94.331,29.15],[94.37,29.182],[94.414,29.213],[94.455,29.224],[94.494,29.217],[94.546,29.223],[94.573,29.256],[94.605,29.297],[94.624,29.337],[94.666,29.332],[94.704,29.308],[94.737,29.282],[94.767,29.253],[94.795,29.219],[94.793,29.17],[94.833,29.177],[94.881,29.182],[94.919,29.162],[94.968,29.16],[95.005,29.136],[94.987,29.174],[95.029,29.157],[95.078,29.146],[95.114,29.121],[95.155,29.113],[95.197,29.108],[95.24,29.111],[95.25,29.069],[95.298,29.063],[95.345,29.046],[95.4,29.035],[95.447,29.036],[95.474,29.066],[95.492,29.109],[95.528,29.135],[95.545,29.181],[95.58,29.217],[95.599,29.262],[95.638,29.25],[95.673,29.271],[95.702,29.3],[95.743,29.316],[95.773,29.352],[95.819,29.352],[95.859,29.368],[95.899,29.39],[95.957,29.383],[95.993,29.41],[96.035,29.443],[96.081,29.463],[96.113,29.428],[96.15,29.399],[96.158,29.383]]]}},{"type":"Feature","properties":{"NAME_1":"Assam","state":"Assam"},"geometry":{"type":"MultiPolygon","coordinates":[[[[89.871,25.537],[89.88,25.496],[89.858,25.53],[89.871,25.537]]],[[[89.871,25.537],[89.871,25.539],[89.873,25.54],[89.874,25.542],[89.875,25.542],[89.871,25.537]]],[[[95.952,27.942],[95.938,27.903],[95.911,27.873],[95.877,27.842],[95.835,27.816],[95.806,27.784],[95.788,27.742],[95.773,27.7],[95.786,27.656],[95.798,27.608],[95.832,27.579],[95.862,27.553],[95.882,27.515],[95.876,27.471],[95.849,27.435],[95.889,27.444],[95.933,27.447],[95.968,27.424],[96.0,27.398],[95.994,27.351],[95.963,27.324],[95.919,27.299],[95.898,27.264],[95.861,27.28],[95.81,27.281],[95.757,27.274],[95.715,27.259],[95.637,27.237],[95.59,27.23],[95.556,27.254],[95.516,27.269],[95.481,27.232],[95.469,27.191],[95.464,27.15],[95.42,27.131],[95.385,27.105],[95.335,27.096],[95.297,27.073],[95.267,27.04],[95.226,27.042],[95.155,27.006],[95.117,26.984],[95.087,26.953],[95.038,26.938],[94.999,26.924],[94.957,26.944],[94.914,26.943],[94.87,26.915],[94.846,26.877],[94.821,26.845],[94.802,26.806],[94.768,26.783],[94.732,26.764],[94.697,26.74],[94.659,26.725],[94.617,26.731],[94.585,26.703],[94.545,26.711],[94.51,26.683],[94.468,26.67],[94.434,26.625],[94.415,26.583],[94.401,26.544],[94.369,26.51],[94.337,26.485],[94.294,26.481],[94.289,26.525],[94.245,26.517],[94.211,26.49],[94.176,26.432],[94.179,26.389],[94.176,26.344],[94.136,26.338],[94.103,26.309],[94.078,26.275],[94.044,26.24],[94.031,26.199],[94.004,26.169],[93.998,26.129],[93.991,26.089],[93.975,26.052],[93.958,26.012],[93.969,25.961],[93.979,25.92],[93.94,25.901],[93.902,25.871],[93.852,25.863],[93.821,25.832],[93.781,25.845],[93.791,25.89],[93.793,25.931],[93.773,25.966],[93.736,25.931],[93.698,25.917],[93.706,25.853],[93.673,25.828],[93.634,25.81],[93.611,25.776],[93.573,25.761],[93.545,25.727],[93.523,25.693],[93.5,25.657],[93.461,25.642],[93.422,25.622],[93.39,25.595],[93.364,25.561],[93.36,25.52],[93.387,25.49],[93.417,25.453],[93.457,25.442],[93.467,25.403],[93.466,25.362],[93.463,25.32],[93.439,25.287],[93.404,25.263],[93.385,25.226],[93.361,25.192],[93.349,25.153],[93.339,25.106],[93.311,25.073],[93.268,25.05],[93.249,25.013],[93.253,24.973],[93.243,24.931],[93.235,24.89],[93.209,24.857],[93.196,24.816],[93.157,24.792],[93.12,24.811],[93.103,24.773],[93.097,24.732],[93.093,24.688],[93.085,24.648],[93.077,24.604],[93.073,24.561],[93.053,24.525],[93.046,24.482],[93.032,24.429],[93.0,24.403],[92.96,24.396],[92.912,24.413],[92.874,24.397],[92.833,24.376],[92.811,24.414],[92.79,24.456],[92.765,24.521],[92.744,24.475],[92.724,24.436],[92.707,24.392],[92.691,24.355],[92.652,24.335],[92.619,24.312],[92.616,24.271],[92.582,24.245],[92.547,24.224],[92.531,24.183],[92.495,24.16],[92.457,24.144],[92.434,24.181],[92.419,24.222],[92.377,24.251],[92.314,24.253],[92.26,24.25],[92.213,24.249],[92.264,24.362],[92.263,24.405],[92.239,24.447],[92.239,24.49],[92.233,24.53],[92.235,24.57],[92.246,24.619],[92.252,24.661],[92.273,24.699],[92.298,24.737],[92.29,24.777],[92.28,24.828],[92.244,24.849],[92.247,24.892],[92.288,24.906],[92.327,24.895],[92.365,24.882],[92.391,24.85],[92.432,24.852],[92.47,24.871],[92.498,24.904],[92.49,24.948],[92.461,24.976],[92.424,24.996],[92.438,25.034],[92.468,25.061],[92.48,25.1],[92.527,25.106],[92.565,25.131],[92.61,25.124],[92.644,25.151],[92.677,25.182],[92.716,25.194],[92.759,25.204],[92.798,25.213],[92.765,25.249],[92.792,25.285],[92.784,25.333],[92.75,25.354],[92.716,25.379],[92.68,25.409],[92.64,25.42],[92.605,25.442],[92.571,25.464],[92.594,25.503],[92.638,25.529],[92.657,25.563],[92.612,25.566],[92.573,25.56],[92.556,25.606],[92.517,25.62],[92.488,25.65],[92.46,25.683],[92.427,25.71],[92.405,25.744],[92.363,25.737],[92.318,25.724],[92.271,25.711],[92.229,25.716],[92.2,25.687],[92.161,25.672],[92.151,25.712],[92.158,25.757],[92.153,25.813],[92.175,25.847],[92.203,25.89],[92.164,25.912],[92.165,25.954],[92.192,25.985],[92.256,26.029],[92.302,26.076],[92.251,26.064],[92.21,26.071],[92.169,26.078],[92.133,26.046],[92.081,26.044],[92.04,26.036],[91.998,26.039],[91.958,26.019],[91.922,26.0],[91.892,26.03],[91.875,26.085],[91.827,26.118],[91.79,26.087],[91.731,26.059],[91.723,26.02],[91.72,25.978],[91.701,25.942],[91.669,25.905],[91.633,25.926],[91.632,25.971],[91.632,26.014],[91.588,26.03],[91.555,25.987],[91.524,25.959],[91.502,25.921],[91.479,25.885],[91.52,25.878],[91.478,25.858],[91.441,25.842],[91.401,25.851],[91.357,25.841],[91.306,25.796],[91.28,25.757],[91.232,25.729],[91.192,25.73],[91.186,25.77],[91.191,25.811],[91.198,25.855],[91.153,25.85],[91.081,25.829],[91.042,25.839],[91.006,25.821],[91.022,25.861],[90.985,25.89],[90.961,25.928],[90.918,25.943],[90.875,25.949],[90.832,25.945],[90.792,25.936],[90.758,25.911],[90.744,25.949],[90.686,25.951],[90.638,25.923],[90.605,25.947],[90.563,25.936],[90.525,25.901],[90.535,25.946],[90.514,25.982],[90.481,26.014],[90.429,25.989],[90.396,26.014],[90.347,26.003],[90.287,25.964],[90.227,25.955],[90.186,25.946],[90.147,25.964],[90.108,25.951],[90.079,25.919],[90.042,25.891],[90.012,25.85],[89.974,25.828],[89.951,25.792],[89.934,25.753],[89.893,25.735],[89.919,25.703],[89.947,25.659],[89.982,25.628],[90.018,25.608],[89.979,25.591],[89.942,25.568],[89.886,25.558],[89.885,25.603],[89.879,25.645],[89.858,25.68],[89.836,25.715],[89.844,25.755],[89.833,25.795],[89.831,25.838],[89.846,25.879],[89.873,25.912],[89.844,25.941],[89.872,25.969],[89.849,26.003],[89.817,26.033],[89.801,26.069],[89.784,26.106],[89.759,26.138],[89.723,26.155],[89.695,26.189],[89.731,26.211],[89.715,26.249],[89.717,26.293],[89.757,26.289],[89.778,26.328],[89.804,26.362],[89.841,26.378],[89.848,26.42],[89.869,26.457],[89.856,26.505],[89.865,26.548],[89.874,26.589],[89.857,26.632],[89.869,26.671],[89.859,26.713],[89.906,26.724],[89.948,26.723],[89.994,26.73],[90.045,26.729],[90.086,26.738],[90.128,26.749],[90.173,26.765],[90.183,26.804],[90.204,26.844],[90.244,26.858],[90.29,26.848],[90.341,26.872],[90.38,26.899],[90.422,26.898],[90.454,26.872],[90.5,26.842],[90.539,26.816],[90.581,26.798],[90.63,26.792],[90.67,26.781],[90.712,26.768],[90.762,26.774],[90.818,26.775],[90.871,26.78],[90.927,26.782],[90.971,26.785],[91.012,26.786],[91.054,26.779],[91.089,26.818],[91.13,26.808],[91.18,26.811],[91.237,26.809],[91.277,26.797],[91.327,26.78],[91.373,26.796],[91.398,26.83],[91.437,26.817],[91.478,26.792],[91.531,26.796],[91.591,26.805],[91.632,26.821],[91.679,26.805],[91.719,26.812],[91.758,26.829],[91.802,26.852],[91.853,26.912],[91.897,26.916],[91.942,26.895],[91.973,26.867],[92.017,26.851],[92.061,26.85],[92.097,26.869],[92.148,26.891],[92.195,26.891],[92.255,26.912],[92.301,26.908],[92.347,26.933],[92.4,26.926],[92.442,26.955],[92.484,26.965],[92.532,26.963],[92.585,26.962],[92.645,26.987],[92.657,27.038],[92.702,27.028],[92.769,27.033],[92.824,27.018],[92.872,27.008],[92.917,26.985],[92.951,26.949],[92.994,26.932],[93.038,26.918],[93.092,26.916],[93.184,26.939],[93.267,26.956],[93.348,26.963],[93.391,26.96],[93.437,26.956],[93.48,26.94],[93.526,26.949],[93.571,26.954],[93.624,26.964],[93.676,26.971],[93.706,27.004],[93.743,27.03],[93.772,27.062],[93.813,27.071],[93.827,27.112],[93.807,27.147],[93.84,27.173],[93.886,27.224],[93.919,27.257],[93.957,27.295],[93.99,27.325],[94.026,27.348],[94.063,27.369],[94.086,27.405],[94.117,27.431],[94.154,27.46],[94.187,27.491],[94.259,27.523],[94.241,27.57],[94.214,27.604],[94.245,27.636],[94.272,27.603],[94.312,27.59],[94.356,27.577],[94.395,27.589],[94.436,27.584],[94.479,27.577],[94.526,27.596],[94.569,27.606],[94.609,27.623],[94.648,27.642],[94.687,27.653],[94.726,27.67],[94.767,27.68],[94.818,27.697],[94.854,27.732],[94.93,27.757],[94.987,27.771],[95.031,27.775],[95.195,27.834],[95.237,27.848],[95.293,27.865],[95.384,27.842],[95.516,27.882],[95.544,27.913],[95.581,27.944],[95.826,27.977],[95.957,27.969],[95.952,27.942]]]]}},{"type":"Feature","properties":{"NAME_1":"Bihar","state":"Bihar"},"geometry":{"type":"MultiPolygon","coordinates":[[[[88.105,26.539],[88.105,26.536],[88.106,26.536],[88.102,26.534],[88.101,26.535],[88.101,26.536],[88.103,26.539],[88.105,26.539],[88.105,26.539]]],[[[84.12,27.514],[84.151,27.486],[84.191,27.472],[84.222,27.44],[84.262,27.446],[84.28,27.41],[84.313,27.386],[84.359,27.374],[84.399,27.37],[84.443,27.37],[84.488,27.358],[84.536,27.35],[84.589,27.341],[84.645,27.306],[84.684,27.236],[84.686,27.196],[84.684,27.154],[84.675,27.114],[84.655,27.077],[84.666,27.038],[84.708,27.024],[84.754,27.005],[84.794,26.998],[84.832,27.019],[84.86,26.99],[84.895,26.969],[84.946,26.964],[84.981,26.94],[85.003,26.906],[85.044,26.891],[85.024,26.855],[85.065,26.855],[85.102,26.871],[85.143,26.871],[85.187,26.87],[85.193,26.83],[85.197,26.785],[85.23,26.761],[85.286,26.754],[85.325,26.745],[85.364,26.763],[85.405,26.783],[85.449,26.783],[85.488,26.801],[85.532,26.825],[85.574,26.857],[85.622,26.869],[85.683,26.843],[85.723,26.82],[85.737,26.778],[85.736,26.737],[85.728,26.695],[85.735,26.654],[85.769,26.631],[85.806,26.615],[85.853,26.61],[85.852,26.568],[85.893,26.595],[85.93,26.613],[85.956,26.644],[86.002,26.655],[86.05,26.661],[86.09,26.643],[86.13,26.63],[86.169,26.614],[86.208,26.596],[86.247,26.609],[86.289,26.614],[86.329,26.619],[86.387,26.597],[86.433,26.573],[86.488,26.549],[86.528,26.543],[86.563,26.509],[86.605,26.489],[86.641,26.465],[86.679,26.454],[86.723,26.435],[86.763,26.448],[86.803,26.447],[86.845,26.44],[86.882,26.457],[86.932,26.489],[86.962,26.52],[87.002,26.526],[87.036,26.557],[87.074,26.585],[87.075,26.542],[87.088,26.485],[87.112,26.437],[87.164,26.404],[87.204,26.413],[87.248,26.414],[87.268,26.374],[87.309,26.368],[87.343,26.348],[87.359,26.388],[87.391,26.419],[87.434,26.425],[87.487,26.437],[87.539,26.421],[87.574,26.397],[87.615,26.39],[87.653,26.406],[87.68,26.435],[87.719,26.422],[87.756,26.408],[87.78,26.442],[87.818,26.46],[87.851,26.436],[87.888,26.476],[87.926,26.446],[87.968,26.397],[88.0,26.365],[88.035,26.388],[88.07,26.409],[88.099,26.443],[88.104,26.484],[88.107,26.526],[88.145,26.511],[88.18,26.534],[88.221,26.546],[88.2,26.511],[88.215,26.47],[88.248,26.439],[88.236,26.396],[88.274,26.377],[88.28,26.336],[88.239,26.313],[88.214,26.282],[88.177,26.262],[88.137,26.244],[88.106,26.216],[88.073,26.185],[88.032,26.174],[87.999,26.14],[87.957,26.129],[87.97,26.087],[87.931,26.069],[87.893,26.08],[87.849,26.045],[87.833,26.001],[87.825,25.959],[87.804,25.921],[87.818,25.881],[87.856,25.865],[87.899,25.86],[87.904,25.819],[87.898,25.772],[87.938,25.758],[87.961,25.725],[88.002,25.709],[88.043,25.695],[88.044,25.653],[88.04,25.61],[88.025,25.569],[88.042,25.532],[88.073,25.504],[88.037,25.487],[87.993,25.498],[87.964,25.533],[87.924,25.536],[87.899,25.504],[87.861,25.486],[87.828,25.459],[87.787,25.449],[87.771,25.412],[87.777,25.371],[87.791,25.322],[87.829,25.303],[87.854,25.268],[87.825,25.237],[87.788,25.22],[87.731,25.253],[87.696,25.279],[87.659,25.31],[87.614,25.316],[87.58,25.348],[87.547,25.324],[87.54,25.282],[87.499,25.292],[87.473,25.241],[87.472,25.195],[87.417,25.215],[87.377,25.223],[87.33,25.217],[87.311,25.17],[87.293,25.114],[87.251,25.106],[87.211,25.09],[87.177,25.064],[87.152,25.027],[87.153,24.983],[87.149,24.942],[87.154,24.9],[87.151,24.858],[87.109,24.851],[87.079,24.822],[87.086,24.782],[87.074,24.743],[87.071,24.703],[87.055,24.665],[87.044,24.624],[86.993,24.619],[86.953,24.628],[86.91,24.601],[86.906,24.56],[86.862,24.56],[86.821,24.568],[86.798,24.603],[86.754,24.615],[86.732,24.576],[86.687,24.57],[86.646,24.567],[86.607,24.594],[86.568,24.563],[86.536,24.536],[86.498,24.498],[86.484,24.459],[86.466,24.422],[86.462,24.377],[86.416,24.379],[86.381,24.412],[86.354,24.442],[86.304,24.445],[86.298,24.489],[86.301,24.532],[86.319,24.574],[86.28,24.584],[86.239,24.597],[86.195,24.585],[86.152,24.6],[86.122,24.63],[86.126,24.671],[86.119,24.712],[86.087,24.746],[86.043,24.744],[86.01,24.768],[85.976,24.746],[85.928,24.74],[85.887,24.786],[85.842,24.808],[85.786,24.799],[85.747,24.82],[85.721,24.787],[85.708,24.748],[85.687,24.701],[85.65,24.687],[85.661,24.647],[85.671,24.599],[85.633,24.581],[85.591,24.597],[85.564,24.562],[85.534,24.532],[85.498,24.549],[85.457,24.539],[85.411,24.545],[85.37,24.53],[85.323,24.526],[85.283,24.527],[85.254,24.498],[85.224,24.471],[85.183,24.469],[85.169,24.429],[85.127,24.412],[85.092,24.382],[85.076,24.422],[85.032,24.425],[84.99,24.412],[84.969,24.376],[84.925,24.378],[84.882,24.417],[84.88,24.463],[84.834,24.453],[84.833,24.511],[84.795,24.529],[84.763,24.502],[84.725,24.473],[84.684,24.459],[84.668,24.413],[84.629,24.4],[84.582,24.401],[84.546,24.374],[84.517,24.334],[84.502,24.295],[84.462,24.318],[84.417,24.331],[84.395,24.368],[84.355,24.391],[84.328,24.422],[84.293,24.451],[84.322,24.49],[84.312,24.534],[84.28,24.563],[84.249,24.532],[84.206,24.545],[84.179,24.51],[84.15,24.54],[84.129,24.501],[84.089,24.504],[84.078,24.545],[84.063,24.584],[84.038,24.619],[83.992,24.638],[83.972,24.597],[83.936,24.556],[83.879,24.537],[83.827,24.533],[83.782,24.524],[83.731,24.509],[83.682,24.516],[83.6,24.513],[83.547,24.524],[83.498,24.527],[83.525,24.567],[83.526,24.614],[83.507,24.649],[83.5,24.695],[83.483,24.731],[83.441,24.744],[83.411,24.775],[83.396,24.816],[83.368,24.863],[83.351,24.903],[83.358,24.946],[83.346,24.992],[83.316,25.027],[83.331,25.073],[83.34,25.112],[83.352,25.152],[83.347,25.193],[83.385,25.206],[83.404,25.242],[83.443,25.259],[83.48,25.282],[83.517,25.298],[83.554,25.314],[83.603,25.332],[83.643,25.341],[83.679,25.367],[83.709,25.395],[83.751,25.405],[83.797,25.408],[83.83,25.434],[83.848,25.471],[83.868,25.512],[83.914,25.554],[83.956,25.575],[83.992,25.601],[84.028,25.623],[84.077,25.638],[84.074,25.684],[84.094,25.72],[84.135,25.732],[84.174,25.716],[84.2,25.672],[84.248,25.663],[84.29,25.663],[84.324,25.704],[84.331,25.745],[84.372,25.738],[84.402,25.7],[84.449,25.714],[84.489,25.691],[84.528,25.715],[84.596,25.739],[84.61,25.777],[84.587,25.82],[84.547,25.841],[84.529,25.878],[84.485,25.889],[84.444,25.89],[84.409,25.924],[84.365,25.951],[84.314,25.948],[84.275,25.961],[84.24,25.983],[84.202,26.001],[84.167,26.025],[84.128,26.056],[84.091,26.097],[84.049,26.1],[84.034,26.137],[84.003,26.178],[84.021,26.214],[84.074,26.225],[84.11,26.242],[84.145,26.262],[84.172,26.304],[84.167,26.36],[84.131,26.382],[84.09,26.388],[84.045,26.404],[84.015,26.439],[83.961,26.437],[83.919,26.446],[83.905,26.494],[83.935,26.524],[83.984,26.531],[84.031,26.536],[84.055,26.568],[84.083,26.6],[84.08,26.641],[84.121,26.635],[84.167,26.624],[84.216,26.619],[84.259,26.607],[84.303,26.617],[84.351,26.62],[84.395,26.626],[84.402,26.671],[84.355,26.679],[84.319,26.716],[84.298,26.753],[84.259,26.741],[84.248,26.793],[84.25,26.838],[84.222,26.87],[84.181,26.857],[84.132,26.856],[84.112,26.892],[84.072,26.882],[84.048,26.932],[84.043,26.98],[84.036,27.029],[83.995,27.061],[84.019,27.093],[83.978,27.093],[83.939,27.107],[83.959,27.149],[83.985,27.182],[83.96,27.217],[83.925,27.243],[83.896,27.277],[83.926,27.304],[83.894,27.329],[83.855,27.311],[83.874,27.352],[83.906,27.376],[83.878,27.406],[83.915,27.441],[83.965,27.444],[84.006,27.441],[84.054,27.443],[84.071,27.479],[84.102,27.51],[84.12,27.514]]],[[[87.306,27.843],[87.307,27.837],[87.306,27.843],[87.306,27.843]]],[[[87.263,27.851],[87.252,27.843],[87.251,27.843],[87.251,27.843],[87.263,27.851]]],[[[87.263,27.851],[87.267,27.85],[87.266,27.849],[87.263,27.851]]]]}},{"type":"Feature","properties":{"NAME_1":"Chandigarh","state":"Chandigarh"},"geometry":{"type":"Polygon","coordinates":[[[76.82,30.686],[76.771,30.678],[76.733,30.697],[76.711,30.732],[76.723,30.771],[76.759,30.799],[76.798,30.785],[76.823,30.74],[76.821,30.697],[76.82,30.686]]]}},{"type":"Feature","properties":{"NAME_1":"Chhattisgarh","state":"Chhattisgarh"},"geometry":{"type":"Polygon","coordinates":[[[83.328,24.1],[83.383,24.1],[83.421,24.084],[83.448,24.042],[83.501,24.031],[83.508,23.979],[83.534,23.942],[83.543,23.898],[83.572,23.863],[83.611,23.853],[83.656,23.844],[83.695,23.821],[83.713,23.781],[83.73,23.744],[83.724,23.697],[83.744,23.659],[83.765,23.621],[83.798,23.59],[83.838,23.581],[83.883,23.573],[83.922,23.565],[83.932,23.611],[83.975,23.631],[84.013,23.605],[84.025,23.566],[84.015,23.526],[83.993,23.485],[83.97,23.448],[83.976,23.408],[83.975,23.365],[84.017,23.372],[84.061,23.343],[84.064,23.292],[84.051,23.247],[84.058,23.204],[84.034,23.168],[84.053,23.124],[84.097,23.105],[84.131,23.077],[84.124,23.037],[84.138,22.998],[84.168,22.971],[84.175,23.012],[84.212,22.986],[84.251,22.971],[84.307,22.968],[84.348,22.976],[84.379,22.949],[84.371,22.902],[84.358,22.861],[84.318,22.844],[84.312,22.803],[84.288,22.771],[84.242,22.748],[84.229,22.705],[84.215,22.665],[84.165,22.645],[84.115,22.635],[84.059,22.607],[84.021,22.587],[84.002,22.547],[83.974,22.514],[84.013,22.485],[84.04,22.449],[84.022,22.41],[84.004,22.368],[83.957,22.361],[83.916,22.36],[83.872,22.339],[83.829,22.324],[83.805,22.29],[83.771,22.257],[83.719,22.243],[83.679,22.241],[83.626,22.206],[83.606,22.158],[83.567,22.114],[83.589,22.076],[83.551,22.056],[83.539,22.014],[83.535,21.964],[83.588,21.926],[83.577,21.886],[83.584,21.844],[83.541,21.835],[83.537,21.794],[83.498,21.806],[83.478,21.765],[83.467,21.711],[83.428,21.692],[83.466,21.644],[83.453,21.605],[83.441,21.649],[83.405,21.632],[83.368,21.597],[83.367,21.553],[83.349,21.516],[83.342,21.474],[83.366,21.44],[83.39,21.402],[83.394,21.361],[83.335,21.356],[83.287,21.371],[83.261,21.337],[83.273,21.296],[83.232,21.265],[83.219,21.224],[83.205,21.184],[83.193,21.139],[83.153,21.126],[83.12,21.101],[83.071,21.108],[83.033,21.124],[82.999,21.148],[82.96,21.174],[82.922,21.158],[82.879,21.149],[82.84,21.163],[82.796,21.151],[82.752,21.16],[82.711,21.156],[82.662,21.151],[82.64,21.117],[82.626,21.077],[82.622,21.037],[82.595,20.997],[82.567,20.967],[82.536,20.93],[82.494,20.909],[82.481,20.861],[82.459,20.824],[82.416,20.826],[82.383,20.87],[82.341,20.868],[82.336,20.828],[82.337,20.779],[82.346,20.729],[82.351,20.678],[82.364,20.64],[82.348,20.602],[82.332,20.562],[82.349,20.523],[82.384,20.483],[82.419,20.457],[82.424,20.41],[82.403,20.365],[82.4,20.325],[82.428,20.29],[82.405,20.256],[82.414,20.213],[82.39,20.167],[82.388,20.127],[82.393,20.073],[82.425,20.044],[82.464,20.032],[82.502,20.014],[82.544,20.012],[82.582,19.99],[82.624,19.998],[82.681,19.995],[82.709,19.947],[82.7,19.907],[82.714,19.862],[82.691,19.826],[82.646,19.825],[82.623,19.789],[82.585,19.771],[82.574,19.824],[82.597,19.86],[82.555,19.87],[82.512,19.884],[82.476,19.901],[82.432,19.899],[82.389,19.882],[82.356,19.855],[82.298,19.883],[82.269,19.945],[82.233,19.996],[82.194,19.981],[82.156,20.002],[82.116,20.01],[82.076,20.044],[82.039,20.029],[82.001,20.049],[81.963,20.086],[81.922,20.087],[81.894,20.048],[81.86,20.023],[81.85,19.983],[81.847,19.941],[81.858,19.9],[81.898,19.879],[81.939,19.865],[81.961,19.824],[81.987,19.792],[82.029,19.792],[82.055,19.761],[82.043,19.723],[82.047,19.669],[82.051,19.624],[82.035,19.583],[82.046,19.539],[82.022,19.502],[82.067,19.511],[82.102,19.474],[82.119,19.424],[82.161,19.43],[82.174,19.377],[82.142,19.348],[82.18,19.332],[82.169,19.291],[82.152,19.239],[82.156,19.197],[82.178,19.161],[82.165,19.115],[82.2,19.092],[82.222,19.021],[82.24,18.91],[82.199,18.906],[82.163,18.872],[82.165,18.83],[82.159,18.788],[82.129,18.758],[82.085,18.758],[82.079,18.712],[82.034,18.719],[81.998,18.7],[81.957,18.683],[81.946,18.64],[81.905,18.646],[81.926,18.603],[81.944,18.566],[81.901,18.557],[81.875,18.521],[81.85,18.489],[81.798,18.44],[81.762,18.411],[81.747,18.356],[81.699,18.344],[81.658,18.339],[81.632,18.308],[81.592,18.297],[81.548,18.262],[81.523,18.227],[81.505,18.184],[81.516,18.14],[81.509,18.092],[81.481,18.05],[81.479,18.004],[81.467,17.955],[81.446,17.917],[81.437,17.876],[81.399,17.888],[81.398,17.847],[81.385,17.807],[81.345,17.812],[81.298,17.81],[81.254,17.812],[81.213,17.833],[81.176,17.849],[81.121,17.828],[81.087,17.803],[81.045,17.784],[81.013,17.817],[81.002,17.865],[80.994,17.914],[80.976,17.963],[80.97,18.003],[80.966,18.043],[80.944,18.081],[80.949,18.123],[80.974,18.158],[80.932,18.149],[80.893,18.134],[80.856,18.149],[80.849,18.193],[80.834,18.233],[80.819,18.192],[80.787,18.164],[80.745,18.165],[80.732,18.205],[80.769,18.236],[80.766,18.278],[80.744,18.317],[80.724,18.357],[80.727,18.4],[80.691,18.419],[80.674,18.456],[80.637,18.494],[80.611,18.534],[80.568,18.561],[80.532,18.586],[80.498,18.618],[80.455,18.625],[80.418,18.611],[80.371,18.603],[80.319,18.622],[80.299,18.679],[80.271,18.714],[80.241,18.749],[80.28,18.768],[80.319,18.796],[80.349,18.824],[80.326,18.87],[80.298,18.9],[80.268,18.929],[80.267,18.981],[80.293,19.022],[80.316,19.065],[80.33,19.107],[80.336,19.148],[80.373,19.175],[80.377,19.217],[80.408,19.248],[80.445,19.27],[80.462,19.308],[80.5,19.341],[80.532,19.374],[80.568,19.401],[80.586,19.353],[80.604,19.312],[80.658,19.324],[80.684,19.287],[80.731,19.284],[80.766,19.308],[80.803,19.332],[80.839,19.355],[80.809,19.397],[80.825,19.439],[80.867,19.443],[80.892,19.482],[80.874,19.522],[80.837,19.541],[80.785,19.56],[80.758,19.59],[80.721,19.608],[80.662,19.609],[80.662,19.663],[80.646,19.706],[80.59,19.734],[80.55,19.765],[80.544,19.811],[80.508,19.83],[80.46,19.811],[80.478,19.772],[80.436,19.792],[80.395,19.795],[80.432,19.81],[80.464,19.836],[80.498,19.869],[80.469,19.903],[80.415,19.903],[80.431,19.941],[80.473,19.931],[80.52,19.931],[80.535,19.971],[80.535,20.011],[80.545,20.06],[80.541,20.105],[80.504,20.129],[80.459,20.145],[80.401,20.14],[80.395,20.182],[80.388,20.231],[80.423,20.253],[80.465,20.272],[80.511,20.27],[80.539,20.3],[80.584,20.319],[80.611,20.349],[80.59,20.384],[80.6,20.427],[80.605,20.481],[80.61,20.532],[80.614,20.577],[80.592,20.613],[80.551,20.599],[80.512,20.585],[80.482,20.617],[80.508,20.655],[80.547,20.671],[80.56,20.712],[80.552,20.753],[80.546,20.801],[80.55,20.846],[80.55,20.889],[80.542,20.934],[80.501,20.929],[80.459,20.928],[80.441,20.965],[80.427,21.005],[80.448,21.04],[80.442,21.081],[80.439,21.121],[80.454,21.159],[80.49,21.178],[80.521,21.204],[80.561,21.206],[80.599,21.225],[80.632,21.247],[80.652,21.283],[80.666,21.322],[80.675,21.364],[80.693,21.401],[80.712,21.439],[80.728,21.477],[80.725,21.518],[80.714,21.559],[80.709,21.601],[80.72,21.641],[80.716,21.681],[80.724,21.722],[80.743,21.758],[80.783,21.74],[80.814,21.767],[80.832,21.805],[80.832,21.846],[80.825,21.887],[80.835,21.926],[80.847,21.967],[80.869,22.011],[80.877,22.051],[80.898,22.101],[80.939,22.119],[80.966,22.082],[80.988,22.048],[81.0,22.09],[80.972,22.121],[81.016,22.133],[81.013,22.177],[81.016,22.22],[81.049,22.244],[81.092,22.268],[81.115,22.303],[81.116,22.344],[81.101,22.383],[81.105,22.433],[81.148,22.456],[81.18,22.49],[81.202,22.457],[81.256,22.472],[81.298,22.487],[81.323,22.524],[81.367,22.514],[81.385,22.478],[81.414,22.449],[81.45,22.473],[81.486,22.503],[81.515,22.534],[81.557,22.532],[81.6,22.536],[81.633,22.562],[81.641,22.608],[81.679,22.649],[81.718,22.664],[81.763,22.664],[81.748,22.72],[81.778,22.758],[81.776,22.8],[81.765,22.841],[81.786,22.877],[81.826,22.882],[81.862,22.905],[81.895,22.928],[81.928,22.954],[81.939,23.001],[81.919,23.037],[81.937,23.077],[81.98,23.086],[82.024,23.08],[82.061,23.116],[82.102,23.109],[82.151,23.142],[82.137,23.18],[82.143,23.222],[82.167,23.261],[82.189,23.298],[82.16,23.332],[82.132,23.362],[82.101,23.391],[82.057,23.394],[82.015,23.388],[81.987,23.42],[81.967,23.454],[81.949,23.497],[81.916,23.532],[81.87,23.515],[81.827,23.511],[81.805,23.546],[81.763,23.551],[81.723,23.559],[81.693,23.523],[81.653,23.528],[81.631,23.492],[81.605,23.525],[81.577,23.555],[81.58,23.597],[81.61,23.633],[81.643,23.66],[81.673,23.693],[81.677,23.735],[81.644,23.768],[81.636,23.816],[81.605,23.844],[81.598,23.886],[81.637,23.914],[81.677,23.91],[81.703,23.873],[81.731,23.839],[81.773,23.814],[81.817,23.811],[81.858,23.829],[81.898,23.848],[81.937,23.862],[81.984,23.862],[82.028,23.848],[82.063,23.819],[82.107,23.818],[82.156,23.822],[82.189,23.844],[82.221,23.81],[82.265,23.819],[82.304,23.81],[82.347,23.804],[82.388,23.801],[82.436,23.805],[82.483,23.798],[82.529,23.791],[82.548,23.827],[82.59,23.825],[82.63,23.839],[82.66,23.87],[82.671,23.91],[82.718,23.921],[82.775,23.939],[82.808,23.963],[82.849,23.947],[82.875,23.916],[82.917,23.895],[82.954,23.873],[83.021,23.883],[83.061,23.875],[83.127,23.89],[83.164,23.915],[83.202,23.941],[83.216,23.981],[83.242,24.014],[83.28,24.035],[83.292,24.077],[83.328,24.1]]]}},{"type":"Feature","properties":{"NAME_1":"Dadra and Nagar Haveli","state":"Dadra and Nagar Haveli"},"geometry":{"type":"Polygon","coordinates":[[[72.99,20.292],[73.025,20.313],[73.067,20.326],[73.101,20.356],[73.117,20.313],[73.161,20.317],[73.154,20.277],[73.113,20.244],[73.07,20.221],[73.074,20.177],[73.113,20.158],[73.152,20.176],[73.18,20.209],[73.219,20.19],[73.196,20.156],[73.218,20.106],[73.199,20.062],[73.157,20.074],[73.112,20.083],[73.061,20.099],[73.02,20.105],[72.98,20.125],[72.987,20.171],[72.97,20.212],[72.944,20.245],[72.93,20.284],[72.97,20.275],[72.99,20.292]]]}},{"type":"Feature","properties":{"NAME_1":"Daman and Diu","state":"Daman and Diu"},"geometry":{"type":"MultiPolygon","coordinates":[[[[72.86,20.471],[72.838,20.437],[72.869,20.406],[72.832,20.371],[72.831,20.411],[72.837,20.451],[72.86,20.471]]],[[[70.889,20.71],[70.889,20.709],[70.888,20.709],[70.888,20.709],[70.886,20.709],[70.886,20.71],[70.885,20.71],[70.885,20.709],[70.884,20.709],[70.884,20.71],[70.881,20.71],[70.881,20.709],[70.877,20.709],[70.877,20.709],[70.875,20.709],[70.875,20.709],[70.874,20.709],[70.874,20.71],[70.874,20.71],[70.874,20.71],[70.884,20.714],[70.888,20.711],[70.889,20.71]]],[[[70.949,20.734],[70.986,20.72],[70.949,20.705],[70.908,20.701],[70.934,20.736],[70.949,20.734]]],[[[70.768,20.962],[70.817,20.96],[70.862,20.961],[70.892,20.93],[70.9,20.886],[70.865,20.865],[70.82,20.858],[70.85,20.832],[70.891,20.833],[70.883,20.793],[70.849,20.766],[70.845,20.725],[70.822,20.691],[70.788,20.713],[70.747,20.719],[70.711,20.737],[70.676,20.757],[70.682,20.801],[70.679,20.844],[70.694,20.883],[70.718,20.916],[70.731,20.96],[70.768,20.962]]]]}},{"type":"Feature","properties":{"NAME_1":"Delhi","state":"Delhi"},"geometry":{"type":"Polygon","coordinates":[[[77.217,28.835],[77.194,28.802],[77.229,28.772],[77.256,28.74],[77.293,28.71],[77.327,28.685],[77.313,28.647],[77.336,28.609],[77.295,28.582],[77.311,28.544],[77.338,28.509],[77.301,28.49],[77.26,28.488],[77.226,28.464],[77.223,28.419],[77.179,28.412],[77.142,28.436],[77.109,28.457],[77.104,28.497],[77.067,28.521],[77.02,28.533],[76.977,28.524],[76.933,28.516],[76.887,28.511],[76.859,28.542],[76.833,28.583],[76.878,28.638],[76.924,28.629],[76.923,28.669],[76.954,28.701],[76.949,28.742],[76.942,28.788],[76.958,28.83],[77.007,28.835],[77.05,28.873],[77.099,28.872],[77.136,28.853],[77.184,28.862],[77.217,28.835]]]}},{"type":"Feature","properties":{"NAME_1":"Goa","state":"Goa"},"geometry":{"type":"MultiPolygon","coordinates":[[[[73.782,15.356],[73.782,15.355],[73.782,15.355],[73.782,15.355],[73.783,15.355],[73.783,15.355],[73.783,15.355],[73.783,15.355],[73.783,15.355],[73.783,15.354],[73.784,15.354],[73.784,15.354],[73.784,15.354],[73.784,15.354],[73.784,15.354],[73.784,15.353],[73.785,15.353],[73.785,15.352],[73.785,15.352],[73.785,15.352],[73.785,15.352],[73.785,15.351],[73.784,15.351],[73.784,15.351],[73.784,15.351],[73.784,15.351],[73.783,15.351],[73.783,15.35],[73.783,15.35],[73.783,15.35],[73.783,15.35],[73.783,15.349],[73.783,15.349],[73.783,15.349],[73.783,15.349],[73.783,15.349],[73.782,15.349],[73.782,15.348],[73.781,15.348],[73.781,15.349],[73.78,15.349],[73.78,15.349],[73.78,15.349],[73.78,15.35],[73.78,15.35],[73.78,15.35],[73.78,15.35],[73.78,15.351],[73.78,15.351],[73.78,15.351],[73.778,15.351],[73.778,15.351],[73.778,15.351],[73.778,15.35],[73.777,15.35],[73.777,15.35],[73.776,15.35],[73.776,15.35],[73.776,15.35],[73.776,15.35],[73.774,15.35],[73.774,15.35],[73.773,15.35],[73.773,15.35],[73.772,15.35],[73.772,15.35],[73.772,15.35],[73.772,15.35],[73.771,15.35],[73.771,15.35],[73.77,15.35],[73.77,15.351],[73.77,15.351],[73.77,15.351],[73.769,15.351],[73.769,15.351],[73.768,15.351],[73.768,15.351],[73.767,15.351],[73.767,15.351],[73.767,15.351],[73.767,15.35],[73.767,15.35],[73.767,15.35],[73.766,15.35],[73.766,15.35],[73.765,15.35],[73.765,15.35],[73.764,15.35],[73.764,15.35],[73.763,15.35],[73.763,15.351],[73.763,15.351],[73.763,15.351],[73.762,15.351],[73.762,15.351],[73.762,15.351],[73.762,15.352],[73.761,15.352],[73.761,15.352],[73.761,15.352],[73.761,15.352],[73.761,15.352],[73.761,15.354],[73.761,15.354],[73.761,15.354],[73.761,15.354],[73.761,15.355],[73.762,15.355],[73.762,15.355],[73.762,15.355],[73.762,15.355],[73.763,15.355],[73.763,15.355],[73.763,15.355],[73.763,15.355],[73.764,15.355],[73.764,15.354],[73.764,15.354],[73.764,15.354],[73.765,15.354],[73.765,15.354],[73.765,15.354],[73.765,15.353],[73.765,15.353],[73.765,15.353],[73.765,15.353],[73.765,15.353],[73.766,15.353],[73.766,15.352],[73.767,15.352],[73.767,15.353],[73.768,15.353],[73.768,15.353],[73.77,15.353],[73.77,15.353],[73.77,15.353],[73.77,15.353],[73.771,15.353],[73.771,15.353],[73.772,15.353],[73.772,15.353],[73.773,15.353],[73.773,15.354],[73.774,15.354],[73.774,15.354],[73.775,15.354],[73.775,15.354],[73.777,15.354],[73.777,15.355],[73.778,15.355],[73.778,15.355],[73.779,15.355],[73.779,15.355],[73.779,15.355],[73.779,15.355],[73.78,15.355],[73.78,15.356],[73.782,15.356]]],[[[73.797,15.379],[73.797,15.379],[73.797,15.379],[73.797,15.378],[73.798,15.378],[73.798,15.378],[73.799,15.378],[73.799,15.378],[73.799,15.378],[73.799,15.376],[73.799,15.376],[73.799,15.374],[73.798,15.374],[73.798,15.374],[73.798,15.374],[73.798,15.374],[73.798,15.374],[73.798,15.373],[73.798,15.373],[73.798,15.373],[73.797,15.373],[73.797,15.373],[73.797,15.373],[73.797,15.372],[73.796,15.372],[73.796,15.373],[73.796,15.373],[73.796,15.373],[73.795,15.373],[73.795,15.373],[73.795,15.373],[73.795,15.373],[73.795,15.373],[73.795,15.374],[73.794,15.374],[73.794,15.374],[73.794,15.374],[73.794,15.374],[73.794,15.374],[73.794,15.375],[73.793,15.375],[73.793,15.375],[73.793,15.375],[73.793,15.377],[73.793,15.377],[73.793,15.378],[73.793,15.378],[73.793,15.378],[73.793,15.378],[73.793,15.378],[73.794,15.378],[73.794,15.379],[73.795,15.379],[73.795,15.379],[73.797,15.379]]],[[[73.864,15.408],[73.864,15.408],[73.865,15.408],[73.865,15.407],[73.866,15.407],[73.866,15.407],[73.865,15.407],[73.865,15.404],[73.865,15.404],[73.865,15.404],[73.865,15.404],[73.865,15.404],[73.865,15.404],[73.865,15.403],[73.863,15.403],[73.863,15.403],[73.863,15.403],[73.863,15.403],[73.862,15.403],[73.862,15.404],[73.862,15.404],[73.862,15.404],[73.862,15.404],[73.862,15.405],[73.862,15.405],[73.862,15.405],[73.861,15.405],[73.861,15.406],[73.862,15.406],[73.862,15.407],[73.862,15.407],[73.862,15.408],[73.862,15.408],[73.862,15.408],[73.864,15.408]]],[[[73.88,15.779],[73.909,15.742],[73.95,15.733],[73.966,15.695],[73.974,15.655],[73.993,15.616],[74.036,15.609],[74.074,15.627],[74.113,15.643],[74.155,15.65],[74.19,15.681],[74.224,15.65],[74.254,15.623],[74.256,15.583],[74.279,15.549],[74.268,15.506],[74.273,15.465],[74.276,15.424],[74.286,15.383],[74.328,15.367],[74.328,15.313],[74.3,15.282],[74.268,15.258],[74.302,15.228],[74.322,15.184],[74.298,15.146],[74.288,15.106],[74.295,15.063],[74.29,15.022],[74.262,14.991],[74.242,14.946],[74.203,14.927],[74.163,14.913],[74.123,14.913],[74.085,14.9],[74.047,14.915],[74.048,14.956],[74.035,14.994],[74.003,15.018],[73.981,15.052],[73.948,15.075],[73.922,15.106],[73.944,15.14],[73.94,15.18],[73.93,15.219],[73.919,15.258],[73.907,15.297],[73.893,15.335],[73.874,15.37],[73.833,15.37],[73.802,15.395],[73.839,15.411],[73.877,15.397],[73.861,15.434],[73.826,15.454],[73.787,15.463],[73.764,15.497],[73.757,15.536],[73.741,15.573],[73.752,15.612],[73.721,15.637],[73.707,15.674],[73.692,15.712],[73.732,15.721],[73.776,15.731],[73.816,15.735],[73.845,15.763],[73.873,15.795],[73.88,15.779]]]]}},{"type":"Feature","properties":{"NAME_1":"Gujarat","state":"Gujarat"},"geometry":{"type":"MultiPolygon","coordinates":[[[[70.861,20.753],[70.861,20.753],[70.862,20.753],[70.862,20.752],[70.862,20.752],[70.862,20.752],[70.862,20.752],[70.862,20.75],[70.862,20.75],[70.862,20.749],[70.862,20.749],[70.862,20.749],[70.861,20.749],[70.861,20.748],[70.86,20.748],[70.86,20.748],[70.86,20.748],[70.86,20.748],[70.86,20.748],[70.86,20.747],[70.859,20.747],[70.859,20.747],[70.858,20.747],[70.858,20.747],[70.858,20.747],[70.858,20.746],[70.858,20.746],[70.858,20.746],[70.858,20.746],[70.858,20.745],[70.857,20.745],[70.857,20.743],[70.858,20.743],[70.858,20.742],[70.858,20.742],[70.858,20.742],[70.859,20.742],[70.859,20.741],[70.859,20.741],[70.859,20.741],[70.859,20.741],[70.859,20.74],[70.86,20.74],[70.86,20.739],[70.86,20.739],[70.86,20.739],[70.86,20.739],[70.86,20.738],[70.86,20.738],[70.86,20.737],[70.861,20.737],[70.861,20.736],[70.861,20.736],[70.861,20.735],[70.861,20.735],[70.861,20.734],[70.862,20.734],[70.862,20.733],[70.862,20.733],[70.862,20.733],[70.862,20.733],[70.862,20.733],[70.862,20.733],[70.862,20.732],[70.863,20.732],[70.863,20.732],[70.863,20.732],[70.863,20.732],[70.863,20.732],[70.863,20.731],[70.863,20.731],[70.863,20.731],[70.864,20.731],[70.864,20.73],[70.864,20.73],[70.864,20.73],[70.864,20.73],[70.864,20.73],[70.865,20.73],[70.865,20.729],[70.865,20.729],[70.865,20.729],[70.865,20.729],[70.865,20.729],[70.866,20.729],[70.866,20.728],[70.866,20.728],[70.866,20.728],[70.867,20.728],[70.867,20.728],[70.867,20.728],[70.867,20.728],[70.867,20.728],[70.867,20.727],[70.868,20.727],[70.868,20.727],[70.868,20.727],[70.868,20.727],[70.869,20.727],[70.869,20.727],[70.87,20.727],[70.87,20.726],[70.87,20.726],[70.87,20.726],[70.871,20.726],[70.871,20.726],[70.872,20.726],[70.872,20.725],[70.872,20.725],[70.872,20.725],[70.872,20.725],[70.872,20.725],[70.872,20.725],[70.872,20.724],[70.873,20.724],[70.873,20.723],[70.872,20.723],[70.872,20.723],[70.872,20.723],[70.872,20.722],[70.872,20.722],[70.872,20.722],[70.872,20.722],[70.872,20.722],[70.871,20.722],[70.871,20.72],[70.871,20.72],[70.871,20.72],[70.871,20.72],[70.871,20.719],[70.87,20.719],[70.87,20.719],[70.867,20.722],[70.866,20.726],[70.865,20.727],[70.862,20.726],[70.862,20.725],[70.862,20.724],[70.859,20.724],[70.855,20.725],[70.85,20.724],[70.847,20.723],[70.845,20.724],[70.845,20.725],[70.845,20.726],[70.84,20.728],[70.84,20.73],[70.851,20.745],[70.854,20.75],[70.855,20.751],[70.855,20.752],[70.857,20.752],[70.857,20.752],[70.858,20.752],[70.858,20.753],[70.86,20.753],[70.86,20.753],[70.86,20.753],[70.86,20.753],[70.86,20.753],[70.86,20.753],[70.861,20.753]]],[[[72.846,20.763],[72.846,20.763],[72.846,20.763],[72.846,20.763],[72.847,20.763],[72.847,20.762],[72.847,20.762],[72.847,20.763],[72.847,20.763],[72.849,20.763],[72.849,20.762],[72.85,20.762],[72.85,20.762],[72.85,20.762],[72.85,20.762],[72.852,20.762],[72.852,20.762],[72.853,20.762],[72.853,20.761],[72.853,20.761],[72.853,20.761],[72.854,20.761],[72.854,20.761],[72.854,20.761],[72.854,20.76],[72.854,20.76],[72.854,20.76],[72.855,20.76],[72.855,20.76],[72.855,20.76],[72.855,20.76],[72.855,20.76],[72.855,20.759],[72.856,20.759],[72.856,20.758],[72.856,20.758],[72.856,20.758],[72.856,20.758],[72.856,20.757],[72.857,20.757],[72.857,20.757],[72.857,20.757],[72.857,20.757],[72.857,20.756],[72.857,20.756],[72.857,20.755],[72.857,20.755],[72.857,20.754],[72.858,20.754],[72.858,20.753],[72.857,20.753],[72.857,20.752],[72.857,20.752],[72.857,20.752],[72.855,20.752],[72.855,20.752],[72.854,20.752],[72.854,20.753],[72.851,20.753],[72.851,20.753],[72.849,20.753],[72.849,20.753],[72.848,20.753],[72.848,20.753],[72.848,20.753],[72.848,20.754],[72.847,20.754],[72.847,20.754],[72.847,20.754],[72.847,20.754],[72.847,20.754],[72.847,20.755],[72.846,20.755],[72.846,20.755],[72.846,20.755],[72.846,20.755],[72.846,20.755],[72.846,20.756],[72.845,20.756],[72.845,20.756],[72.845,20.756],[72.845,20.757],[72.845,20.757],[72.845,20.757],[72.845,20.757],[72.845,20.758],[72.844,20.758],[72.844,20.759],[72.844,20.759],[72.844,20.762],[72.844,20.762],[72.844,20.763],[72.845,20.763],[72.845,20.763],[72.846,20.763]]],[[[71.388,20.867],[71.388,20.867],[71.388,20.867],[71.388,20.866],[71.388,20.866],[71.388,20.866],[71.388,20.866],[71.388,20.865],[71.387,20.865],[71.387,20.865],[71.387,20.864],[71.388,20.864],[71.388,20.863],[71.387,20.863],[71.387,20.864],[71.387,20.864],[71.387,20.864],[71.386,20.864],[71.386,20.864],[71.386,20.864],[71.386,20.865],[71.386,20.865],[71.386,20.865],[71.386,20.866],[71.387,20.866],[71.387,20.866],[71.387,20.866],[71.387,20.866],[71.387,20.866],[71.387,20.867],[71.387,20.867],[71.387,20.867],[71.388,20.867]]],[[[71.516,20.914],[71.516,20.914],[71.517,20.914],[71.517,20.914],[71.517,20.914],[71.517,20.913],[71.518,20.913],[71.518,20.913],[71.518,20.913],[71.518,20.912],[71.518,20.912],[71.518,20.911],[71.518,20.911],[71.518,20.91],[71.518,20.91],[71.518,20.91],[71.518,20.91],[71.518,20.909],[71.519,20.909],[71.519,20.909],[71.519,20.909],[71.519,20.908],[71.52,20.908],[71.52,20.907],[71.52,20.907],[71.52,20.906],[71.522,20.906],[71.522,20.906],[71.525,20.906],[71.525,20.906],[71.525,20.906],[71.525,20.907],[71.525,20.907],[71.525,20.907],[71.527,20.907],[71.527,20.906],[71.527,20.906],[71.527,20.906],[71.528,20.906],[71.529,20.906],[71.529,20.906],[71.529,20.906],[71.529,20.905],[71.53,20.905],[71.53,20.905],[71.53,20.905],[71.53,20.905],[71.53,20.905],[71.53,20.903],[71.53,20.903],[71.53,20.903],[71.529,20.903],[71.529,20.903],[71.528,20.903],[71.528,20.903],[71.528,20.903],[71.528,20.903],[71.528,20.903],[71.526,20.903],[71.526,20.903],[71.524,20.903],[71.524,20.903],[71.524,20.903],[71.524,20.904],[71.523,20.904],[71.523,20.903],[71.522,20.903],[71.522,20.903],[71.52,20.903],[71.52,20.903],[71.519,20.903],[71.519,20.904],[71.518,20.904],[71.518,20.904],[71.518,20.904],[71.518,20.904],[71.518,20.904],[71.518,20.905],[71.516,20.905],[71.516,20.904],[71.515,20.904],[71.515,20.904],[71.514,20.904],[71.514,20.903],[71.512,20.903],[71.512,20.903],[71.512,20.903],[71.512,20.903],[71.51,20.903],[71.51,20.903],[71.51,20.903],[71.51,20.902],[71.51,20.902],[71.51,20.903],[71.509,20.903],[71.509,20.903],[71.507,20.903],[71.507,20.903],[71.507,20.903],[71.507,20.903],[71.507,20.903],[71.507,20.904],[71.507,20.904],[71.507,20.904],[71.507,20.904],[71.507,20.905],[71.508,20.905],[71.508,20.905],[71.508,20.905],[71.508,20.906],[71.508,20.906],[71.508,20.906],[71.508,20.906],[71.508,20.907],[71.509,20.907],[71.509,20.907],[71.51,20.907],[71.51,20.907],[71.51,20.907],[71.51,20.908],[71.511,20.908],[71.511,20.908],[71.511,20.908],[71.511,20.909],[71.512,20.909],[71.512,20.909],[71.512,20.909],[71.512,20.909],[71.513,20.909],[71.513,20.911],[71.513,20.911],[71.513,20.911],[71.513,20.911],[71.512,20.911],[71.512,20.912],[71.513,20.912],[71.513,20.912],[71.513,20.912],[71.513,20.913],[71.514,20.913],[71.514,20.913],[71.515,20.913],[71.515,20.913],[71.515,20.913],[71.515,20.914],[71.515,20.914],[71.515,20.914],[71.516,20.914],[71.516,20.914],[71.516,20.914]]],[[[71.649,20.978],[71.649,20.977],[71.649,20.977],[71.649,20.977],[71.649,20.977],[71.649,20.976],[71.649,20.976],[71.649,20.976],[71.648,20.976],[71.648,20.975],[71.648,20.975],[71.648,20.975],[71.647,20.975],[71.647,20.975],[71.647,20.975],[71.647,20.975],[71.646,20.975],[71.646,20.975],[71.644,20.975],[71.644,20.975],[71.644,20.975],[71.644,20.976],[71.644,20.976],[71.644,20.976],[71.645,20.976],[71.645,20.977],[71.645,20.977],[71.645,20.977],[71.645,20.977],[71.645,20.977],[71.646,20.977],[71.646,20.977],[71.647,20.977],[71.647,20.978],[71.648,20.978],[71.648,20.978],[71.649,20.978]]],[[[71.687,20.997],[71.687,20.996],[71.687,20.996],[71.687,20.996],[71.687,20.996],[71.687,20.996],[71.687,20.996],[71.687,20.995],[71.688,20.995],[71.688,20.995],[71.688,20.995],[71.688,20.995],[71.688,20.995],[71.688,20.993],[71.687,20.993],[71.687,20.993],[71.687,20.992],[71.686,20.992],[71.686,20.992],[71.685,20.992],[71.685,20.992],[71.685,20.992],[71.685,20.992],[71.681,20.992],[71.681,20.992],[71.681,20.992],[71.681,20.991],[71.681,20.991],[71.681,20.991],[71.68,20.991],[71.68,20.991],[71.68,20.991],[71.68,20.99],[71.68,20.99],[71.68,20.99],[71.68,20.99],[71.68,20.99],[71.679,20.99],[71.679,20.99],[71.679,20.99],[71.679,20.989],[71.678,20.989],[71.678,20.989],[71.678,20.989],[71.678,20.989],[71.678,20.989],[71.678,20.988],[71.678,20.988],[71.678,20.988],[71.678,20.988],[71.678,20.988],[71.678,20.988],[71.678,20.987],[71.677,20.987],[71.677,20.987],[71.677,20.987],[71.677,20.987],[71.677,20.987],[71.677,20.986],[71.677,20.986],[71.677,20.986],[71.676,20.986],[71.676,20.986],[71.676,20.986],[71.676,20.985],[71.676,20.985],[71.676,20.985],[71.674,20.985],[71.674,20.985],[71.674,20.985],[71.674,20.985],[71.674,20.985],[71.674,20.986],[71.674,20.986],[71.674,20.987],[71.674,20.987],[71.674,20.987],[71.674,20.987],[71.674,20.988],[71.674,20.988],[71.674,20.989],[71.674,20.989],[71.674,20.99],[71.675,20.99],[71.675,20.99],[71.674,20.99],[71.674,20.99],[71.674,20.99],[71.674,20.991],[71.673,20.991],[71.673,20.991],[71.673,20.991],[71.673,20.991],[71.673,20.991],[71.673,20.991],[71.673,20.992],[71.673,20.992],[71.673,20.992],[71.674,20.992],[71.674,20.993],[71.674,20.993],[71.674,20.993],[71.675,20.993],[71.675,20.993],[71.675,20.993],[71.675,20.993],[71.675,20.993],[71.675,20.994],[71.676,20.994],[71.676,20.994],[71.677,20.994],[71.677,20.995],[71.677,20.995],[71.677,20.995],[71.678,20.995],[71.678,20.995],[71.679,20.995],[71.679,20.995],[71.68,20.995],[71.68,20.996],[71.681,20.996],[71.681,20.996],[71.682,20.996],[71.682,20.996],[71.683,20.996],[71.683,20.997],[71.687,20.997]]],[[[71.704,21.0],[71.704,20.999],[71.704,20.999],[71.704,20.999],[71.705,20.999],[71.705,20.999],[71.705,20.999],[71.705,20.998],[71.705,20.998],[71.705,20.997],[71.705,20.997],[71.705,20.997],[71.704,20.997],[71.704,20.996],[71.704,20.996],[71.704,20.996],[71.704,20.996],[71.704,20.995],[71.703,20.995],[71.703,20.996],[71.703,20.996],[71.703,20.996],[71.702,20.996],[71.702,20.997],[71.702,20.997],[71.702,20.996],[71.698,20.996],[71.698,20.997],[71.696,20.997],[71.696,20.997],[71.695,20.997],[71.695,20.997],[71.696,20.997],[71.696,20.998],[71.696,20.998],[71.696,20.998],[71.697,20.998],[71.697,20.998],[71.697,20.998],[71.697,20.998],[71.697,20.998],[71.697,20.999],[71.698,20.999],[71.698,20.999],[71.698,20.999],[71.698,20.999],[71.7,20.999],[71.7,21.0],[71.704,21.0]]],[[[71.71,21.0],[71.71,20.999],[71.712,20.999],[71.712,20.999],[71.713,20.999],[71.713,20.999],[71.714,20.999],[71.714,20.998],[71.713,20.998],[71.713,20.997],[71.713,20.997],[71.713,20.997],[71.711,20.997],[71.711,20.997],[71.71,20.997],[71.71,20.997],[71.708,20.997],[71.708,20.997],[71.707,20.997],[71.707,20.997],[71.706,20.997],[71.706,20.997],[71.706,20.997],[71.706,20.998],[71.707,20.998],[71.707,20.999],[71.707,20.999],[71.707,20.999],[71.708,20.999],[71.708,20.999],[71.708,20.999],[71.708,21.0],[71.71,21.0]]],[[[72.648,21.076],[72.648,21.075],[72.648,21.075],[72.648,21.075],[72.648,21.075],[72.648,21.075],[72.649,21.075],[72.649,21.075],[72.649,21.075],[72.649,21.074],[72.65,21.074],[72.65,21.074],[72.65,21.074],[72.65,21.074],[72.651,21.074],[72.651,21.074],[72.651,21.074],[72.651,21.074],[72.652,21.074],[72.652,21.075],[72.653,21.075],[72.653,21.074],[72.654,21.074],[72.654,21.074],[72.654,21.074],[72.654,21.074],[72.655,21.074],[72.655,21.073],[72.655,21.073],[72.655,21.073],[72.655,21.073],[72.655,21.072],[72.655,21.072],[72.655,21.072],[72.656,21.072],[72.656,21.071],[72.656,21.071],[72.656,21.071],[72.656,21.071],[72.656,21.071],[72.657,21.071],[72.657,21.069],[72.656,21.069],[72.656,21.068],[72.657,21.068],[72.657,21.068],[72.657,21.068],[72.657,21.067],[72.658,21.067],[72.658,21.067],[72.658,21.067],[72.658,21.066],[72.658,21.066],[72.658,21.065],[72.657,21.065],[72.657,21.065],[72.656,21.065],[72.656,21.065],[72.656,21.065],[72.656,21.066],[72.656,21.066],[72.656,21.066],[72.656,21.066],[72.656,21.067],[72.656,21.067],[72.656,21.067],[72.655,21.067],[72.655,21.067],[72.654,21.067],[72.654,21.066],[72.653,21.066],[72.653,21.065],[72.652,21.065],[72.652,21.066],[72.652,21.066],[72.652,21.066],[72.651,21.066],[72.651,21.067],[72.65,21.067],[72.65,21.067],[72.649,21.067],[72.649,21.067],[72.649,21.067],[72.649,21.068],[72.648,21.068],[72.648,21.068],[72.648,21.068],[72.648,21.068],[72.648,21.068],[72.648,21.068],[72.648,21.068],[72.648,21.069],[72.648,21.069],[72.648,21.069],[72.648,21.069],[72.648,21.07],[72.648,21.07],[72.648,21.07],[72.647,21.07],[72.647,21.07],[72.647,21.07],[72.647,21.071],[72.647,21.071],[72.647,21.071],[72.646,21.071],[72.646,21.071],[72.646,21.071],[72.646,21.072],[72.645,21.072],[72.645,21.072],[72.646,21.072],[72.646,21.072],[72.646,21.072],[72.646,21.073],[72.646,21.073],[72.646,21.074],[72.646,21.074],[72.646,21.074],[72.646,21.074],[72.646,21.074],[72.645,21.074],[72.645,21.075],[72.646,21.075],[72.646,21.076],[72.646,21.076],[72.646,21.076],[72.648,21.076]]],[[[72.679,21.099],[72.679,21.098],[72.68,21.098],[72.68,21.098],[72.68,21.098],[72.68,21.098],[72.68,21.097],[72.68,21.097],[72.68,21.097],[72.681,21.097],[72.681,21.095],[72.68,21.095],[72.68,21.096],[72.68,21.096],[72.68,21.096],[72.68,21.096],[72.68,21.097],[72.679,21.097],[72.679,21.097],[72.679,21.097],[72.679,21.098],[72.679,21.098],[72.678,21.098],[72.678,21.099],[72.679,21.099]]],[[[72.672,21.115],[72.672,21.114],[72.672,21.114],[72.672,21.113],[72.673,21.113],[72.673,21.113],[72.672,21.113],[72.672,21.108],[72.673,21.108],[72.673,21.106],[72.673,21.106],[72.673,21.104],[72.673,21.104],[72.673,21.103],[72.673,21.103],[72.673,21.103],[72.674,21.103],[72.674,21.102],[72.674,21.102],[72.674,21.102],[72.674,21.102],[72.674,21.101],[72.675,21.101],[72.675,21.101],[72.675,21.101],[72.675,21.101],[72.675,21.101],[72.675,21.1],[72.676,21.1],[72.676,21.1],[72.676,21.1],[72.676,21.099],[72.677,21.099],[72.677,21.098],[72.677,21.098],[72.676,21.098],[72.676,21.097],[72.674,21.097],[72.674,21.098],[72.674,21.098],[72.674,21.099],[72.674,21.099],[72.674,21.099],[72.673,21.099],[72.673,21.099],[72.673,21.099],[72.673,21.1],[72.672,21.1],[72.672,21.1],[72.672,21.1],[72.672,21.1],[72.672,21.1],[72.672,21.1],[72.671,21.1],[72.671,21.101],[72.671,21.101],[72.671,21.101],[72.671,21.101],[72.671,21.102],[72.67,21.102],[72.67,21.103],[72.67,21.103],[72.67,21.103],[72.67,21.103],[72.67,21.105],[72.67,21.105],[72.67,21.105],[72.669,21.105],[72.669,21.105],[72.67,21.105],[72.67,21.108],[72.669,21.108],[72.669,21.109],[72.67,21.109],[72.67,21.111],[72.669,21.111],[72.669,21.111],[72.67,21.111],[72.67,21.112],[72.67,21.112],[72.67,21.113],[72.67,21.113],[72.67,21.114],[72.67,21.114],[72.67,21.115],[72.671,21.115],[72.671,21.115],[72.672,21.115]]],[[[72.702,21.122],[72.702,21.121],[72.702,21.121],[72.702,21.118],[72.703,21.118],[72.703,21.117],[72.703,21.117],[72.703,21.116],[72.703,21.116],[72.703,21.115],[72.703,21.115],[72.703,21.114],[72.703,21.114],[72.703,21.113],[72.702,21.113],[72.702,21.113],[72.702,21.113],[72.702,21.113],[72.702,21.113],[72.702,21.113],[72.701,21.113],[72.701,21.112],[72.7,21.112],[72.7,21.113],[72.699,21.113],[72.699,21.113],[72.699,21.113],[72.699,21.113],[72.699,21.113],[72.699,21.114],[72.698,21.114],[72.698,21.115],[72.698,21.115],[72.698,21.116],[72.698,21.116],[72.698,21.117],[72.698,21.117],[72.698,21.117],[72.698,21.117],[72.698,21.119],[72.698,21.119],[72.698,21.119],[72.699,21.119],[72.699,21.12],[72.699,21.12],[72.699,21.12],[72.699,21.12],[72.699,21.12],[72.7,21.12],[72.7,21.12],[72.7,21.12],[72.7,21.121],[72.7,21.121],[72.7,21.121],[72.701,21.121],[72.701,21.122],[72.701,21.122],[72.701,21.122],[72.702,21.122],[72.702,21.122],[72.702,21.122],[72.702,21.122],[72.702,21.122]]],[[[72.677,21.156],[72.702,21.123],[72.666,21.142],[72.677,21.156]]],[[[72.103,21.274],[72.103,21.274],[72.103,21.274],[72.103,21.273],[72.103,21.273],[72.103,21.27],[72.103,21.27],[72.103,21.27],[72.103,21.27],[72.103,21.27],[72.102,21.27],[72.102,21.269],[72.102,21.269],[72.102,21.269],[72.102,21.269],[72.102,21.268],[72.102,21.268],[72.102,21.268],[72.101,21.268],[72.101,21.268],[72.101,21.268],[72.101,21.267],[72.101,21.267],[72.101,21.267],[72.1,21.267],[72.1,21.267],[72.1,21.267],[72.1,21.266],[72.1,21.266],[72.1,21.266],[72.1,21.266],[72.1,21.265],[72.099,21.265],[72.099,21.266],[72.099,21.266],[72.099,21.267],[72.1,21.267],[72.1,21.267],[72.1,21.267],[72.1,21.268],[72.1,21.268],[72.1,21.268],[72.1,21.268],[72.1,21.269],[72.101,21.269],[72.101,21.269],[72.101,21.269],[72.101,21.27],[72.101,21.27],[72.101,21.27],[72.102,21.27],[72.102,21.27],[72.102,21.27],[72.102,21.271],[72.102,21.271],[72.102,21.273],[72.102,21.273],[72.102,21.274],[72.103,21.274],[72.103,21.274],[72.103,21.274]]],[[[72.588,21.339],[72.588,21.338],[72.588,21.338],[72.588,21.337],[72.587,21.337],[72.587,21.336],[72.586,21.336],[72.586,21.337],[72.586,21.337],[72.586,21.337],[72.585,21.337],[72.585,21.337],[72.586,21.337],[72.586,21.337],[72.586,21.337],[72.586,21.338],[72.586,21.338],[72.586,21.338],[72.587,21.338],[72.587,21.338],[72.587,21.338],[72.587,21.339],[72.587,21.339],[72.587,21.34],[72.588,21.34],[72.588,21.339],[72.588,21.339]]],[[[72.583,21.365],[72.583,21.365],[72.584,21.365],[72.584,21.365],[72.583,21.365],[72.583,21.364],[72.583,21.364],[72.583,21.363],[72.583,21.363],[72.583,21.362],[72.582,21.362],[72.582,21.362],[72.582,21.362],[72.582,21.362],[72.582,21.362],[72.582,21.362],[72.581,21.362],[72.581,21.361],[72.581,21.361],[72.581,21.361],[72.58,21.361],[72.58,21.361],[72.58,21.361],[72.58,21.36],[72.58,21.36],[72.58,21.36],[72.579,21.36],[72.579,21.36],[72.579,21.36],[72.579,21.361],[72.579,21.361],[72.579,21.362],[72.58,21.362],[72.58,21.364],[72.58,21.364],[72.58,21.365],[72.581,21.365],[72.581,21.365],[72.582,21.365],[72.582,21.365],[72.582,21.365],[72.582,21.365],[72.583,21.365]]],[[[72.6,21.387],[72.6,21.384],[72.6,21.384],[72.6,21.379],[72.6,21.379],[72.6,21.378],[72.6,21.378],[72.6,21.378],[72.599,21.378],[72.599,21.377],[72.599,21.377],[72.599,21.377],[72.599,21.377],[72.599,21.377],[72.598,21.377],[72.598,21.377],[72.598,21.377],[72.598,21.376],[72.598,21.376],[72.598,21.376],[72.598,21.376],[72.598,21.376],[72.597,21.376],[72.597,21.375],[72.597,21.375],[72.597,21.375],[72.597,21.375],[72.597,21.375],[72.596,21.375],[72.596,21.375],[72.596,21.375],[72.596,21.374],[72.596,21.374],[72.596,21.374],[72.595,21.374],[72.595,21.374],[72.595,21.374],[72.595,21.373],[72.595,21.373],[72.595,21.373],[72.595,21.373],[72.595,21.373],[72.594,21.373],[72.594,21.373],[72.594,21.373],[72.594,21.372],[72.594,21.372],[72.594,21.372],[72.593,21.372],[72.593,21.372],[72.593,21.372],[72.593,21.372],[72.593,21.372],[72.593,21.371],[72.593,21.371],[72.593,21.371],[72.592,21.371],[72.592,21.371],[72.592,21.371],[72.592,21.37],[72.592,21.37],[72.592,21.37],[72.592,21.37],[72.592,21.37],[72.591,21.37],[72.591,21.37],[72.591,21.37],[72.591,21.369],[72.59,21.369],[72.59,21.369],[72.59,21.369],[72.59,21.369],[72.59,21.369],[72.59,21.368],[72.59,21.368],[72.59,21.368],[72.589,21.368],[72.589,21.368],[72.589,21.368],[72.589,21.368],[72.589,21.368],[72.589,21.367],[72.588,21.367],[72.588,21.368],[72.588,21.368],[72.588,21.368],[72.588,21.368],[72.588,21.368],[72.588,21.368],[72.588,21.368],[72.589,21.368],[72.589,21.369],[72.589,21.369],[72.589,21.369],[72.589,21.369],[72.589,21.369],[72.59,21.369],[72.59,21.37],[72.59,21.37],[72.59,21.37],[72.59,21.37],[72.59,21.37],[72.59,21.37],[72.59,21.371],[72.591,21.371],[72.591,21.371],[72.591,21.371],[72.591,21.371],[72.591,21.371],[72.591,21.372],[72.592,21.372],[72.592,21.372],[72.592,21.372],[72.592,21.372],[72.591,21.372],[72.591,21.372],[72.59,21.372],[72.59,21.373],[72.589,21.373],[72.589,21.373],[72.59,21.373],[72.59,21.373],[72.59,21.373],[72.59,21.374],[72.59,21.374],[72.59,21.374],[72.59,21.374],[72.59,21.375],[72.591,21.375],[72.591,21.375],[72.591,21.375],[72.591,21.376],[72.591,21.376],[72.591,21.376],[72.592,21.376],[72.592,21.377],[72.592,21.377],[72.592,21.377],[72.592,21.377],[72.592,21.378],[72.592,21.378],[72.592,21.378],[72.593,21.378],[72.593,21.379],[72.593,21.379],[72.593,21.379],[72.593,21.379],[72.593,21.38],[72.593,21.38],[72.593,21.38],[72.594,21.38],[72.594,21.381],[72.594,21.381],[72.594,21.381],[72.594,21.381],[72.594,21.381],[72.595,21.381],[72.595,21.382],[72.595,21.382],[72.595,21.382],[72.595,21.382],[72.595,21.382],[72.595,21.382],[72.595,21.383],[72.596,21.383],[72.596,21.383],[72.596,21.383],[72.596,21.383],[72.596,21.383],[72.596,21.384],[72.597,21.384],[72.597,21.384],[72.597,21.384],[72.597,21.385],[72.597,21.385],[72.597,21.385],[72.597,21.385],[72.597,21.385],[72.598,21.385],[72.598,21.386],[72.598,21.386],[72.598,21.386],[72.598,21.386],[72.598,21.387],[72.599,21.387],[72.599,21.387],[72.6,21.387],[72.6,21.387],[72.6,21.387]]],[[[72.628,21.417],[72.628,21.417],[72.628,21.417],[72.628,21.416],[72.628,21.416],[72.628,21.415],[72.628,21.415],[72.628,21.415],[72.628,21.415],[72.628,21.414],[72.627,21.414],[72.627,21.413],[72.627,21.413],[72.627,21.412],[72.627,21.412],[72.627,21.412],[72.627,21.412],[72.627,21.411],[72.626,21.411],[72.626,21.41],[72.626,21.41],[72.626,21.41],[72.626,21.41],[72.626,21.41],[72.625,21.41],[72.625,21.409],[72.625,21.409],[72.625,21.408],[72.625,21.408],[72.625,21.408],[72.625,21.408],[72.625,21.408],[72.624,21.408],[72.624,21.407],[72.624,21.407],[72.624,21.407],[72.624,21.407],[72.624,21.406],[72.623,21.406],[72.623,21.406],[72.623,21.406],[72.623,21.405],[72.623,21.405],[72.623,21.405],[72.623,21.405],[72.623,21.405],[72.622,21.405],[72.622,21.404],[72.622,21.404],[72.622,21.404],[72.622,21.404],[72.622,21.403],[72.622,21.403],[72.622,21.403],[72.621,21.403],[72.621,21.403],[72.621,21.403],[72.621,21.402],[72.62,21.402],[72.62,21.402],[72.62,21.402],[72.62,21.402],[72.62,21.402],[72.62,21.402],[72.62,21.402],[72.62,21.401],[72.619,21.401],[72.619,21.401],[72.619,21.401],[72.619,21.401],[72.618,21.401],[72.618,21.4],[72.618,21.4],[72.618,21.4],[72.618,21.4],[72.618,21.4],[72.617,21.4],[72.617,21.4],[72.617,21.4],[72.617,21.399],[72.617,21.399],[72.617,21.399],[72.617,21.399],[72.617,21.398],[72.616,21.398],[72.616,21.398],[72.616,21.398],[72.616,21.397],[72.616,21.397],[72.616,21.397],[72.615,21.397],[72.615,21.396],[72.615,21.396],[72.615,21.396],[72.615,21.396],[72.615,21.396],[72.613,21.396],[72.613,21.396],[72.612,21.396],[72.612,21.397],[72.612,21.397],[72.612,21.397],[72.612,21.397],[72.612,21.398],[72.613,21.398],[72.613,21.398],[72.613,21.398],[72.613,21.399],[72.613,21.399],[72.613,21.399],[72.613,21.399],[72.613,21.4],[72.614,21.4],[72.614,21.4],[72.614,21.4],[72.614,21.401],[72.614,21.401],[72.614,21.401],[72.615,21.401],[72.615,21.402],[72.615,21.402],[72.615,21.402],[72.615,21.402],[72.615,21.402],[72.615,21.402],[72.615,21.403],[72.616,21.403],[72.616,21.403],[72.616,21.403],[72.616,21.403],[72.616,21.403],[72.616,21.404],[72.617,21.404],[72.617,21.404],[72.617,21.404],[72.617,21.405],[72.617,21.405],[72.617,21.405],[72.617,21.405],[72.617,21.405],[72.618,21.405],[72.618,21.406],[72.618,21.406],[72.618,21.406],[72.618,21.406],[72.618,21.406],[72.619,21.406],[72.619,21.407],[72.619,21.407],[72.619,21.407],[72.62,21.407],[72.62,21.407],[72.62,21.407],[72.62,21.407],[72.62,21.407],[72.62,21.408],[72.621,21.408],[72.621,21.408],[72.621,21.408],[72.621,21.408],[72.621,21.408],[72.621,21.409],[72.622,21.409],[72.622,21.409],[72.622,21.409],[72.622,21.41],[72.622,21.41],[72.622,21.41],[72.622,21.41],[72.622,21.411],[72.623,21.411],[72.623,21.411],[72.623,21.411],[72.623,21.411],[72.623,21.411],[72.623,21.412],[72.623,21.412],[72.623,21.412],[72.624,21.412],[72.624,21.412],[72.624,21.412],[72.624,21.413],[72.624,21.413],[72.624,21.413],[72.625,21.413],[72.625,21.413],[72.625,21.413],[72.625,21.413],[72.626,21.413],[72.626,21.413],[72.626,21.413],[72.626,21.414],[72.627,21.414],[72.627,21.415],[72.627,21.415],[72.627,21.415],[72.627,21.415],[72.627,21.416],[72.627,21.416],[72.627,21.417],[72.628,21.417],[72.628,21.417],[72.628,21.417]]],[[[72.636,21.418],[72.636,21.417],[72.637,21.417],[72.637,21.417],[72.637,21.417],[72.637,21.416],[72.637,21.416],[72.637,21.415],[72.637,21.415],[72.637,21.415],[72.636,21.415],[72.636,21.414],[72.636,21.414],[72.636,21.414],[72.636,21.414],[72.636,21.413],[72.635,21.413],[72.635,21.413],[72.635,21.413],[72.635,21.413],[72.635,21.413],[72.635,21.412],[72.634,21.412],[72.634,21.412],[72.634,21.412],[72.634,21.412],[72.632,21.412],[72.632,21.412],[72.632,21.412],[72.632,21.413],[72.632,21.413],[72.632,21.413],[72.632,21.413],[72.632,21.414],[72.633,21.414],[72.633,21.414],[72.633,21.414],[72.633,21.414],[72.633,21.414],[72.633,21.415],[72.633,21.415],[72.633,21.415],[72.634,21.415],[72.634,21.415],[72.634,21.415],[72.634,21.415],[72.634,21.415],[72.634,21.416],[72.635,21.416],[72.635,21.416],[72.635,21.416],[72.635,21.418],[72.636,21.418]]],[[[72.676,21.447],[72.676,21.446],[72.676,21.446],[72.676,21.444],[72.676,21.444],[72.676,21.443],[72.676,21.443],[72.676,21.443],[72.675,21.443],[72.675,21.443],[72.675,21.443],[72.675,21.442],[72.674,21.442],[72.674,21.442],[72.674,21.442],[72.674,21.442],[72.673,21.442],[72.673,21.441],[72.673,21.441],[72.673,21.441],[72.673,21.441],[72.673,21.44],[72.673,21.44],[72.673,21.44],[72.672,21.44],[72.672,21.44],[72.671,21.44],[72.671,21.44],[72.67,21.44],[72.67,21.439],[72.669,21.439],[72.668,21.439],[72.668,21.439],[72.668,21.439],[72.668,21.438],[72.666,21.438],[72.666,21.438],[72.666,21.438],[72.666,21.438],[72.666,21.438],[72.666,21.439],[72.665,21.439],[72.665,21.439],[72.665,21.439],[72.665,21.44],[72.664,21.44],[72.664,21.441],[72.664,21.441],[72.664,21.442],[72.664,21.442],[72.664,21.442],[72.665,21.442],[72.665,21.442],[72.665,21.442],[72.665,21.442],[72.665,21.442],[72.665,21.443],[72.665,21.443],[72.665,21.443],[72.666,21.443],[72.666,21.443],[72.667,21.443],[72.667,21.444],[72.668,21.444],[72.668,21.444],[72.668,21.444],[72.668,21.444],[72.668,21.444],[72.668,21.445],[72.669,21.445],[72.669,21.445],[72.67,21.445],[72.67,21.445],[72.67,21.445],[72.67,21.446],[72.671,21.446],[72.671,21.446],[72.671,21.446],[72.671,21.446],[72.675,21.446],[72.675,21.447],[72.676,21.447],[72.676,21.447],[72.676,21.447]]],[[[69.724,21.564],[69.724,21.564],[69.725,21.564],[69.725,21.563],[69.725,21.563],[69.725,21.563],[69.725,21.563],[69.725,21.563],[69.724,21.563],[69.724,21.562],[69.724,21.562],[69.724,21.562],[69.724,21.562],[69.724,21.561],[69.723,21.561],[69.723,21.56],[69.723,21.56],[69.723,21.559],[69.723,21.559],[69.723,21.559],[69.723,21.559],[69.723,21.558],[69.723,21.558],[69.723,21.557],[69.723,21.557],[69.723,21.557],[69.722,21.557],[69.722,21.556],[69.722,21.556],[69.722,21.555],[69.722,21.555],[69.722,21.554],[69.72,21.554],[69.72,21.554],[69.719,21.554],[69.719,21.555],[69.719,21.555],[69.719,21.555],[69.719,21.555],[69.719,21.556],[69.718,21.556],[69.718,21.558],[69.719,21.558],[69.719,21.558],[69.719,21.558],[69.719,21.559],[69.719,21.559],[69.719,21.559],[69.72,21.559],[69.72,21.56],[69.72,21.56],[69.72,21.56],[69.72,21.56],[69.72,21.561],[69.721,21.561],[69.721,21.562],[69.722,21.562],[69.722,21.562],[69.721,21.562],[69.721,21.562],[69.722,21.562],[69.722,21.563],[69.722,21.563],[69.722,21.563],[69.723,21.563],[69.723,21.564],[69.724,21.564],[69.724,21.564],[69.724,21.564]]],[[[69.728,21.612],[69.728,21.612],[69.729,21.612],[69.729,21.612],[69.73,21.612],[69.73,21.611],[69.731,21.611],[69.731,21.611],[69.732,21.611],[69.732,21.611],[69.732,21.611],[69.732,21.61],[69.732,21.61],[69.732,21.61],[69.733,21.61],[69.733,21.61],[69.733,21.61],[69.733,21.61],[69.735,21.61],[69.735,21.609],[69.735,21.609],[69.735,21.608],[69.735,21.608],[69.735,21.607],[69.736,21.607],[69.736,21.607],[69.735,21.607],[69.735,21.606],[69.735,21.606],[69.735,21.605],[69.735,21.605],[69.735,21.604],[69.736,21.604],[69.736,21.603],[69.736,21.603],[69.736,21.603],[69.736,21.603],[69.736,21.603],[69.737,21.603],[69.737,21.602],[69.737,21.602],[69.737,21.602],[69.737,21.602],[69.737,21.601],[69.737,21.601],[69.737,21.601],[69.738,21.601],[69.738,21.601],[69.737,21.601],[69.737,21.6],[69.737,21.6],[69.737,21.599],[69.737,21.599],[69.737,21.596],[69.737,21.596],[69.737,21.595],[69.737,21.595],[69.737,21.595],[69.738,21.595],[69.738,21.595],[69.738,21.595],[69.738,21.595],[69.738,21.595],[69.738,21.594],[69.738,21.594],[69.738,21.594],[69.739,21.594],[69.739,21.593],[69.74,21.593],[69.74,21.593],[69.74,21.593],[69.74,21.593],[69.74,21.593],[69.74,21.593],[69.74,21.593],[69.74,21.592],[69.738,21.592],[69.738,21.592],[69.738,21.592],[69.737,21.592],[69.737,21.592],[69.737,21.592],[69.737,21.593],[69.737,21.593],[69.737,21.593],[69.736,21.593],[69.736,21.593],[69.736,21.593],[69.736,21.593],[69.736,21.593],[69.736,21.594],[69.735,21.594],[69.735,21.594],[69.735,21.594],[69.735,21.595],[69.734,21.595],[69.734,21.595],[69.734,21.595],[69.734,21.595],[69.734,21.596],[69.734,21.596],[69.733,21.596],[69.733,21.596],[69.733,21.596],[69.733,21.596],[69.733,21.597],[69.733,21.597],[69.733,21.598],[69.733,21.598],[69.733,21.598],[69.732,21.598],[69.732,21.599],[69.732,21.599],[69.732,21.599],[69.732,21.599],[69.732,21.599],[69.732,21.599],[69.732,21.6],[69.732,21.6],[69.732,21.6],[69.732,21.6],[69.732,21.6],[69.731,21.6],[69.731,21.601],[69.731,21.601],[69.731,21.601],[69.73,21.601],[69.73,21.603],[69.73,21.603],[69.73,21.603],[69.73,21.603],[69.73,21.603],[69.73,21.603],[69.73,21.604],[69.729,21.604],[69.729,21.604],[69.729,21.604],[69.729,21.605],[69.729,21.605],[69.729,21.605],[69.728,21.605],[69.728,21.605],[69.728,21.605],[69.728,21.605],[69.728,21.605],[69.728,21.606],[69.727,21.606],[69.727,21.606],[69.727,21.606],[69.727,21.607],[69.727,21.607],[69.727,21.607],[69.726,21.607],[69.726,21.608],[69.726,21.608],[69.726,21.608],[69.725,21.608],[69.725,21.608],[69.725,21.608],[69.725,21.609],[69.725,21.609],[69.725,21.609],[69.725,21.609],[69.725,21.61],[69.725,21.61],[69.725,21.611],[69.728,21.611],[69.728,21.612],[69.728,21.612],[69.728,21.612],[69.728,21.612]]],[[[72.353,21.613],[72.353,21.613],[72.354,21.613],[72.354,21.613],[72.354,21.613],[72.354,21.612],[72.354,21.612],[72.354,21.611],[72.354,21.611],[72.354,21.61],[72.355,21.61],[72.355,21.609],[72.355,21.609],[72.355,21.609],[72.355,21.609],[72.355,21.609],[72.355,21.609],[72.355,21.608],[72.355,21.608],[72.355,21.607],[72.356,21.607],[72.356,21.607],[72.356,21.607],[72.356,21.606],[72.356,21.606],[72.356,21.606],[72.357,21.606],[72.357,21.605],[72.357,21.605],[72.357,21.605],[72.357,21.605],[72.357,21.604],[72.358,21.604],[72.358,21.604],[72.358,21.604],[72.358,21.603],[72.358,21.603],[72.358,21.603],[72.359,21.603],[72.359,21.603],[72.359,21.603],[72.359,21.602],[72.36,21.602],[72.36,21.602],[72.36,21.602],[72.36,21.602],[72.36,21.602],[72.36,21.603],[72.361,21.603],[72.361,21.603],[72.361,21.603],[72.361,21.603],[72.362,21.603],[72.362,21.602],[72.362,21.602],[72.362,21.602],[72.362,21.602],[72.362,21.602],[72.362,21.602],[72.362,21.601],[72.363,21.601],[72.363,21.601],[72.363,21.601],[72.363,21.601],[72.364,21.601],[72.364,21.6],[72.364,21.6],[72.364,21.6],[72.363,21.6],[72.363,21.599],[72.362,21.599],[72.362,21.599],[72.362,21.599],[72.362,21.598],[72.362,21.598],[72.362,21.598],[72.363,21.598],[72.363,21.598],[72.365,21.598],[72.365,21.598],[72.365,21.598],[72.365,21.598],[72.365,21.598],[72.365,21.596],[72.365,21.596],[72.365,21.596],[72.364,21.596],[72.364,21.593],[72.365,21.593],[72.365,21.593],[72.365,21.593],[72.365,21.593],[72.365,21.593],[72.365,21.592],[72.365,21.592],[72.365,21.592],[72.364,21.592],[72.364,21.592],[72.365,21.592],[72.365,21.591],[72.365,21.591],[72.365,21.591],[72.365,21.591],[72.365,21.59],[72.365,21.59],[72.365,21.59],[72.365,21.59],[72.365,21.588],[72.365,21.588],[72.365,21.588],[72.363,21.588],[72.363,21.587],[72.363,21.587],[72.363,21.587],[72.363,21.587],[72.363,21.587],[72.363,21.586],[72.363,21.586],[72.363,21.586],[72.363,21.586],[72.363,21.586],[72.363,21.586],[72.363,21.585],[72.362,21.585],[72.362,21.585],[72.362,21.585],[72.362,21.583],[72.362,21.583],[72.362,21.582],[72.362,21.582],[72.362,21.581],[72.36,21.581],[72.36,21.581],[72.36,21.581],[72.36,21.581],[72.359,21.581],[72.359,21.58],[72.359,21.58],[72.359,21.58],[72.359,21.58],[72.359,21.58],[72.358,21.58],[72.358,21.58],[72.357,21.58],[72.357,21.581],[72.358,21.581],[72.358,21.582],[72.355,21.582],[72.355,21.582],[72.355,21.582],[72.355,21.583],[72.354,21.583],[72.354,21.584],[72.354,21.584],[72.354,21.585],[72.353,21.585],[72.353,21.585],[72.352,21.585],[72.352,21.586],[72.352,21.586],[72.352,21.587],[72.352,21.587],[72.352,21.588],[72.352,21.588],[72.352,21.588],[72.352,21.588],[72.352,21.589],[72.352,21.589],[72.352,21.59],[72.351,21.59],[72.351,21.591],[72.351,21.591],[72.351,21.592],[72.351,21.592],[72.351,21.593],[72.35,21.593],[72.35,21.593],[72.35,21.593],[72.35,21.593],[72.35,21.593],[72.35,21.594],[72.35,21.594],[72.35,21.595],[72.35,21.595],[72.35,21.595],[72.35,21.595],[72.35,21.596],[72.349,21.596],[72.349,21.597],[72.349,21.597],[72.349,21.598],[72.349,21.598],[72.349,21.599],[72.348,21.599],[72.348,21.599],[72.349,21.599],[72.349,21.6],[72.348,21.6],[72.348,21.6],[72.348,21.6],[72.348,21.6],[72.347,21.6],[72.347,21.601],[72.347,21.601],[72.347,21.601],[72.347,21.601],[72.347,21.602],[72.346,21.602],[72.346,21.602],[72.346,21.602],[72.346,21.602],[72.345,21.602],[72.345,21.603],[72.346,21.603],[72.346,21.603],[72.346,21.603],[72.346,21.606],[72.347,21.606],[72.347,21.606],[72.346,21.606],[72.346,21.607],[72.346,21.607],[72.346,21.607],[72.347,21.607],[72.347,21.608],[72.347,21.608],[72.347,21.608],[72.347,21.608],[72.347,21.61],[72.347,21.61],[72.347,21.61],[72.347,21.61],[72.347,21.61],[72.347,21.61],[72.347,21.611],[72.348,21.611],[72.348,21.611],[72.348,21.611],[72.348,21.611],[72.348,21.611],[72.348,21.612],[72.348,21.612],[72.348,21.612],[72.351,21.612],[72.351,21.612],[72.351,21.612],[72.351,21.612],[72.351,21.612],[72.351,21.613],[72.352,21.613],[72.352,21.613],[72.352,21.613],[72.352,21.613],[72.352,21.613],[72.352,21.613],[72.353,21.613],[72.353,21.613]]],[[[72.585,21.629],[72.585,21.627],[72.584,21.627],[72.584,21.626],[72.584,21.626],[72.584,21.626],[72.582,21.626],[72.582,21.626],[72.581,21.626],[72.581,21.627],[72.582,21.627],[72.582,21.627],[72.582,21.627],[72.582,21.628],[72.582,21.628],[72.582,21.628],[72.583,21.628],[72.583,21.628],[72.583,21.628],[72.583,21.629],[72.583,21.629],[72.583,21.629],[72.585,21.629]]],[[[72.609,21.629],[72.609,21.628],[72.609,21.628],[72.609,21.627],[72.609,21.627],[72.609,21.627],[72.608,21.627],[72.608,21.626],[72.608,21.626],[72.608,21.625],[72.608,21.625],[72.608,21.624],[72.608,21.624],[72.608,21.624],[72.608,21.624],[72.608,21.623],[72.608,21.623],[72.608,21.622],[72.607,21.622],[72.607,21.622],[72.608,21.622],[72.608,21.621],[72.608,21.621],[72.608,21.621],[72.608,21.621],[72.608,21.62],[72.607,21.62],[72.607,21.619],[72.607,21.619],[72.607,21.619],[72.606,21.619],[72.606,21.62],[72.605,21.62],[72.605,21.62],[72.605,21.62],[72.605,21.621],[72.605,21.621],[72.605,21.622],[72.605,21.622],[72.605,21.623],[72.605,21.623],[72.605,21.624],[72.605,21.624],[72.605,21.625],[72.606,21.625],[72.606,21.626],[72.606,21.626],[72.606,21.627],[72.606,21.627],[72.606,21.628],[72.608,21.628],[72.608,21.629],[72.608,21.629],[72.608,21.629],[72.61,21.629],[72.61,21.629],[72.609,21.629]]],[[[72.612,21.632],[72.612,21.632],[72.612,21.632],[72.612,21.631],[72.611,21.631],[72.611,21.631],[72.611,21.631],[72.611,21.631],[72.611,21.63],[72.611,21.63],[72.611,21.63],[72.61,21.63],[72.61,21.63],[72.61,21.63],[72.61,21.63],[72.61,21.63],[72.61,21.631],[72.61,21.631],[72.61,21.632],[72.611,21.632],[72.611,21.632],[72.611,21.632],[72.611,21.632],[72.612,21.632]]],[[[72.617,21.638],[72.617,21.638],[72.617,21.638],[72.617,21.637],[72.617,21.637],[72.617,21.637],[72.616,21.637],[72.616,21.637],[72.616,21.637],[72.616,21.636],[72.616,21.636],[72.616,21.636],[72.615,21.636],[72.615,21.636],[72.615,21.636],[72.615,21.635],[72.615,21.635],[72.615,21.636],[72.614,21.636],[72.614,21.637],[72.615,21.637],[72.615,21.637],[72.615,21.637],[72.615,21.637],[72.615,21.637],[72.615,21.637],[72.616,21.637],[72.616,21.638],[72.616,21.638],[72.616,21.638],[72.617,21.638],[72.617,21.638],[72.617,21.638],[72.617,21.638],[72.617,21.638]]],[[[72.596,21.639],[72.596,21.639],[72.596,21.639],[72.596,21.638],[72.596,21.638],[72.596,21.637],[72.595,21.637],[72.595,21.637],[72.595,21.637],[72.595,21.636],[72.595,21.636],[72.595,21.635],[72.595,21.635],[72.595,21.635],[72.594,21.635],[72.594,21.635],[72.594,21.635],[72.594,21.634],[72.595,21.634],[72.595,21.634],[72.595,21.634],[72.595,21.633],[72.595,21.633],[72.595,21.633],[72.595,21.631],[72.596,21.631],[72.596,21.63],[72.596,21.63],[72.596,21.63],[72.597,21.63],[72.597,21.631],[72.598,21.631],[72.598,21.631],[72.598,21.631],[72.598,21.632],[72.599,21.632],[72.599,21.631],[72.599,21.631],[72.599,21.632],[72.599,21.632],[72.6,21.632],[72.6,21.632],[72.6,21.632],[72.6,21.632],[72.601,21.632],[72.601,21.632],[72.601,21.632],[72.601,21.631],[72.601,21.631],[72.601,21.631],[72.601,21.631],[72.601,21.631],[72.602,21.631],[72.602,21.631],[72.602,21.631],[72.602,21.631],[72.603,21.631],[72.603,21.632],[72.603,21.632],[72.603,21.631],[72.603,21.631],[72.603,21.631],[72.604,21.631],[72.604,21.632],[72.604,21.632],[72.604,21.632],[72.604,21.632],[72.604,21.632],[72.605,21.632],[72.605,21.633],[72.605,21.633],[72.605,21.633],[72.605,21.633],[72.605,21.633],[72.606,21.633],[72.606,21.633],[72.605,21.633],[72.605,21.635],[72.607,21.635],[72.607,21.635],[72.608,21.635],[72.608,21.635],[72.608,21.635],[72.608,21.635],[72.609,21.635],[72.609,21.635],[72.609,21.635],[72.609,21.635],[72.61,21.635],[72.61,21.635],[72.61,21.635],[72.61,21.635],[72.611,21.635],[72.611,21.636],[72.612,21.636],[72.612,21.635],[72.611,21.635],[72.611,21.635],[72.611,21.635],[72.611,21.634],[72.611,21.634],[72.611,21.633],[72.61,21.633],[72.61,21.633],[72.61,21.633],[72.61,21.633],[72.609,21.633],[72.609,21.633],[72.608,21.633],[72.608,21.633],[72.608,21.633],[72.608,21.632],[72.607,21.632],[72.607,21.632],[72.607,21.632],[72.607,21.632],[72.607,21.632],[72.607,21.632],[72.606,21.632],[72.606,21.631],[72.606,21.631],[72.606,21.631],[72.606,21.631],[72.606,21.631],[72.605,21.631],[72.605,21.63],[72.605,21.63],[72.605,21.63],[72.605,21.63],[72.605,21.63],[72.604,21.63],[72.604,21.63],[72.603,21.63],[72.603,21.629],[72.603,21.629],[72.603,21.628],[72.603,21.628],[72.603,21.628],[72.603,21.628],[72.603,21.628],[72.602,21.628],[72.602,21.627],[72.602,21.627],[72.602,21.627],[72.602,21.627],[72.602,21.626],[72.602,21.626],[72.602,21.626],[72.602,21.626],[72.602,21.625],[72.602,21.625],[72.602,21.624],[72.603,21.624],[72.603,21.623],[72.603,21.623],[72.603,21.623],[72.603,21.623],[72.603,21.622],[72.603,21.622],[72.603,21.62],[72.602,21.62],[72.602,21.62],[72.602,21.62],[72.602,21.62],[72.602,21.62],[72.602,21.619],[72.601,21.619],[72.601,21.619],[72.601,21.619],[72.601,21.619],[72.6,21.619],[72.6,21.618],[72.6,21.618],[72.6,21.618],[72.6,21.618],[72.6,21.618],[72.599,21.618],[72.599,21.617],[72.598,21.617],[72.598,21.618],[72.598,21.618],[72.598,21.618],[72.597,21.618],[72.597,21.618],[72.597,21.618],[72.597,21.62],[72.596,21.62],[72.596,21.619],[72.596,21.619],[72.596,21.619],[72.595,21.619],[72.595,21.619],[72.594,21.619],[72.594,21.619],[72.594,21.619],[72.594,21.619],[72.593,21.619],[72.593,21.619],[72.593,21.619],[72.593,21.619],[72.592,21.619],[72.592,21.62],[72.592,21.62],[72.592,21.62],[72.592,21.62],[72.592,21.62],[72.591,21.62],[72.591,21.62],[72.591,21.62],[72.591,21.621],[72.59,21.621],[72.59,21.622],[72.59,21.622],[72.59,21.622],[72.59,21.622],[72.59,21.622],[72.59,21.622],[72.59,21.623],[72.59,21.623],[72.59,21.623],[72.591,21.623],[72.591,21.624],[72.591,21.624],[72.591,21.625],[72.591,21.625],[72.591,21.625],[72.591,21.625],[72.591,21.626],[72.59,21.626],[72.59,21.627],[72.59,21.627],[72.59,21.627],[72.589,21.627],[72.589,21.627],[72.589,21.627],[72.589,21.628],[72.589,21.628],[72.589,21.629],[72.588,21.629],[72.588,21.63],[72.588,21.63],[72.588,21.63],[72.588,21.63],[72.588,21.631],[72.588,21.631],[72.588,21.632],[72.588,21.632],[72.588,21.633],[72.589,21.633],[72.589,21.633],[72.589,21.633],[72.589,21.634],[72.589,21.634],[72.589,21.634],[72.59,21.634],[72.59,21.634],[72.59,21.635],[72.591,21.635],[72.591,21.636],[72.591,21.636],[72.591,21.636],[72.592,21.636],[72.592,21.636],[72.592,21.636],[72.592,21.637],[72.592,21.637],[72.592,21.638],[72.593,21.638],[72.593,21.638],[72.594,21.638],[72.594,21.639],[72.594,21.639],[72.594,21.639],[72.596,21.639]]],[[[72.62,21.64],[72.62,21.639],[72.62,21.639],[72.62,21.639],[72.619,21.639],[72.619,21.639],[72.618,21.639],[72.618,21.638],[72.618,21.638],[72.618,21.639],[72.617,21.639],[72.617,21.64],[72.617,21.64],[72.617,21.639],[72.619,21.639],[72.619,21.64],[72.62,21.64]]],[[[72.602,21.641],[72.602,21.641],[72.603,21.641],[72.603,21.64],[72.602,21.64],[72.602,21.639],[72.602,21.639],[72.602,21.639],[72.6,21.639],[72.6,21.638],[72.6,21.638],[72.6,21.638],[72.6,21.638],[72.6,21.638],[72.599,21.638],[72.599,21.637],[72.6,21.637],[72.6,21.637],[72.599,21.637],[72.599,21.637],[72.598,21.637],[72.598,21.638],[72.598,21.638],[72.598,21.638],[72.598,21.638],[72.598,21.639],[72.597,21.639],[72.597,21.639],[72.597,21.639],[72.597,21.64],[72.597,21.64],[72.597,21.64],[72.596,21.64],[72.596,21.64],[72.596,21.64],[72.596,21.641],[72.596,21.641],[72.596,21.641],[72.596,21.641],[72.596,21.641],[72.597,21.641],[72.597,21.641],[72.598,21.641],[72.598,21.641],[72.598,21.641],[72.598,21.64],[72.598,21.64],[72.598,21.64],[72.598,21.64],[72.598,21.64],[72.6,21.64],[72.6,21.64],[72.6,21.64],[72.6,21.64],[72.6,21.64],[72.6,21.64],[72.601,21.64],[72.601,21.64],[72.602,21.64],[72.602,21.641],[72.603,21.641],[72.603,21.641],[72.602,21.641]]],[[[72.723,21.666],[72.723,21.666],[72.724,21.666],[72.724,21.665],[72.724,21.665],[72.724,21.665],[72.724,21.665],[72.724,21.665],[72.725,21.665],[72.725,21.665],[72.725,21.665],[72.725,21.664],[72.725,21.664],[72.725,21.664],[72.726,21.664],[72.726,21.663],[72.726,21.663],[72.726,21.663],[72.727,21.663],[72.727,21.663],[72.727,21.663],[72.727,21.663],[72.728,21.663],[72.728,21.662],[72.728,21.662],[72.728,21.662],[72.729,21.662],[72.729,21.662],[72.73,21.662],[72.73,21.662],[72.73,21.662],[72.73,21.661],[72.731,21.661],[72.731,21.661],[72.733,21.661],[72.733,21.661],[72.734,21.661],[72.734,21.661],[72.734,21.661],[72.734,21.66],[72.736,21.66],[72.736,21.66],[72.737,21.66],[72.737,21.66],[72.737,21.66],[72.737,21.66],[72.738,21.66],[72.738,21.659],[72.739,21.659],[72.739,21.659],[72.741,21.659],[72.741,21.659],[72.742,21.659],[72.742,21.659],[72.742,21.659],[72.742,21.658],[72.743,21.658],[72.743,21.659],[72.743,21.659],[72.743,21.658],[72.744,21.658],[72.744,21.659],[72.745,21.659],[72.746,21.659],[72.746,21.658],[72.747,21.658],[72.747,21.658],[72.747,21.658],[72.747,21.658],[72.747,21.658],[72.747,21.658],[72.748,21.658],[72.748,21.657],[72.748,21.657],[72.748,21.657],[72.749,21.657],[72.749,21.657],[72.749,21.657],[72.749,21.657],[72.75,21.657],[72.75,21.656],[72.75,21.656],[72.75,21.656],[72.75,21.656],[72.75,21.656],[72.751,21.656],[72.751,21.655],[72.751,21.655],[72.751,21.653],[72.75,21.653],[72.75,21.652],[72.75,21.652],[72.75,21.652],[72.75,21.652],[72.75,21.652],[72.749,21.652],[72.749,21.651],[72.749,21.651],[72.749,21.651],[72.749,21.651],[72.749,21.651],[72.748,21.651],[72.748,21.65],[72.748,21.65],[72.748,21.65],[72.748,21.65],[72.748,21.649],[72.747,21.649],[72.747,21.649],[72.747,21.649],[72.747,21.648],[72.747,21.648],[72.747,21.648],[72.747,21.648],[72.747,21.648],[72.746,21.648],[72.746,21.647],[72.746,21.647],[72.746,21.647],[72.745,21.647],[72.745,21.646],[72.745,21.646],[72.745,21.646],[72.744,21.646],[72.744,21.646],[72.743,21.646],[72.743,21.645],[72.742,21.645],[72.742,21.645],[72.742,21.645],[72.742,21.645],[72.74,21.645],[72.74,21.645],[72.739,21.645],[72.739,21.644],[72.738,21.644],[72.738,21.644],[72.738,21.644],[72.738,21.644],[72.737,21.644],[72.737,21.644],[72.737,21.644],[72.737,21.644],[72.736,21.644],[72.736,21.645],[72.737,21.645],[72.737,21.646],[72.736,21.646],[72.736,21.647],[72.735,21.647],[72.735,21.647],[72.734,21.647],[72.734,21.647],[72.733,21.647],[72.733,21.646],[72.732,21.646],[72.732,21.646],[72.731,21.646],[72.731,21.646],[72.73,21.646],[72.73,21.645],[72.73,21.645],[72.73,21.645],[72.73,21.645],[72.73,21.645],[72.729,21.645],[72.729,21.645],[72.729,21.645],[72.729,21.645],[72.729,21.645],[72.729,21.645],[72.728,21.645],[72.728,21.644],[72.728,21.644],[72.728,21.644],[72.727,21.644],[72.727,21.644],[72.725,21.644],[72.725,21.643],[72.724,21.643],[72.724,21.644],[72.724,21.644],[72.724,21.643],[72.723,21.643],[72.723,21.643],[72.722,21.643],[72.722,21.643],[72.721,21.643],[72.721,21.644],[72.72,21.644],[72.72,21.644],[72.72,21.644],[72.72,21.644],[72.719,21.644],[72.719,21.645],[72.717,21.645],[72.717,21.645],[72.716,21.645],[72.716,21.645],[72.716,21.645],[72.716,21.646],[72.716,21.646],[72.716,21.646],[72.715,21.646],[72.715,21.648],[72.716,21.648],[72.716,21.648],[72.716,21.648],[72.716,21.65],[72.716,21.65],[72.716,21.651],[72.716,21.651],[72.716,21.651],[72.716,21.651],[72.716,21.652],[72.715,21.652],[72.715,21.652],[72.715,21.652],[72.715,21.652],[72.715,21.652],[72.715,21.652],[72.714,21.652],[72.714,21.653],[72.714,21.653],[72.714,21.653],[72.713,21.653],[72.713,21.653],[72.713,21.653],[72.713,21.653],[72.713,21.653],[72.713,21.654],[72.713,21.654],[72.713,21.654],[72.712,21.654],[72.712,21.655],[72.712,21.655],[72.712,21.656],[72.712,21.656],[72.712,21.656],[72.712,21.656],[72.712,21.657],[72.711,21.657],[72.711,21.657],[72.711,21.657],[72.711,21.658],[72.71,21.658],[72.71,21.658],[72.71,21.658],[72.71,21.659],[72.71,21.659],[72.71,21.66],[72.711,21.66],[72.711,21.66],[72.711,21.66],[72.711,21.66],[72.711,21.66],[72.711,21.661],[72.712,21.661],[72.712,21.661],[72.712,21.661],[72.712,21.661],[72.712,21.661],[72.712,21.662],[72.713,21.662],[72.713,21.662],[72.713,21.662],[72.713,21.662],[72.713,21.662],[72.713,21.663],[72.713,21.663],[72.713,21.663],[72.714,21.663],[72.714,21.663],[72.714,21.663],[72.714,21.663],[72.715,21.663],[72.715,21.664],[72.715,21.664],[72.715,21.664],[72.715,21.664],[72.715,21.664],[72.716,21.664],[72.716,21.665],[72.717,21.665],[72.717,21.665],[72.717,21.665],[72.717,21.665],[72.717,21.665],[72.717,21.665],[72.718,21.665],[72.718,21.666],[72.72,21.666],[72.72,21.666],[72.723,21.666]]],[[[72.274,21.75],[72.286,21.711],[72.273,21.749],[72.274,21.75]]],[[[72.355,21.943],[72.355,21.943],[72.355,21.943],[72.355,21.942],[72.355,21.942],[72.355,21.942],[72.356,21.942],[72.356,21.941],[72.356,21.941],[72.356,21.94],[72.356,21.94],[72.356,21.94],[72.357,21.94],[72.357,21.939],[72.357,21.939],[72.357,21.935],[72.357,21.935],[72.357,21.934],[72.357,21.934],[72.357,21.934],[72.358,21.934],[72.358,21.933],[72.358,21.933],[72.358,21.932],[72.358,21.932],[72.358,21.932],[72.358,21.932],[72.358,21.931],[72.358,21.931],[72.358,21.93],[72.358,21.93],[72.358,21.931],[72.357,21.931],[72.357,21.932],[72.357,21.932],[72.357,21.932],[72.357,21.932],[72.357,21.931],[72.357,21.931],[72.357,21.93],[72.357,21.93],[72.357,21.929],[72.358,21.929],[72.358,21.928],[72.358,21.928],[72.358,21.928],[72.358,21.928],[72.358,21.927],[72.359,21.927],[72.359,21.927],[72.359,21.927],[72.359,21.927],[72.36,21.927],[72.36,21.926],[72.36,21.926],[72.36,21.926],[72.36,21.926],[72.36,21.925],[72.359,21.925],[72.359,21.925],[72.357,21.925],[72.357,21.925],[72.356,21.925],[72.356,21.925],[72.356,21.925],[72.356,21.926],[72.356,21.926],[72.356,21.927],[72.355,21.927],[72.355,21.927],[72.355,21.927],[72.355,21.928],[72.355,21.928],[72.355,21.928],[72.355,21.928],[72.355,21.929],[72.354,21.929],[72.354,21.929],[72.354,21.929],[72.354,21.928],[72.354,21.928],[72.354,21.928],[72.353,21.928],[72.353,21.927],[72.353,21.927],[72.353,21.927],[72.353,21.927],[72.353,21.926],[72.353,21.926],[72.353,21.925],[72.352,21.925],[72.352,21.926],[72.352,21.926],[72.352,21.926],[72.351,21.926],[72.351,21.926],[72.351,21.926],[72.351,21.927],[72.351,21.927],[72.351,21.927],[72.35,21.927],[72.35,21.927],[72.35,21.927],[72.35,21.928],[72.35,21.928],[72.35,21.928],[72.349,21.928],[72.349,21.928],[72.348,21.928],[72.348,21.929],[72.348,21.929],[72.348,21.93],[72.348,21.93],[72.348,21.93],[72.348,21.93],[72.348,21.931],[72.348,21.931],[72.348,21.932],[72.349,21.932],[72.349,21.932],[72.349,21.932],[72.349,21.933],[72.349,21.933],[72.349,21.933],[72.35,21.933],[72.35,21.933],[72.35,21.933],[72.35,21.934],[72.35,21.934],[72.35,21.935],[72.35,21.935],[72.35,21.935],[72.351,21.935],[72.351,21.936],[72.351,21.936],[72.351,21.938],[72.351,21.938],[72.351,21.94],[72.352,21.94],[72.352,21.94],[72.352,21.94],[72.352,21.941],[72.352,21.941],[72.352,21.942],[72.352,21.942],[72.352,21.942],[72.353,21.942],[72.353,21.942],[72.353,21.942],[72.353,21.943],[72.354,21.943],[72.354,21.943],[72.354,21.943],[72.354,21.943],[72.355,21.943]]],[[[72.214,22.005],[72.214,22.005],[72.214,22.005],[72.214,22.005],[72.213,22.005],[72.213,22.004],[72.213,22.004],[72.213,22.004],[72.213,22.004],[72.213,22.004],[72.212,22.004],[72.212,22.003],[72.213,22.003],[72.213,22.003],[72.213,22.003],[72.213,22.003],[72.214,22.003],[72.214,22.003],[72.214,22.003],[72.214,22.003],[72.215,22.003],[72.215,22.003],[72.215,22.003],[72.215,22.003],[72.215,22.003],[72.215,22.003],[72.216,22.003],[72.216,22.004],[72.216,22.004],[72.216,22.003],[72.216,22.003],[72.216,22.003],[72.216,22.003],[72.216,22.002],[72.215,22.002],[72.215,22.002],[72.215,22.002],[72.215,22.002],[72.214,22.002],[72.214,22.001],[72.213,22.001],[72.213,22.002],[72.213,22.002],[72.213,22.002],[72.213,22.002],[72.213,22.002],[72.212,22.002],[72.212,22.002],[72.212,22.002],[72.212,22.003],[72.212,22.003],[72.212,22.003],[72.211,22.003],[72.211,22.003],[72.21,22.003],[72.21,22.004],[72.211,22.004],[72.211,22.004],[72.211,22.004],[72.211,22.004],[72.212,22.004],[72.212,22.005],[72.212,22.005],[72.212,22.005],[72.212,22.005],[72.212,22.005],[72.212,22.005],[72.212,22.005],[72.214,22.005]]],[[[72.473,22.208],[72.473,22.208],[72.473,22.208],[72.473,22.208],[72.473,22.208],[72.473,22.207],[72.473,22.207],[72.473,22.207],[72.472,22.207],[72.472,22.206],[72.472,22.206],[72.472,22.205],[72.472,22.205],[72.472,22.204],[72.472,22.204],[72.472,22.203],[72.471,22.203],[72.471,22.203],[72.47,22.203],[72.47,22.204],[72.469,22.204],[72.469,22.203],[72.469,22.203],[72.469,22.203],[72.469,22.203],[72.469,22.202],[72.468,22.202],[72.468,22.205],[72.469,22.205],[72.469,22.205],[72.469,22.205],[72.469,22.206],[72.47,22.206],[72.47,22.206],[72.47,22.206],[72.47,22.207],[72.47,22.207],[72.47,22.207],[72.471,22.207],[72.471,22.207],[72.471,22.207],[72.471,22.207],[72.472,22.207],[72.472,22.208],[72.472,22.208],[72.472,22.208],[72.472,22.208],[72.472,22.208],[72.473,22.208]]],[[[72.384,22.216],[72.384,22.215],[72.385,22.215],[72.385,22.215],[72.386,22.215],[72.386,22.215],[72.387,22.215],[72.387,22.215],[72.388,22.215],[72.388,22.214],[72.389,22.214],[72.389,22.214],[72.389,22.214],[72.389,22.214],[72.39,22.214],[72.39,22.213],[72.39,22.213],[72.39,22.213],[72.39,22.213],[72.39,22.213],[72.391,22.213],[72.391,22.212],[72.391,22.212],[72.391,22.212],[72.391,22.212],[72.391,22.212],[72.392,22.212],[72.392,22.211],[72.392,22.211],[72.392,22.211],[72.392,22.211],[72.392,22.21],[72.392,22.21],[72.392,22.21],[72.388,22.21],[72.388,22.21],[72.387,22.21],[72.387,22.211],[72.388,22.211],[72.388,22.211],[72.388,22.211],[72.388,22.211],[72.388,22.211],[72.388,22.212],[72.388,22.212],[72.388,22.212],[72.388,22.212],[72.388,22.212],[72.388,22.212],[72.388,22.212],[72.388,22.212],[72.388,22.213],[72.387,22.213],[72.387,22.213],[72.387,22.213],[72.387,22.213],[72.387,22.213],[72.387,22.214],[72.386,22.214],[72.386,22.214],[72.385,22.214],[72.385,22.214],[72.385,22.214],[72.385,22.215],[72.384,22.215],[72.384,22.215],[72.384,22.215],[72.384,22.215],[72.383,22.215],[72.383,22.215],[72.383,22.215],[72.383,22.216],[72.384,22.216]]],[[[72.371,22.235],[72.371,22.234],[72.37,22.234],[72.37,22.233],[72.37,22.233],[72.37,22.233],[72.37,22.233],[72.37,22.233],[72.37,22.233],[72.37,22.232],[72.369,22.232],[72.369,22.232],[72.369,22.232],[72.369,22.231],[72.369,22.231],[72.369,22.231],[72.369,22.231],[72.369,22.23],[72.369,22.23],[72.369,22.23],[72.37,22.23],[72.37,22.23],[72.37,22.23],[72.37,22.23],[72.37,22.23],[72.37,22.229],[72.37,22.229],[72.37,22.228],[72.37,22.228],[72.37,22.228],[72.371,22.228],[72.371,22.227],[72.37,22.227],[72.37,22.226],[72.368,22.226],[72.368,22.225],[72.368,22.225],[72.368,22.224],[72.368,22.224],[72.368,22.224],[72.369,22.224],[72.369,22.223],[72.369,22.223],[72.369,22.223],[72.37,22.223],[72.37,22.223],[72.37,22.223],[72.37,22.22],[72.37,22.22],[72.37,22.218],[72.37,22.217],[72.371,22.217],[72.371,22.215],[72.371,22.215],[72.371,22.214],[72.371,22.214],[72.371,22.213],[72.372,22.213],[72.372,22.213],[72.372,22.213],[72.372,22.212],[72.372,22.212],[72.372,22.212],[72.372,22.212],[72.372,22.211],[72.373,22.211],[72.373,22.211],[72.373,22.211],[72.373,22.21],[72.373,22.21],[72.373,22.21],[72.373,22.21],[72.373,22.21],[72.374,22.21],[72.374,22.209],[72.374,22.209],[72.374,22.209],[72.374,22.209],[72.374,22.209],[72.375,22.209],[72.375,22.208],[72.375,22.208],[72.375,22.208],[72.375,22.208],[72.375,22.208],[72.375,22.208],[72.375,22.208],[72.376,22.208],[72.376,22.207],[72.376,22.207],[72.376,22.207],[72.376,22.207],[72.376,22.205],[72.377,22.205],[72.377,22.204],[72.375,22.204],[72.375,22.204],[72.375,22.204],[72.375,22.204],[72.374,22.204],[72.374,22.205],[72.373,22.205],[72.373,22.205],[72.373,22.205],[72.373,22.205],[72.372,22.205],[72.372,22.205],[72.372,22.205],[72.372,22.206],[72.371,22.206],[72.371,22.206],[72.371,22.206],[72.371,22.206],[72.37,22.206],[72.37,22.207],[72.369,22.207],[72.369,22.207],[72.368,22.207],[72.368,22.207],[72.368,22.207],[72.368,22.207],[72.367,22.207],[72.367,22.208],[72.367,22.208],[72.367,22.208],[72.366,22.208],[72.366,22.208],[72.366,22.208],[72.366,22.208],[72.365,22.208],[72.365,22.209],[72.365,22.209],[72.365,22.21],[72.365,22.21],[72.365,22.21],[72.365,22.21],[72.365,22.211],[72.365,22.211],[72.365,22.212],[72.365,22.212],[72.365,22.212],[72.365,22.212],[72.364,22.212],[72.364,22.213],[72.364,22.213],[72.364,22.213],[72.364,22.213],[72.364,22.214],[72.363,22.214],[72.363,22.223],[72.364,22.223],[72.364,22.224],[72.364,22.224],[72.364,22.224],[72.364,22.224],[72.364,22.225],[72.365,22.225],[72.365,22.225],[72.365,22.225],[72.365,22.227],[72.365,22.227],[72.365,22.228],[72.365,22.228],[72.365,22.229],[72.366,22.229],[72.366,22.229],[72.367,22.229],[72.367,22.23],[72.367,22.23],[72.367,22.231],[72.367,22.231],[72.367,22.231],[72.367,22.231],[72.367,22.232],[72.367,22.232],[72.367,22.232],[72.367,22.232],[72.367,22.232],[72.367,22.232],[72.367,22.232],[72.367,22.232],[72.367,22.233],[72.368,22.233],[72.368,22.233],[72.368,22.233],[72.368,22.233],[72.368,22.233],[72.368,22.234],[72.368,22.234],[72.368,22.234],[72.369,22.234],[72.369,22.234],[72.369,22.234],[72.369,22.235],[72.369,22.235],[72.369,22.235],[72.37,22.235],[72.37,22.235],[72.371,22.235]]],[[[69.31,22.306],[69.31,22.306],[69.311,22.306],[69.311,22.305],[69.311,22.305],[69.311,22.305],[69.311,22.305],[69.311,22.305],[69.312,22.305],[69.312,22.304],[69.312,22.304],[69.312,22.304],[69.312,22.304],[69.312,22.303],[69.312,22.303],[69.312,22.303],[69.31,22.303],[69.31,22.303],[69.31,22.303],[69.31,22.304],[69.31,22.304],[69.31,22.304],[69.31,22.304],[69.31,22.305],[69.309,22.305],[69.309,22.305],[69.31,22.305],[69.31,22.306],[69.31,22.306],[69.31,22.306],[69.31,22.306],[69.31,22.306],[69.31,22.306]]],[[[69.453,22.358],[69.453,22.358],[69.453,22.358],[69.453,22.358],[69.454,22.358],[69.454,22.357],[69.454,22.357],[69.454,22.357],[69.455,22.357],[69.455,22.357],[69.455,22.357],[69.455,22.357],[69.455,22.357],[69.455,22.356],[69.456,22.356],[69.456,22.356],[69.457,22.356],[69.457,22.356],[69.457,22.356],[69.457,22.355],[69.457,22.355],[69.457,22.355],[69.458,22.355],[69.458,22.354],[69.458,22.354],[69.458,22.354],[69.458,22.354],[69.458,22.353],[69.458,22.353],[69.458,22.353],[69.458,22.353],[69.458,22.352],[69.457,22.352],[69.457,22.352],[69.456,22.352],[69.456,22.352],[69.455,22.352],[69.455,22.351],[69.454,22.351],[69.454,22.351],[69.454,22.351],[69.454,22.351],[69.45,22.351],[69.45,22.351],[69.449,22.351],[69.449,22.351],[69.448,22.351],[69.448,22.352],[69.447,22.352],[69.447,22.352],[69.446,22.352],[69.446,22.352],[69.445,22.352],[69.445,22.352],[69.444,22.352],[69.444,22.353],[69.443,22.353],[69.443,22.353],[69.442,22.353],[69.442,22.353],[69.442,22.353],[69.442,22.353],[69.441,22.353],[69.441,22.354],[69.44,22.354],[69.44,22.354],[69.44,22.354],[69.44,22.354],[69.439,22.354],[69.439,22.354],[69.438,22.354],[69.438,22.354],[69.437,22.354],[69.437,22.355],[69.438,22.355],[69.438,22.355],[69.438,22.355],[69.438,22.355],[69.438,22.355],[69.438,22.356],[69.438,22.356],[69.438,22.356],[69.439,22.356],[69.439,22.356],[69.439,22.356],[69.439,22.357],[69.44,22.357],[69.44,22.357],[69.441,22.357],[69.441,22.357],[69.443,22.357],[69.443,22.357],[69.445,22.357],[69.445,22.357],[69.445,22.357],[69.445,22.357],[69.446,22.357],[69.446,22.357],[69.447,22.357],[69.447,22.357],[69.448,22.357],[69.448,22.357],[69.448,22.357],[69.448,22.357],[69.449,22.357],[69.449,22.358],[69.449,22.358],[69.449,22.358],[69.45,22.358],[69.45,22.358],[69.453,22.358]]],[[[69.184,22.368],[69.184,22.367],[69.185,22.367],[69.185,22.367],[69.186,22.367],[69.186,22.365],[69.185,22.365],[69.185,22.364],[69.184,22.364],[69.184,22.364],[69.184,22.364],[69.184,22.365],[69.184,22.365],[69.184,22.365],[69.183,22.365],[69.183,22.366],[69.183,22.366],[69.183,22.366],[69.183,22.366],[69.183,22.367],[69.183,22.367],[69.183,22.367],[69.183,22.367],[69.183,22.368],[69.184,22.368]]],[[[69.195,22.375],[69.195,22.374],[69.196,22.374],[69.196,22.372],[69.196,22.372],[69.196,22.371],[69.196,22.371],[69.196,22.37],[69.196,22.37],[69.196,22.369],[69.195,22.369],[69.195,22.368],[69.195,22.368],[69.195,22.368],[69.195,22.368],[69.195,22.368],[69.195,22.368],[69.195,22.368],[69.194,22.368],[69.194,22.368],[69.194,22.368],[69.194,22.369],[69.193,22.369],[69.193,22.369],[69.193,22.369],[69.193,22.369],[69.19,22.369],[69.19,22.37],[69.19,22.37],[69.19,22.37],[69.191,22.37],[69.191,22.37],[69.192,22.37],[69.192,22.371],[69.192,22.371],[69.192,22.371],[69.193,22.371],[69.193,22.371],[69.193,22.371],[69.193,22.372],[69.193,22.372],[69.193,22.372],[69.194,22.372],[69.194,22.373],[69.194,22.373],[69.194,22.373],[69.195,22.373],[69.195,22.375],[69.195,22.375]]],[[[69.213,22.385],[69.213,22.385],[69.214,22.385],[69.214,22.384],[69.215,22.384],[69.215,22.384],[69.215,22.384],[69.215,22.383],[69.215,22.383],[69.215,22.383],[69.215,22.383],[69.215,22.383],[69.214,22.383],[69.214,22.382],[69.213,22.382],[69.213,22.383],[69.213,22.383],[69.213,22.383],[69.213,22.383],[69.213,22.384],[69.213,22.384],[69.213,22.384],[69.212,22.384],[69.212,22.385],[69.213,22.385],[69.213,22.385],[69.213,22.385]]],[[[69.201,22.386],[69.201,22.386],[69.201,22.386],[69.201,22.385],[69.2,22.385],[69.2,22.385],[69.2,22.385],[69.2,22.384],[69.2,22.384],[69.2,22.384],[69.2,22.384],[69.2,22.384],[69.199,22.384],[69.199,22.385],[69.2,22.385],[69.2,22.386],[69.199,22.386],[69.199,22.386],[69.2,22.386],[69.2,22.387],[69.2,22.387],[69.2,22.387],[69.2,22.387],[69.2,22.388],[69.202,22.388],[69.202,22.387],[69.202,22.387],[69.202,22.386],[69.201,22.386]]],[[[69.335,22.389],[69.335,22.389],[69.336,22.389],[69.336,22.388],[69.337,22.388],[69.337,22.388],[69.337,22.388],[69.337,22.387],[69.338,22.387],[69.338,22.387],[69.338,22.387],[69.338,22.387],[69.338,22.387],[69.338,22.387],[69.338,22.387],[69.338,22.387],[69.339,22.387],[69.339,22.387],[69.339,22.387],[69.339,22.387],[69.34,22.387],[69.34,22.386],[69.34,22.386],[69.34,22.384],[69.34,22.384],[69.34,22.382],[69.34,22.382],[69.34,22.382],[69.34,22.382],[69.34,22.381],[69.34,22.381],[69.34,22.381],[69.34,22.381],[69.34,22.38],[69.338,22.38],[69.338,22.38],[69.338,22.38],[69.338,22.38],[69.337,22.38],[69.337,22.379],[69.337,22.379],[69.337,22.379],[69.337,22.379],[69.337,22.378],[69.337,22.378],[69.337,22.378],[69.335,22.378],[69.335,22.377],[69.334,22.377],[69.334,22.377],[69.333,22.377],[69.333,22.376],[69.333,22.376],[69.333,22.375],[69.333,22.375],[69.333,22.375],[69.333,22.375],[69.333,22.374],[69.333,22.374],[69.333,22.373],[69.334,22.373],[69.334,22.373],[69.333,22.373],[69.333,22.373],[69.332,22.373],[69.332,22.373],[69.332,22.373],[69.332,22.373],[69.332,22.373],[69.332,22.374],[69.331,22.374],[69.331,22.375],[69.329,22.375],[69.329,22.375],[69.328,22.375],[69.328,22.375],[69.328,22.375],[69.328,22.376],[69.327,22.376],[69.327,22.376],[69.327,22.376],[69.327,22.376],[69.327,22.376],[69.327,22.377],[69.326,22.377],[69.326,22.377],[69.326,22.377],[69.326,22.377],[69.326,22.377],[69.326,22.377],[69.325,22.377],[69.325,22.378],[69.325,22.378],[69.325,22.378],[69.325,22.378],[69.325,22.379],[69.324,22.379],[69.324,22.38],[69.324,22.38],[69.324,22.38],[69.324,22.38],[69.324,22.38],[69.323,22.38],[69.323,22.381],[69.323,22.381],[69.323,22.382],[69.323,22.382],[69.323,22.383],[69.324,22.383],[69.324,22.383],[69.324,22.383],[69.324,22.383],[69.325,22.383],[69.325,22.384],[69.328,22.384],[69.328,22.383],[69.329,22.383],[69.329,22.383],[69.33,22.383],[69.33,22.383],[69.33,22.383],[69.33,22.384],[69.331,22.384],[69.331,22.385],[69.33,22.385],[69.33,22.385],[69.33,22.385],[69.33,22.386],[69.332,22.386],[69.332,22.386],[69.333,22.386],[69.333,22.386],[69.334,22.386],[69.334,22.387],[69.334,22.387],[69.334,22.388],[69.333,22.388],[69.333,22.388],[69.334,22.388],[69.334,22.388],[69.334,22.388],[69.334,22.388],[69.335,22.388],[69.335,22.389],[69.335,22.389],[69.335,22.389],[69.335,22.389]]],[[[69.483,22.399],[69.483,22.398],[69.484,22.398],[69.484,22.398],[69.484,22.398],[69.484,22.398],[69.485,22.398],[69.485,22.398],[69.485,22.398],[69.485,22.397],[69.485,22.397],[69.485,22.397],[69.486,22.397],[69.486,22.397],[69.487,22.397],[69.487,22.396],[69.487,22.396],[69.487,22.396],[69.487,22.396],[69.487,22.396],[69.487,22.396],[69.487,22.395],[69.488,22.395],[69.488,22.395],[69.488,22.395],[69.488,22.394],[69.488,22.394],[69.488,22.394],[69.488,22.394],[69.488,22.394],[69.489,22.394],[69.489,22.393],[69.489,22.393],[69.489,22.392],[69.489,22.392],[69.489,22.391],[69.488,22.391],[69.488,22.39],[69.488,22.39],[69.488,22.39],[69.488,22.39],[69.488,22.39],[69.487,22.39],[69.487,22.389],[69.487,22.389],[69.487,22.389],[69.487,22.389],[69.487,22.388],[69.486,22.388],[69.486,22.388],[69.486,22.388],[69.486,22.388],[69.485,22.388],[69.485,22.388],[69.484,22.388],[69.484,22.388],[69.483,22.388],[69.483,22.388],[69.481,22.388],[69.481,22.388],[69.48,22.388],[69.48,22.39],[69.48,22.39],[69.48,22.391],[69.48,22.391],[69.48,22.392],[69.481,22.392],[69.481,22.394],[69.481,22.394],[69.481,22.394],[69.482,22.394],[69.482,22.394],[69.482,22.394],[69.482,22.395],[69.482,22.395],[69.482,22.396],[69.482,22.396],[69.482,22.396],[69.483,22.396],[69.483,22.399],[69.483,22.399]]],[[[69.28,22.418],[69.28,22.418],[69.28,22.418],[69.28,22.417],[69.281,22.417],[69.281,22.417],[69.281,22.417],[69.281,22.416],[69.281,22.416],[69.281,22.416],[69.28,22.416],[69.28,22.416],[69.28,22.416],[69.28,22.415],[69.28,22.415],[69.28,22.415],[69.279,22.415],[69.279,22.415],[69.278,22.415],[69.278,22.416],[69.278,22.416],[69.278,22.416],[69.278,22.416],[69.278,22.417],[69.278,22.417],[69.278,22.418],[69.278,22.418],[69.278,22.418],[69.28,22.418]]],[[[69.279,22.42],[69.279,22.42],[69.28,22.42],[69.28,22.419],[69.279,22.419],[69.279,22.419],[69.278,22.419],[69.278,22.418],[69.278,22.418],[69.278,22.418],[69.277,22.418],[69.277,22.418],[69.276,22.418],[69.276,22.419],[69.275,22.419],[69.275,22.419],[69.275,22.419],[69.275,22.419],[69.275,22.419],[69.275,22.42],[69.276,22.42],[69.276,22.42],[69.277,22.42],[69.277,22.42],[69.277,22.42],[69.277,22.42],[69.278,22.42],[69.278,22.42],[69.279,22.42],[69.279,22.42],[69.279,22.42],[69.279,22.42],[69.279,22.42]]],[[[69.142,22.458],[69.142,22.457],[69.142,22.457],[69.142,22.456],[69.142,22.454],[69.142,22.454],[69.142,22.454],[69.142,22.454],[69.142,22.453],[69.143,22.453],[69.143,22.453],[69.142,22.453],[69.142,22.453],[69.142,22.453],[69.142,22.453],[69.141,22.453],[69.141,22.454],[69.141,22.454],[69.141,22.455],[69.141,22.455],[69.141,22.455],[69.141,22.456],[69.141,22.456],[69.141,22.457],[69.141,22.457],[69.141,22.457],[69.142,22.457],[69.142,22.458],[69.142,22.458]]],[[[69.628,22.46],[69.655,22.43],[69.618,22.413],[69.59,22.442],[69.628,22.46]]],[[[69.302,22.474],[69.302,22.473],[69.302,22.473],[69.302,22.473],[69.303,22.473],[69.303,22.472],[69.303,22.472],[69.303,22.472],[69.303,22.472],[69.303,22.472],[69.303,22.472],[69.303,22.471],[69.304,22.471],[69.304,22.47],[69.304,22.47],[69.304,22.47],[69.304,22.47],[69.304,22.47],[69.305,22.47],[69.305,22.47],[69.305,22.47],[69.305,22.47],[69.305,22.47],[69.305,22.471],[69.305,22.471],[69.305,22.472],[69.305,22.472],[69.305,22.472],[69.307,22.472],[69.307,22.472],[69.309,22.472],[69.309,22.472],[69.313,22.472],[69.313,22.472],[69.315,22.472],[69.315,22.472],[69.319,22.472],[69.319,22.472],[69.319,22.472],[69.319,22.472],[69.32,22.472],[69.32,22.472],[69.32,22.472],[69.32,22.471],[69.321,22.471],[69.321,22.471],[69.322,22.471],[69.322,22.471],[69.322,22.471],[69.322,22.47],[69.323,22.47],[69.323,22.47],[69.323,22.47],[69.323,22.47],[69.324,22.47],[69.324,22.47],[69.325,22.47],[69.325,22.469],[69.325,22.469],[69.325,22.468],[69.325,22.468],[69.325,22.468],[69.325,22.468],[69.325,22.468],[69.325,22.468],[69.325,22.467],[69.325,22.467],[69.325,22.467],[69.326,22.467],[69.326,22.467],[69.326,22.467],[69.326,22.466],[69.326,22.466],[69.326,22.465],[69.327,22.465],[69.327,22.465],[69.327,22.465],[69.327,22.464],[69.327,22.464],[69.327,22.464],[69.327,22.464],[69.327,22.464],[69.328,22.464],[69.328,22.463],[69.328,22.463],[69.328,22.462],[69.328,22.462],[69.328,22.46],[69.327,22.46],[69.327,22.459],[69.327,22.459],[69.327,22.458],[69.327,22.458],[69.327,22.457],[69.327,22.457],[69.327,22.457],[69.326,22.457],[69.326,22.457],[69.326,22.457],[69.326,22.456],[69.326,22.456],[69.326,22.456],[69.325,22.456],[69.325,22.456],[69.325,22.456],[69.325,22.455],[69.325,22.455],[69.325,22.455],[69.325,22.455],[69.325,22.455],[69.324,22.455],[69.324,22.455],[69.324,22.455],[69.324,22.454],[69.324,22.454],[69.324,22.454],[69.323,22.454],[69.323,22.454],[69.323,22.454],[69.323,22.453],[69.323,22.453],[69.323,22.453],[69.323,22.453],[69.323,22.453],[69.322,22.453],[69.322,22.452],[69.322,22.452],[69.322,22.452],[69.322,22.452],[69.322,22.452],[69.321,22.452],[69.321,22.451],[69.32,22.451],[69.32,22.451],[69.318,22.451],[69.318,22.451],[69.317,22.451],[69.317,22.452],[69.316,22.452],[69.316,22.451],[69.316,22.451],[69.316,22.452],[69.315,22.452],[69.311,22.452],[69.311,22.452],[69.31,22.452],[69.31,22.452],[69.31,22.452],[69.31,22.452],[69.31,22.452],[69.31,22.452],[69.308,22.452],[69.308,22.452],[69.308,22.452],[69.308,22.452],[69.307,22.452],[69.307,22.453],[69.306,22.453],[69.306,22.453],[69.305,22.453],[69.305,22.453],[69.304,22.453],[69.304,22.453],[69.303,22.453],[69.303,22.453],[69.303,22.453],[69.303,22.453],[69.301,22.453],[69.301,22.453],[69.301,22.453],[69.301,22.453],[69.301,22.453],[69.301,22.454],[69.3,22.454],[69.3,22.454],[69.3,22.454],[69.3,22.455],[69.3,22.455],[69.3,22.456],[69.299,22.456],[69.299,22.456],[69.299,22.456],[69.299,22.457],[69.298,22.457],[69.298,22.457],[69.298,22.457],[69.298,22.457],[69.297,22.457],[69.297,22.457],[69.297,22.457],[69.297,22.458],[69.296,22.458],[69.296,22.458],[69.296,22.458],[69.296,22.458],[69.295,22.458],[69.295,22.458],[69.294,22.458],[69.294,22.459],[69.293,22.459],[69.293,22.459],[69.293,22.459],[69.293,22.46],[69.293,22.46],[69.293,22.46],[69.294,22.46],[69.294,22.461],[69.294,22.461],[69.294,22.462],[69.294,22.462],[69.294,22.462],[69.295,22.462],[69.295,22.463],[69.295,22.463],[69.295,22.463],[69.295,22.463],[69.295,22.463],[69.295,22.463],[69.295,22.464],[69.296,22.464],[69.296,22.465],[69.296,22.465],[69.296,22.465],[69.296,22.465],[69.296,22.466],[69.297,22.466],[69.297,22.467],[69.297,22.467],[69.297,22.467],[69.297,22.467],[69.297,22.467],[69.297,22.467],[69.297,22.468],[69.298,22.468],[69.298,22.468],[69.298,22.468],[69.298,22.469],[69.298,22.469],[69.298,22.47],[69.298,22.47],[69.298,22.471],[69.299,22.471],[69.299,22.471],[69.299,22.471],[69.299,22.472],[69.299,22.472],[69.299,22.472],[69.3,22.472],[69.3,22.472],[69.3,22.472],[69.3,22.473],[69.3,22.473],[69.3,22.473],[69.3,22.473],[69.3,22.473],[69.301,22.473],[69.301,22.474],[69.301,22.474],[69.301,22.474],[69.302,22.474]]],[[[69.137,22.478],[69.137,22.477],[69.137,22.477],[69.137,22.477],[69.138,22.477],[69.138,22.477],[69.138,22.477],[69.138,22.477],[69.142,22.477],[69.142,22.477],[69.143,22.477],[69.143,22.477],[69.143,22.477],[69.143,22.477],[69.144,22.477],[69.144,22.476],[69.144,22.476],[69.144,22.475],[69.144,22.475],[69.144,22.475],[69.145,22.475],[69.145,22.475],[69.145,22.475],[69.145,22.475],[69.147,22.475],[69.147,22.474],[69.148,22.474],[69.148,22.474],[69.148,22.474],[69.148,22.472],[69.149,22.472],[69.149,22.471],[69.149,22.471],[69.149,22.471],[69.149,22.471],[69.149,22.471],[69.15,22.471],[69.15,22.47],[69.15,22.47],[69.15,22.47],[69.15,22.47],[69.15,22.469],[69.15,22.469],[69.15,22.468],[69.15,22.468],[69.15,22.468],[69.15,22.468],[69.15,22.468],[69.149,22.468],[69.149,22.468],[69.149,22.468],[69.149,22.467],[69.149,22.467],[69.149,22.467],[69.148,22.467],[69.148,22.467],[69.147,22.467],[69.147,22.467],[69.147,22.467],[69.147,22.466],[69.147,22.466],[69.147,22.465],[69.147,22.465],[69.147,22.465],[69.147,22.465],[69.147,22.463],[69.147,22.463],[69.147,22.463],[69.146,22.463],[69.146,22.463],[69.146,22.463],[69.146,22.462],[69.145,22.462],[69.145,22.462],[69.144,22.462],[69.144,22.462],[69.144,22.462],[69.144,22.463],[69.143,22.463],[69.143,22.463],[69.143,22.463],[69.143,22.463],[69.143,22.463],[69.143,22.464],[69.142,22.464],[69.142,22.464],[69.142,22.464],[69.142,22.464],[69.141,22.464],[69.141,22.465],[69.14,22.465],[69.14,22.463],[69.14,22.463],[69.14,22.463],[69.139,22.463],[69.139,22.462],[69.137,22.462],[69.137,22.463],[69.137,22.463],[69.137,22.463],[69.137,22.463],[69.137,22.464],[69.137,22.464],[69.137,22.464],[69.136,22.464],[69.136,22.465],[69.135,22.465],[69.135,22.465],[69.135,22.465],[69.135,22.465],[69.135,22.465],[69.135,22.466],[69.135,22.466],[69.135,22.466],[69.134,22.466],[69.134,22.466],[69.133,22.466],[69.133,22.466],[69.133,22.466],[69.133,22.466],[69.133,22.466],[69.133,22.467],[69.132,22.467],[69.132,22.466],[69.132,22.466],[69.132,22.466],[69.132,22.466],[69.132,22.466],[69.131,22.466],[69.131,22.465],[69.13,22.465],[69.13,22.466],[69.128,22.466],[69.128,22.465],[69.127,22.465],[69.127,22.466],[69.126,22.466],[69.126,22.466],[69.126,22.466],[69.126,22.467],[69.126,22.467],[69.126,22.467],[69.125,22.467],[69.125,22.467],[69.125,22.467],[69.125,22.468],[69.124,22.468],[69.124,22.468],[69.124,22.468],[69.124,22.468],[69.123,22.468],[69.123,22.468],[69.122,22.468],[69.122,22.468],[69.121,22.468],[69.121,22.468],[69.121,22.468],[69.121,22.468],[69.12,22.468],[69.12,22.467],[69.118,22.467],[69.118,22.467],[69.118,22.467],[69.118,22.467],[69.117,22.467],[69.117,22.467],[69.117,22.467],[69.117,22.466],[69.117,22.466],[69.117,22.466],[69.116,22.466],[69.116,22.466],[69.114,22.466],[69.114,22.465],[69.114,22.465],[69.114,22.465],[69.113,22.465],[69.113,22.465],[69.113,22.465],[69.113,22.465],[69.112,22.465],[69.112,22.464],[69.112,22.464],[69.112,22.464],[69.111,22.464],[69.111,22.464],[69.111,22.464],[69.111,22.463],[69.11,22.463],[69.11,22.463],[69.11,22.463],[69.11,22.463],[69.11,22.463],[69.11,22.462],[69.109,22.462],[69.109,22.462],[69.109,22.462],[69.109,22.461],[69.108,22.461],[69.108,22.461],[69.108,22.461],[69.108,22.458],[69.108,22.458],[69.108,22.457],[69.109,22.457],[69.109,22.456],[69.109,22.456],[69.109,22.454],[69.109,22.454],[69.109,22.452],[69.109,22.452],[69.109,22.452],[69.109,22.452],[69.109,22.449],[69.108,22.449],[69.108,22.448],[69.108,22.448],[69.108,22.448],[69.108,22.448],[69.108,22.447],[69.108,22.447],[69.108,22.446],[69.107,22.446],[69.107,22.445],[69.107,22.445],[69.107,22.442],[69.107,22.442],[69.107,22.442],[69.108,22.442],[69.108,22.441],[69.107,22.441],[69.107,22.439],[69.108,22.439],[69.108,22.439],[69.108,22.439],[69.108,22.438],[69.108,22.438],[69.108,22.438],[69.108,22.438],[69.108,22.437],[69.108,22.437],[69.108,22.437],[69.107,22.437],[69.107,22.437],[69.107,22.437],[69.107,22.437],[69.107,22.437],[69.107,22.436],[69.106,22.436],[69.106,22.435],[69.106,22.435],[69.106,22.435],[69.106,22.435],[69.106,22.435],[69.105,22.435],[69.105,22.434],[69.105,22.434],[69.105,22.434],[69.105,22.434],[69.105,22.434],[69.104,22.434],[69.104,22.433],[69.104,22.433],[69.104,22.433],[69.104,22.433],[69.104,22.433],[69.102,22.433],[69.102,22.433],[69.101,22.433],[69.101,22.433],[69.1,22.433],[69.1,22.433],[69.1,22.433],[69.1,22.433],[69.099,22.433],[69.099,22.432],[69.099,22.432],[69.099,22.432],[69.098,22.432],[69.098,22.432],[69.096,22.432],[69.096,22.431],[69.095,22.431],[69.095,22.431],[69.095,22.431],[69.095,22.431],[69.094,22.431],[69.094,22.43],[69.094,22.43],[69.094,22.43],[69.093,22.43],[69.093,22.43],[69.093,22.43],[69.093,22.43],[69.093,22.43],[69.093,22.429],[69.092,22.429],[69.092,22.429],[69.092,22.429],[69.092,22.429],[69.092,22.429],[69.092,22.428],[69.091,22.428],[69.091,22.428],[69.091,22.428],[69.091,22.428],[69.09,22.428],[69.09,22.427],[69.09,22.427],[69.09,22.427],[69.09,22.427],[69.09,22.427],[69.09,22.427],[69.09,22.426],[69.089,22.426],[69.089,22.424],[69.089,22.424],[69.089,22.423],[69.089,22.423],[69.089,22.423],[69.088,22.423],[69.088,22.423],[69.088,22.423],[69.088,22.422],[69.088,22.422],[69.088,22.422],[69.087,22.422],[69.087,22.422],[69.087,22.422],[69.087,22.421],[69.086,22.421],[69.086,22.421],[69.085,22.421],[69.085,22.421],[69.085,22.421],[69.085,22.422],[69.084,22.422],[69.084,22.422],[69.084,22.422],[69.084,22.423],[69.083,22.423],[69.083,22.424],[69.084,22.424],[69.084,22.425],[69.084,22.425],[69.084,22.427],[69.085,22.427],[69.085,22.427],[69.085,22.427],[69.085,22.427],[69.085,22.427],[69.085,22.429],[69.085,22.429],[69.085,22.429],[69.086,22.429],[69.086,22.429],[69.086,22.429],[69.086,22.43],[69.086,22.43],[69.086,22.43],[69.085,22.43],[69.085,22.431],[69.085,22.431],[69.085,22.431],[69.085,22.432],[69.085,22.432],[69.085,22.432],[69.085,22.432],[69.085,22.433],[69.085,22.433],[69.085,22.433],[69.087,22.433],[69.087,22.433],[69.087,22.433],[69.087,22.433],[69.088,22.433],[69.088,22.434],[69.088,22.434],[69.088,22.434],[69.089,22.434],[69.089,22.434],[69.089,22.434],[69.089,22.435],[69.09,22.435],[69.09,22.435],[69.09,22.435],[69.09,22.436],[69.09,22.436],[69.09,22.436],[69.091,22.436],[69.091,22.436],[69.091,22.437],[69.091,22.437],[69.091,22.437],[69.091,22.437],[69.091,22.438],[69.09,22.438],[69.09,22.438],[69.091,22.438],[69.091,22.439],[69.092,22.439],[69.092,22.439],[69.092,22.439],[69.092,22.439],[69.092,22.439],[69.092,22.44],[69.093,22.44],[69.093,22.44],[69.093,22.44],[69.093,22.44],[69.094,22.44],[69.094,22.44],[69.095,22.44],[69.095,22.441],[69.095,22.441],[69.095,22.441],[69.096,22.441],[69.096,22.441],[69.096,22.441],[69.096,22.442],[69.095,22.442],[69.095,22.443],[69.095,22.443],[69.095,22.443],[69.095,22.443],[69.095,22.444],[69.095,22.444],[69.095,22.446],[69.094,22.446],[69.094,22.446],[69.093,22.446],[69.093,22.447],[69.093,22.447],[69.093,22.447],[69.093,22.447],[69.093,22.448],[69.093,22.448],[69.093,22.448],[69.092,22.448],[69.092,22.449],[69.093,22.449],[69.093,22.449],[69.093,22.449],[69.093,22.45],[69.093,22.45],[69.093,22.45],[69.094,22.45],[69.094,22.45],[69.094,22.45],[69.094,22.451],[69.093,22.451],[69.093,22.452],[69.092,22.452],[69.092,22.452],[69.094,22.452],[69.094,22.452],[69.094,22.452],[69.094,22.454],[69.094,22.454],[69.094,22.454],[69.093,22.454],[69.093,22.455],[69.093,22.455],[69.093,22.455],[69.093,22.455],[69.093,22.455],[69.093,22.455],[69.093,22.456],[69.092,22.456],[69.092,22.457],[69.092,22.457],[69.092,22.457],[69.092,22.457],[69.092,22.459],[69.093,22.459],[69.093,22.46],[69.093,22.46],[69.093,22.46],[69.093,22.46],[69.093,22.46],[69.093,22.46],[69.093,22.462],[69.096,22.462],[69.096,22.462],[69.098,22.462],[69.098,22.462],[69.1,22.462],[69.1,22.462],[69.1,22.462],[69.1,22.463],[69.101,22.463],[69.101,22.463],[69.101,22.463],[69.101,22.463],[69.102,22.463],[69.102,22.463],[69.102,22.463],[69.102,22.464],[69.102,22.464],[69.102,22.464],[69.103,22.464],[69.103,22.464],[69.103,22.464],[69.103,22.465],[69.104,22.465],[69.104,22.465],[69.104,22.465],[69.104,22.465],[69.105,22.465],[69.105,22.465],[69.105,22.465],[69.105,22.466],[69.105,22.466],[69.105,22.466],[69.106,22.466],[69.106,22.466],[69.107,22.466],[69.108,22.466],[69.108,22.467],[69.11,22.467],[69.11,22.467],[69.11,22.467],[69.11,22.467],[69.111,22.467],[69.111,22.467],[69.111,22.467],[69.111,22.468],[69.112,22.468],[69.112,22.468],[69.112,22.468],[69.112,22.468],[69.113,22.468],[69.113,22.468],[69.113,22.468],[69.113,22.469],[69.113,22.469],[69.113,22.469],[69.114,22.469],[69.114,22.469],[69.115,22.469],[69.115,22.47],[69.115,22.47],[69.115,22.47],[69.115,22.47],[69.115,22.47],[69.116,22.47],[69.116,22.47],[69.117,22.47],[69.117,22.471],[69.117,22.471],[69.117,22.471],[69.118,22.471],[69.118,22.471],[69.118,22.471],[69.118,22.472],[69.119,22.472],[69.119,22.472],[69.12,22.472],[69.12,22.472],[69.12,22.472],[69.12,22.472],[69.121,22.472],[69.121,22.473],[69.122,22.473],[69.122,22.473],[69.122,22.473],[69.122,22.473],[69.122,22.473],[69.122,22.473],[69.123,22.473],[69.123,22.474],[69.123,22.474],[69.123,22.474],[69.124,22.474],[69.124,22.474],[69.124,22.474],[69.124,22.475],[69.125,22.475],[69.125,22.475],[69.125,22.475],[69.125,22.475],[69.125,22.475],[69.125,22.475],[69.126,22.475],[69.126,22.476],[69.129,22.476],[69.129,22.476],[69.13,22.476],[69.13,22.476],[69.131,22.476],[69.131,22.477],[69.132,22.477],[69.132,22.477],[69.133,22.477],[69.133,22.477],[69.134,22.477],[69.134,22.477],[69.135,22.477],[69.135,22.478],[69.137,22.478]]],[[[69.089,22.491],[69.089,22.49],[69.089,22.49],[69.089,22.49],[69.089,22.49],[69.089,22.49],[69.089,22.49],[69.089,22.489],[69.088,22.489],[69.088,22.489],[69.088,22.489],[69.088,22.488],[69.088,22.488],[69.088,22.488],[69.088,22.488],[69.088,22.488],[69.087,22.488],[69.087,22.487],[69.087,22.487],[69.087,22.487],[69.087,22.487],[69.087,22.487],[69.087,22.487],[69.087,22.487],[69.086,22.487],[69.086,22.486],[69.086,22.486],[69.086,22.486],[69.085,22.486],[69.085,22.486],[69.085,22.486],[69.085,22.485],[69.085,22.485],[69.085,22.485],[69.084,22.485],[69.084,22.486],[69.084,22.486],[69.084,22.486],[69.085,22.486],[69.085,22.487],[69.085,22.487],[69.085,22.488],[69.085,22.488],[69.085,22.488],[69.085,22.488],[69.085,22.488],[69.086,22.488],[69.086,22.489],[69.086,22.489],[69.086,22.489],[69.087,22.489],[69.087,22.489],[69.087,22.489],[69.087,22.49],[69.087,22.49],[69.087,22.49],[69.087,22.49],[69.087,22.49],[69.088,22.49],[69.088,22.49],[69.088,22.49],[69.088,22.491],[69.089,22.491]]],[[[69.324,22.528],[69.362,22.515],[69.322,22.515],[69.324,22.528]]],[[[69.945,22.532],[69.945,22.532],[69.946,22.532],[69.946,22.532],[69.947,22.532],[69.947,22.532],[69.947,22.532],[69.947,22.531],[69.947,22.531],[69.947,22.531],[69.948,22.531],[69.948,22.53],[69.947,22.53],[69.947,22.53],[69.947,22.53],[69.947,22.53],[69.946,22.53],[69.946,22.53],[69.945,22.53],[69.945,22.53],[69.945,22.53],[69.945,22.53],[69.944,22.53],[69.944,22.53],[69.943,22.53],[69.943,22.532],[69.944,22.532],[69.944,22.532],[69.945,22.532]]],[[[69.405,22.533],[69.405,22.532],[69.405,22.532],[69.405,22.531],[69.406,22.531],[69.406,22.529],[69.406,22.529],[69.406,22.528],[69.406,22.528],[69.406,22.528],[69.407,22.528],[69.407,22.527],[69.406,22.527],[69.406,22.527],[69.406,22.527],[69.406,22.525],[69.406,22.525],[69.406,22.525],[69.405,22.525],[69.405,22.525],[69.405,22.525],[69.405,22.525],[69.404,22.525],[69.404,22.524],[69.403,22.524],[69.403,22.525],[69.403,22.525],[69.403,22.525],[69.403,22.525],[69.403,22.525],[69.402,22.525],[69.402,22.525],[69.402,22.525],[69.402,22.526],[69.402,22.526],[69.402,22.528],[69.402,22.528],[69.402,22.529],[69.402,22.529],[69.402,22.53],[69.403,22.53],[69.403,22.53],[69.403,22.53],[69.403,22.531],[69.403,22.531],[69.403,22.532],[69.403,22.532],[69.403,22.532],[69.404,22.532],[69.404,22.533],[69.405,22.533]]],[[[69.957,22.536],[69.957,22.535],[69.958,22.535],[69.958,22.535],[69.957,22.535],[69.957,22.535],[69.957,22.535],[69.957,22.535],[69.957,22.534],[69.957,22.534],[69.957,22.534],[69.955,22.534],[69.955,22.534],[69.955,22.534],[69.955,22.533],[69.954,22.533],[69.954,22.533],[69.954,22.533],[69.954,22.533],[69.954,22.533],[69.954,22.533],[69.952,22.533],[69.952,22.533],[69.953,22.533],[69.953,22.533],[69.953,22.533],[69.953,22.534],[69.953,22.534],[69.953,22.534],[69.953,22.534],[69.953,22.535],[69.954,22.535],[69.954,22.535],[69.954,22.535],[69.954,22.535],[69.955,22.535],[69.955,22.535],[69.955,22.535],[69.955,22.536],[69.955,22.536],[69.955,22.536],[69.957,22.536],[69.957,22.536]]],[[[69.96,22.544],[69.96,22.543],[69.961,22.543],[69.961,22.543],[69.962,22.543],[69.962,22.543],[69.963,22.543],[69.963,22.543],[69.963,22.543],[69.963,22.542],[69.963,22.542],[69.963,22.542],[69.963,22.542],[69.963,22.542],[69.963,22.542],[69.963,22.541],[69.963,22.541],[69.962,22.541],[69.962,22.541],[69.962,22.541],[69.962,22.541],[69.962,22.541],[69.961,22.541],[69.961,22.54],[69.961,22.54],[69.961,22.54],[69.96,22.54],[69.96,22.54],[69.96,22.54],[69.96,22.54],[69.96,22.54],[69.96,22.539],[69.959,22.539],[69.959,22.539],[69.959,22.539],[69.959,22.538],[69.958,22.538],[69.958,22.538],[69.958,22.538],[69.958,22.538],[69.958,22.538],[69.958,22.538],[69.957,22.538],[69.957,22.538],[69.956,22.538],[69.956,22.537],[69.956,22.537],[69.956,22.537],[69.955,22.537],[69.955,22.537],[69.955,22.537],[69.955,22.537],[69.955,22.537],[69.955,22.536],[69.955,22.536],[69.955,22.536],[69.954,22.536],[69.954,22.537],[69.954,22.537],[69.954,22.537],[69.955,22.537],[69.955,22.537],[69.955,22.537],[69.955,22.538],[69.955,22.538],[69.955,22.538],[69.956,22.538],[69.956,22.538],[69.956,22.538],[69.956,22.539],[69.956,22.539],[69.956,22.539],[69.957,22.539],[69.957,22.54],[69.957,22.54],[69.957,22.54],[69.957,22.54],[69.957,22.541],[69.957,22.541],[69.957,22.541],[69.958,22.541],[69.958,22.542],[69.958,22.542],[69.958,22.542],[69.958,22.542],[69.958,22.543],[69.958,22.543],[69.958,22.543],[69.959,22.543],[69.959,22.543],[69.959,22.543],[69.959,22.543],[69.959,22.543],[69.959,22.544],[69.96,22.544]]],[[[69.952,22.551],[69.952,22.551],[69.952,22.551],[69.952,22.551],[69.953,22.551],[69.953,22.55],[69.953,22.55],[69.953,22.55],[69.953,22.55],[69.953,22.55],[69.953,22.55],[69.953,22.55],[69.954,22.55],[69.954,22.549],[69.954,22.549],[69.954,22.549],[69.954,22.549],[69.954,22.549],[69.955,22.549],[69.955,22.548],[69.955,22.548],[69.955,22.548],[69.955,22.548],[69.955,22.548],[69.955,22.548],[69.955,22.548],[69.956,22.548],[69.956,22.547],[69.956,22.547],[69.956,22.547],[69.956,22.547],[69.956,22.547],[69.957,22.547],[69.957,22.546],[69.957,22.546],[69.957,22.546],[69.957,22.546],[69.957,22.546],[69.957,22.546],[69.957,22.545],[69.958,22.545],[69.958,22.544],[69.957,22.544],[69.957,22.544],[69.957,22.544],[69.957,22.543],[69.957,22.543],[69.957,22.543],[69.957,22.543],[69.957,22.543],[69.956,22.543],[69.956,22.542],[69.956,22.542],[69.956,22.542],[69.956,22.542],[69.956,22.542],[69.955,22.542],[69.955,22.541],[69.955,22.541],[69.955,22.541],[69.955,22.541],[69.955,22.54],[69.955,22.54],[69.955,22.539],[69.954,22.539],[69.954,22.538],[69.954,22.538],[69.954,22.538],[69.954,22.538],[69.954,22.537],[69.953,22.537],[69.953,22.537],[69.953,22.537],[69.953,22.537],[69.953,22.537],[69.953,22.537],[69.952,22.537],[69.952,22.536],[69.951,22.536],[69.951,22.536],[69.951,22.536],[69.951,22.536],[69.95,22.536],[69.95,22.535],[69.948,22.535],[69.948,22.536],[69.947,22.536],[69.947,22.536],[69.946,22.536],[69.946,22.536],[69.945,22.536],[69.945,22.537],[69.944,22.537],[69.944,22.537],[69.943,22.537],[69.943,22.537],[69.942,22.537],[69.942,22.537],[69.942,22.537],[69.942,22.538],[69.941,22.538],[69.941,22.538],[69.94,22.538],[69.94,22.538],[69.94,22.538],[69.94,22.538],[69.939,22.538],[69.939,22.539],[69.938,22.539],[69.938,22.54],[69.938,22.54],[69.938,22.542],[69.938,22.542],[69.938,22.542],[69.938,22.546],[69.939,22.546],[69.939,22.546],[69.939,22.546],[69.939,22.547],[69.939,22.547],[69.939,22.548],[69.94,22.548],[69.94,22.548],[69.94,22.548],[69.94,22.548],[69.94,22.548],[69.94,22.549],[69.941,22.549],[69.941,22.549],[69.941,22.549],[69.941,22.549],[69.941,22.549],[69.941,22.55],[69.942,22.55],[69.942,22.55],[69.942,22.55],[69.942,22.55],[69.943,22.55],[69.943,22.551],[69.943,22.551],[69.943,22.551],[69.944,22.551],[69.944,22.551],[69.952,22.551]]],[[[69.919,22.553],[69.944,22.522],[69.904,22.514],[69.865,22.525],[69.9,22.544],[69.919,22.553]]],[[[70.024,22.553],[70.024,22.553],[70.025,22.553],[70.025,22.552],[70.024,22.552],[70.024,22.552],[70.024,22.552],[70.024,22.551],[70.023,22.551],[70.023,22.551],[70.023,22.551],[70.023,22.551],[70.023,22.551],[70.023,22.55],[70.023,22.55],[70.023,22.55],[70.022,22.55],[70.022,22.55],[70.022,22.55],[70.022,22.55],[70.022,22.55],[70.022,22.549],[70.021,22.549],[70.021,22.549],[70.021,22.549],[70.021,22.549],[70.02,22.549],[70.02,22.548],[70.02,22.548],[70.02,22.548],[70.018,22.548],[70.018,22.548],[70.018,22.548],[70.018,22.548],[70.016,22.548],[70.016,22.548],[70.015,22.548],[70.015,22.548],[70.014,22.548],[70.014,22.549],[70.013,22.549],[70.013,22.549],[70.012,22.549],[70.012,22.549],[70.012,22.549],[70.012,22.55],[70.012,22.55],[70.012,22.55],[70.012,22.55],[70.012,22.55],[70.013,22.55],[70.013,22.55],[70.014,22.55],[70.014,22.551],[70.015,22.551],[70.015,22.551],[70.015,22.551],[70.015,22.551],[70.016,22.551],[70.016,22.552],[70.018,22.552],[70.018,22.552],[70.02,22.552],[70.02,22.552],[70.021,22.552],[70.021,22.552],[70.022,22.552],[70.022,22.553],[70.023,22.553],[70.023,22.553],[70.024,22.553],[70.024,22.553],[70.024,22.553]]],[[[70.011,22.554],[70.011,22.553],[70.012,22.553],[70.012,22.553],[70.012,22.553],[70.012,22.553],[70.012,22.553],[70.012,22.553],[70.013,22.553],[70.013,22.552],[70.012,22.552],[70.012,22.552],[70.012,22.552],[70.012,22.552],[70.011,22.552],[70.011,22.552],[70.01,22.552],[70.01,22.551],[70.01,22.551],[70.01,22.551],[70.01,22.551],[70.01,22.551],[70.009,22.551],[70.009,22.55],[70.008,22.55],[70.008,22.55],[70.007,22.55],[70.007,22.55],[70.006,22.55],[70.006,22.55],[70.006,22.55],[70.006,22.549],[70.005,22.549],[70.005,22.549],[70.0,22.549],[70.0,22.549],[70.0,22.549],[69.999,22.549],[69.999,22.548],[69.996,22.548],[69.996,22.549],[69.996,22.549],[69.996,22.549],[69.996,22.549],[69.996,22.55],[69.997,22.55],[69.997,22.55],[69.997,22.55],[69.997,22.55],[69.997,22.55],[69.997,22.55],[69.998,22.55],[69.998,22.551],[69.999,22.551],[69.999,22.551],[69.999,22.551],[69.999,22.551],[70.0,22.551],[70.0,22.552],[70.0,22.552],[70.0,22.552],[70.0,22.552],[70.0,22.552],[70.0,22.552],[70.001,22.552],[70.001,22.552],[70.002,22.552],[70.002,22.552],[70.004,22.552],[70.004,22.552],[70.008,22.552],[70.008,22.553],[70.008,22.553],[70.008,22.553],[70.009,22.553],[70.009,22.553],[70.009,22.553],[70.009,22.553],[70.01,22.553],[70.01,22.554],[70.011,22.554]]],[[[70.023,22.558],[70.023,22.558],[70.024,22.558],[70.024,22.558],[70.024,22.558],[70.024,22.558],[70.025,22.558],[70.025,22.557],[70.025,22.557],[70.025,22.556],[70.025,22.556],[70.025,22.555],[70.025,22.555],[70.025,22.555],[70.024,22.555],[70.024,22.555],[70.023,22.555],[70.023,22.555],[70.022,22.555],[70.022,22.554],[70.022,22.554],[70.022,22.554],[70.02,22.554],[70.02,22.554],[70.02,22.554],[70.02,22.553],[70.018,22.553],[70.018,22.553],[70.016,22.553],[70.016,22.553],[70.014,22.553],[70.014,22.553],[70.013,22.553],[70.013,22.553],[70.013,22.553],[70.013,22.554],[70.013,22.554],[70.013,22.554],[70.013,22.554],[70.013,22.555],[70.013,22.555],[70.013,22.555],[70.013,22.555],[70.013,22.555],[70.013,22.555],[70.013,22.555],[70.014,22.555],[70.014,22.556],[70.014,22.556],[70.014,22.556],[70.014,22.556],[70.014,22.556],[70.015,22.556],[70.015,22.557],[70.015,22.557],[70.015,22.557],[70.015,22.557],[70.015,22.557],[70.016,22.557],[70.016,22.557],[70.016,22.557],[70.016,22.558],[70.017,22.558],[70.017,22.558],[70.018,22.558],[70.018,22.558],[70.018,22.558],[70.018,22.558],[70.023,22.558]]],[[[70.04,22.568],[70.04,22.568],[70.04,22.568],[70.04,22.567],[70.04,22.567],[70.04,22.567],[70.04,22.567],[70.04,22.567],[70.041,22.567],[70.041,22.565],[70.041,22.565],[70.041,22.565],[70.04,22.565],[70.04,22.564],[70.039,22.564],[70.039,22.565],[70.038,22.565],[70.038,22.567],[70.039,22.567],[70.039,22.567],[70.039,22.567],[70.039,22.567],[70.039,22.567],[70.039,22.568],[70.04,22.568]]],[[[70.045,22.572],[70.045,22.572],[70.045,22.572],[70.045,22.572],[70.045,22.572],[70.045,22.572],[70.045,22.572],[70.045,22.571],[70.046,22.571],[70.046,22.57],[70.046,22.57],[70.046,22.57],[70.045,22.57],[70.045,22.569],[70.045,22.569],[70.045,22.569],[70.045,22.569],[70.045,22.568],[70.045,22.568],[70.045,22.568],[70.044,22.568],[70.044,22.568],[70.044,22.568],[70.044,22.567],[70.044,22.567],[70.044,22.567],[70.043,22.567],[70.043,22.567],[70.042,22.567],[70.042,22.57],[70.042,22.57],[70.042,22.57],[70.043,22.57],[70.043,22.571],[70.043,22.571],[70.043,22.571],[70.043,22.571],[70.043,22.571],[70.043,22.571],[70.043,22.572],[70.044,22.572],[70.044,22.572],[70.044,22.572],[70.044,22.572],[70.045,22.572]]],[[[70.182,22.584],[70.182,22.583],[70.182,22.583],[70.182,22.583],[70.182,22.583],[70.182,22.583],[70.183,22.583],[70.183,22.583],[70.183,22.583],[70.183,22.581],[70.181,22.581],[70.181,22.581],[70.181,22.581],[70.181,22.582],[70.18,22.582],[70.18,22.583],[70.18,22.583],[70.18,22.583],[70.181,22.583],[70.181,22.583],[70.181,22.583],[70.181,22.584],[70.182,22.584]]],[[[70.009,22.593],[70.002,22.554],[69.962,22.546],[69.981,22.582],[70.009,22.593]]],[[[70.19,22.6],[70.19,22.6],[70.191,22.6],[70.191,22.599],[70.191,22.599],[70.191,22.599],[70.191,22.599],[70.191,22.599],[70.192,22.599],[70.192,22.598],[70.192,22.598],[70.192,22.598],[70.192,22.598],[70.192,22.598],[70.191,22.598],[70.191,22.598],[70.189,22.598],[70.189,22.598],[70.189,22.598],[70.189,22.598],[70.189,22.598],[70.189,22.6],[70.189,22.6],[70.189,22.6],[70.19,22.6]]],[[[69.948,22.606],[69.948,22.606],[69.949,22.606],[69.949,22.606],[69.95,22.606],[69.95,22.605],[69.95,22.605],[69.95,22.605],[69.951,22.605],[69.951,22.605],[69.951,22.605],[69.951,22.605],[69.952,22.605],[69.952,22.605],[69.952,22.605],[69.952,22.605],[69.952,22.605],[69.952,22.606],[69.953,22.606],[69.953,22.605],[69.954,22.605],[69.954,22.605],[69.955,22.605],[69.955,22.605],[69.956,22.605],[69.956,22.605],[69.956,22.605],[69.956,22.604],[69.957,22.604],[69.957,22.604],[69.957,22.604],[69.957,22.604],[69.958,22.604],[69.958,22.603],[69.959,22.603],[69.959,22.603],[69.959,22.603],[69.959,22.603],[69.96,22.603],[69.96,22.602],[69.96,22.602],[69.96,22.602],[69.96,22.602],[69.96,22.602],[69.961,22.602],[69.961,22.602],[69.962,22.602],[69.962,22.601],[69.962,22.601],[69.962,22.601],[69.963,22.601],[69.963,22.601],[69.963,22.601],[69.963,22.6],[69.963,22.6],[69.963,22.6],[69.964,22.6],[69.964,22.599],[69.963,22.599],[69.963,22.599],[69.963,22.599],[69.963,22.598],[69.963,22.598],[69.963,22.598],[69.962,22.598],[69.962,22.598],[69.962,22.598],[69.962,22.598],[69.961,22.598],[69.961,22.597],[69.96,22.597],[69.96,22.597],[69.96,22.597],[69.96,22.597],[69.96,22.597],[69.96,22.596],[69.96,22.596],[69.96,22.596],[69.958,22.596],[69.958,22.596],[69.958,22.596],[69.958,22.595],[69.957,22.595],[69.957,22.595],[69.957,22.595],[69.957,22.595],[69.955,22.595],[69.955,22.595],[69.954,22.595],[69.954,22.595],[69.953,22.595],[69.953,22.596],[69.953,22.596],[69.953,22.596],[69.952,22.596],[69.952,22.596],[69.952,22.596],[69.952,22.597],[69.952,22.597],[69.952,22.597],[69.951,22.597],[69.951,22.597],[69.951,22.597],[69.951,22.598],[69.951,22.598],[69.951,22.598],[69.95,22.598],[69.95,22.598],[69.95,22.598],[69.95,22.599],[69.949,22.599],[69.949,22.599],[69.949,22.599],[69.949,22.602],[69.949,22.602],[69.949,22.604],[69.949,22.604],[69.949,22.604],[69.948,22.604],[69.948,22.604],[69.948,22.604],[69.948,22.605],[69.948,22.605],[69.948,22.605],[69.948,22.605],[69.948,22.606],[69.948,22.606],[69.948,22.606],[69.948,22.606]]],[[[70.216,22.647],[70.216,22.647],[70.216,22.647],[70.216,22.646],[70.217,22.646],[70.217,22.646],[70.217,22.646],[70.217,22.646],[70.218,22.646],[70.218,22.646],[70.218,22.646],[70.218,22.645],[70.218,22.645],[70.218,22.645],[70.219,22.645],[70.219,22.645],[70.22,22.645],[70.22,22.644],[70.22,22.644],[70.22,22.644],[70.22,22.644],[70.22,22.643],[70.221,22.643],[70.221,22.643],[70.219,22.643],[70.219,22.643],[70.219,22.643],[70.219,22.642],[70.219,22.642],[70.219,22.642],[70.22,22.642],[70.22,22.641],[70.22,22.641],[70.22,22.641],[70.22,22.641],[70.22,22.641],[70.22,22.641],[70.22,22.64],[70.22,22.64],[70.22,22.64],[70.22,22.64],[70.22,22.641],[70.218,22.641],[70.218,22.642],[70.218,22.642],[70.218,22.643],[70.217,22.643],[70.217,22.642],[70.217,22.642],[70.217,22.642],[70.217,22.642],[70.217,22.643],[70.217,22.643],[70.217,22.645],[70.217,22.645],[70.217,22.645],[70.215,22.645],[70.215,22.646],[70.216,22.646],[70.216,22.647],[70.216,22.647]]],[[[70.236,22.685],[70.236,22.684],[70.236,22.684],[70.236,22.684],[70.236,22.684],[70.236,22.684],[70.237,22.684],[70.237,22.683],[70.237,22.683],[70.237,22.683],[70.238,22.683],[70.238,22.682],[70.238,22.682],[70.238,22.682],[70.238,22.682],[70.238,22.682],[70.237,22.682],[70.237,22.683],[70.235,22.683],[70.235,22.682],[70.235,22.682],[70.235,22.683],[70.235,22.683],[70.235,22.684],[70.235,22.684],[70.235,22.684],[70.235,22.684],[70.235,22.685],[70.236,22.685]]],[[[70.243,22.685],[70.243,22.684],[70.244,22.684],[70.244,22.683],[70.243,22.683],[70.243,22.682],[70.243,22.682],[70.243,22.683],[70.243,22.683],[70.243,22.683],[70.243,22.683],[70.243,22.684],[70.242,22.684],[70.242,22.683],[70.242,22.683],[70.242,22.682],[70.241,22.682],[70.241,22.682],[70.24,22.682],[70.24,22.682],[70.24,22.682],[70.24,22.682],[70.239,22.682],[70.239,22.682],[70.239,22.682],[70.239,22.683],[70.239,22.683],[70.239,22.683],[70.239,22.683],[70.239,22.684],[70.24,22.684],[70.24,22.684],[70.24,22.684],[70.24,22.684],[70.24,22.684],[70.24,22.683],[70.241,22.683],[70.241,22.684],[70.241,22.684],[70.241,22.684],[70.242,22.684],[70.242,22.685],[70.243,22.685]]],[[[70.247,22.692],[70.247,22.692],[70.247,22.692],[70.247,22.691],[70.248,22.691],[70.248,22.69],[70.248,22.69],[70.248,22.689],[70.247,22.689],[70.247,22.689],[70.247,22.689],[70.247,22.689],[70.247,22.689],[70.247,22.688],[70.247,22.688],[70.247,22.688],[70.246,22.688],[70.246,22.688],[70.246,22.688],[70.246,22.688],[70.245,22.688],[70.245,22.687],[70.245,22.687],[70.245,22.687],[70.244,22.687],[70.244,22.687],[70.244,22.687],[70.244,22.687],[70.243,22.687],[70.243,22.687],[70.243,22.687],[70.243,22.687],[70.243,22.687],[70.243,22.688],[70.244,22.688],[70.244,22.688],[70.244,22.688],[70.244,22.688],[70.244,22.688],[70.244,22.688],[70.243,22.688],[70.243,22.688],[70.242,22.688],[70.242,22.689],[70.242,22.689],[70.242,22.69],[70.242,22.69],[70.242,22.689],[70.243,22.689],[70.243,22.69],[70.243,22.69],[70.243,22.69],[70.243,22.69],[70.243,22.691],[70.244,22.691],[70.244,22.691],[70.244,22.691],[70.244,22.692],[70.245,22.692],[70.245,22.691],[70.246,22.691],[70.246,22.691],[70.246,22.691],[70.246,22.69],[70.246,22.69],[70.246,22.691],[70.247,22.691],[70.247,22.691],[70.246,22.691],[70.246,22.692],[70.247,22.692]]],[[[70.244,22.72],[70.244,22.719],[70.244,22.719],[70.244,22.718],[70.245,22.718],[70.245,22.717],[70.245,22.717],[70.245,22.717],[70.245,22.717],[70.245,22.716],[70.246,22.716],[70.246,22.715],[70.246,22.715],[70.246,22.715],[70.246,22.715],[70.246,22.715],[70.247,22.715],[70.247,22.713],[70.246,22.713],[70.246,22.713],[70.246,22.713],[70.246,22.713],[70.246,22.713],[70.246,22.712],[70.245,22.712],[70.245,22.712],[70.245,22.712],[70.245,22.712],[70.243,22.712],[70.243,22.713],[70.244,22.713],[70.244,22.717],[70.243,22.717],[70.243,22.719],[70.243,22.719],[70.243,22.72],[70.244,22.72]]],[[[69.643,22.765],[69.643,22.765],[69.644,22.765],[69.644,22.764],[69.644,22.764],[69.644,22.764],[69.645,22.764],[69.645,22.764],[69.645,22.764],[69.645,22.763],[69.645,22.763],[69.645,22.763],[69.646,22.763],[69.646,22.763],[69.646,22.763],[69.646,22.763],[69.647,22.763],[69.647,22.762],[69.647,22.762],[69.647,22.762],[69.647,22.762],[69.647,22.762],[69.647,22.762],[69.647,22.762],[69.648,22.762],[69.648,22.761],[69.648,22.761],[69.648,22.761],[69.648,22.761],[69.648,22.761],[69.648,22.761],[69.648,22.76],[69.649,22.76],[69.649,22.76],[69.649,22.76],[69.649,22.76],[69.65,22.76],[69.65,22.76],[69.65,22.76],[69.65,22.759],[69.65,22.759],[69.65,22.759],[69.651,22.759],[69.651,22.759],[69.651,22.759],[69.651,22.758],[69.652,22.758],[69.652,22.758],[69.652,22.758],[69.652,22.758],[69.652,22.758],[69.652,22.758],[69.653,22.758],[69.653,22.757],[69.653,22.757],[69.653,22.757],[69.653,22.757],[69.653,22.757],[69.654,22.757],[69.654,22.757],[69.654,22.757],[69.654,22.756],[69.655,22.756],[69.655,22.756],[69.656,22.756],[69.656,22.756],[69.656,22.756],[69.656,22.755],[69.657,22.755],[69.657,22.755],[69.66,22.755],[69.66,22.755],[69.661,22.755],[69.661,22.755],[69.663,22.755],[69.663,22.755],[69.663,22.755],[69.663,22.755],[69.663,22.755],[69.663,22.754],[69.663,22.754],[69.663,22.754],[69.664,22.754],[69.664,22.754],[69.665,22.754],[69.665,22.753],[69.666,22.753],[69.666,22.753],[69.667,22.753],[69.667,22.753],[69.667,22.753],[69.667,22.752],[69.667,22.752],[69.667,22.752],[69.667,22.752],[69.667,22.752],[69.667,22.752],[69.667,22.751],[69.666,22.751],[69.666,22.75],[69.665,22.75],[69.665,22.751],[69.664,22.751],[69.664,22.75],[69.664,22.75],[69.664,22.751],[69.662,22.751],[69.662,22.751],[69.662,22.751],[69.662,22.751],[69.661,22.751],[69.661,22.752],[69.661,22.752],[69.661,22.752],[69.659,22.752],[69.659,22.752],[69.658,22.752],[69.658,22.752],[69.658,22.752],[69.658,22.753],[69.657,22.753],[69.657,22.753],[69.656,22.753],[69.656,22.753],[69.655,22.753],[69.655,22.753],[69.654,22.753],[69.654,22.754],[69.653,22.754],[69.653,22.754],[69.652,22.754],[69.652,22.754],[69.652,22.754],[69.652,22.755],[69.651,22.755],[69.651,22.755],[69.65,22.755],[69.65,22.756],[69.65,22.756],[69.65,22.756],[69.649,22.756],[69.649,22.756],[69.648,22.756],[69.648,22.756],[69.648,22.756],[69.648,22.756],[69.647,22.756],[69.647,22.755],[69.647,22.755],[69.647,22.755],[69.647,22.755],[69.647,22.756],[69.647,22.756],[69.647,22.757],[69.646,22.757],[69.646,22.758],[69.647,22.758],[69.647,22.758],[69.646,22.758],[69.646,22.758],[69.645,22.758],[69.645,22.759],[69.645,22.759],[69.645,22.759],[69.645,22.759],[69.645,22.759],[69.644,22.759],[69.644,22.758],[69.643,22.758],[69.643,22.759],[69.642,22.759],[69.642,22.759],[69.641,22.759],[69.641,22.759],[69.64,22.759],[69.64,22.76],[69.64,22.76],[69.64,22.761],[69.64,22.761],[69.64,22.761],[69.638,22.761],[69.638,22.761],[69.637,22.761],[69.637,22.761],[69.637,22.761],[69.637,22.761],[69.637,22.761],[69.637,22.76],[69.634,22.76],[69.634,22.761],[69.633,22.761],[69.633,22.761],[69.633,22.761],[69.633,22.761],[69.632,22.761],[69.632,22.76],[69.632,22.76],[69.632,22.761],[69.632,22.761],[69.632,22.761],[69.631,22.761],[69.631,22.761],[69.631,22.761],[69.631,22.762],[69.631,22.762],[69.631,22.763],[69.632,22.763],[69.632,22.763],[69.632,22.763],[69.632,22.763],[69.633,22.763],[69.633,22.763],[69.634,22.763],[69.634,22.764],[69.635,22.764],[69.635,22.764],[69.636,22.764],[69.636,22.764],[69.637,22.764],[69.637,22.765],[69.638,22.765],[69.638,22.765],[69.638,22.765],[69.638,22.765],[69.642,22.765],[69.642,22.765],[69.643,22.765]]],[[[69.637,22.78],[69.637,22.78],[69.637,22.78],[69.637,22.779],[69.637,22.779],[69.637,22.779],[69.637,22.779],[69.637,22.777],[69.638,22.777],[69.638,22.776],[69.636,22.776],[69.636,22.776],[69.636,22.776],[69.636,22.777],[69.636,22.777],[69.636,22.777],[69.635,22.777],[69.635,22.778],[69.635,22.778],[69.635,22.779],[69.635,22.779],[69.635,22.78],[69.636,22.78],[69.636,22.78],[69.637,22.78]]],[[[70.455,22.996],[70.455,22.994],[70.455,22.994],[70.455,22.992],[70.455,22.992],[70.455,22.991],[70.454,22.991],[70.454,22.991],[70.455,22.991],[70.455,22.99],[70.454,22.99],[70.454,22.99],[70.454,22.99],[70.454,22.989],[70.454,22.989],[70.454,22.989],[70.453,22.989],[70.453,22.988],[70.453,22.988],[70.453,22.988],[70.453,22.988],[70.453,22.988],[70.452,22.988],[70.452,22.988],[70.452,22.988],[70.452,22.987],[70.452,22.987],[70.452,22.987],[70.452,22.987],[70.452,22.987],[70.451,22.987],[70.451,22.986],[70.451,22.986],[70.451,22.986],[70.45,22.986],[70.45,22.986],[70.45,22.986],[70.45,22.985],[70.45,22.985],[70.45,22.985],[70.449,22.985],[70.449,22.985],[70.449,22.985],[70.449,22.985],[70.448,22.985],[70.448,22.984],[70.448,22.984],[70.448,22.984],[70.448,22.984],[70.448,22.984],[70.447,22.984],[70.447,22.983],[70.447,22.983],[70.447,22.983],[70.446,22.983],[70.446,22.983],[70.446,22.983],[70.446,22.983],[70.445,22.983],[70.445,22.982],[70.445,22.982],[70.445,22.982],[70.445,22.982],[70.445,22.982],[70.444,22.982],[70.444,22.982],[70.444,22.982],[70.444,22.981],[70.443,22.981],[70.443,22.981],[70.443,22.981],[70.443,22.981],[70.443,22.981],[70.443,22.98],[70.443,22.98],[70.443,22.98],[70.442,22.98],[70.442,22.98],[70.442,22.98],[70.442,22.98],[70.441,22.98],[70.441,22.979],[70.44,22.979],[70.44,22.979],[70.44,22.979],[70.44,22.979],[70.439,22.979],[70.439,22.978],[70.439,22.978],[70.439,22.978],[70.438,22.978],[70.438,22.978],[70.434,22.978],[70.434,22.979],[70.433,22.979],[70.433,22.98],[70.433,22.98],[70.433,22.98],[70.433,22.98],[70.433,22.98],[70.433,22.98],[70.433,22.981],[70.434,22.981],[70.434,22.981],[70.434,22.981],[70.434,22.982],[70.434,22.982],[70.434,22.982],[70.435,22.982],[70.435,22.983],[70.435,22.983],[70.435,22.983],[70.435,22.983],[70.435,22.983],[70.436,22.983],[70.436,22.984],[70.437,22.984],[70.437,22.984],[70.437,22.984],[70.437,22.984],[70.438,22.984],[70.438,22.985],[70.438,22.985],[70.438,22.985],[70.438,22.985],[70.438,22.985],[70.439,22.985],[70.439,22.985],[70.439,22.985],[70.439,22.986],[70.44,22.986],[70.44,22.986],[70.44,22.986],[70.44,22.986],[70.44,22.986],[70.44,22.987],[70.441,22.987],[70.441,22.987],[70.441,22.987],[70.441,22.987],[70.441,22.987],[70.441,22.987],[70.442,22.987],[70.442,22.988],[70.443,22.988],[70.443,22.988],[70.443,22.988],[70.443,22.988],[70.443,22.988],[70.443,22.988],[70.444,22.988],[70.444,22.989],[70.444,22.989],[70.444,22.989],[70.445,22.989],[70.445,22.989],[70.445,22.989],[70.445,22.99],[70.445,22.99],[70.445,22.99],[70.446,22.99],[70.446,22.99],[70.447,22.99],[70.447,22.99],[70.447,22.99],[70.447,22.991],[70.448,22.991],[70.448,22.991],[70.448,22.991],[70.448,22.992],[70.448,22.992],[70.448,22.992],[70.449,22.992],[70.449,22.992],[70.449,22.992],[70.449,22.992],[70.449,22.992],[70.449,22.992],[70.45,22.992],[70.45,22.992],[70.45,22.992],[70.45,22.993],[70.45,22.993],[70.45,22.993],[70.451,22.993],[70.451,22.993],[70.452,22.993],[70.452,22.993],[70.452,22.993],[70.452,22.994],[70.452,22.994],[70.452,22.994],[70.453,22.994],[70.453,22.994],[70.453,22.994],[70.453,22.995],[70.453,22.995],[70.453,22.995],[70.454,22.995],[70.454,22.995],[70.454,22.995],[70.454,22.995],[70.455,22.995],[70.455,22.996],[70.455,22.996]]],[[[70.442,23.05],[70.442,23.048],[70.441,23.048],[70.441,23.048],[70.441,23.048],[70.441,23.047],[70.441,23.047],[70.441,23.047],[70.44,23.047],[70.44,23.047],[70.44,23.047],[70.44,23.047],[70.44,23.047],[70.44,23.046],[70.44,23.046],[70.44,23.046],[70.439,23.046],[70.439,23.046],[70.439,23.046],[70.439,23.045],[70.439,23.045],[70.439,23.045],[70.438,23.045],[70.438,23.045],[70.438,23.045],[70.438,23.045],[70.438,23.045],[70.438,23.044],[70.438,23.044],[70.438,23.044],[70.437,23.044],[70.437,23.044],[70.437,23.044],[70.437,23.043],[70.437,23.043],[70.437,23.043],[70.437,23.043],[70.437,23.042],[70.436,23.042],[70.436,23.042],[70.436,23.042],[70.436,23.042],[70.436,23.042],[70.436,23.042],[70.435,23.042],[70.435,23.041],[70.435,23.041],[70.435,23.041],[70.435,23.041],[70.435,23.041],[70.435,23.041],[70.435,23.04],[70.434,23.04],[70.434,23.04],[70.434,23.04],[70.434,23.039],[70.434,23.039],[70.434,23.039],[70.433,23.039],[70.433,23.039],[70.433,23.039],[70.433,23.038],[70.433,23.038],[70.433,23.038],[70.432,23.038],[70.432,23.038],[70.432,23.038],[70.432,23.037],[70.432,23.037],[70.432,23.037],[70.432,23.037],[70.432,23.037],[70.431,23.037],[70.431,23.036],[70.431,23.036],[70.431,23.036],[70.431,23.036],[70.431,23.036],[70.43,23.036],[70.43,23.035],[70.43,23.035],[70.43,23.035],[70.43,23.035],[70.43,23.035],[70.43,23.035],[70.43,23.035],[70.429,23.035],[70.429,23.034],[70.429,23.034],[70.429,23.034],[70.428,23.034],[70.428,23.034],[70.428,23.034],[70.428,23.033],[70.428,23.033],[70.428,23.033],[70.427,23.033],[70.427,23.033],[70.427,23.033],[70.427,23.033],[70.427,23.033],[70.427,23.032],[70.426,23.032],[70.426,23.032],[70.426,23.032],[70.426,23.032],[70.425,23.032],[70.425,23.032],[70.425,23.032],[70.425,23.031],[70.425,23.031],[70.425,23.031],[70.424,23.031],[70.424,23.031],[70.424,23.031],[70.424,23.03],[70.423,23.03],[70.423,23.03],[70.423,23.03],[70.423,23.03],[70.422,23.03],[70.422,23.03],[70.422,23.03],[70.422,23.029],[70.422,23.029],[70.422,23.029],[70.421,23.029],[70.421,23.028],[70.421,23.028],[70.421,23.028],[70.42,23.028],[70.42,23.028],[70.42,23.028],[70.42,23.028],[70.42,23.028],[70.42,23.027],[70.42,23.027],[70.42,23.027],[70.419,23.027],[70.419,23.027],[70.419,23.027],[70.419,23.027],[70.418,23.027],[70.418,23.026],[70.418,23.026],[70.418,23.026],[70.418,23.026],[70.418,23.026],[70.418,23.026],[70.418,23.025],[70.417,23.025],[70.417,23.025],[70.417,23.025],[70.417,23.025],[70.417,23.025],[70.417,23.024],[70.417,23.024],[70.417,23.024],[70.416,23.024],[70.416,23.024],[70.416,23.024],[70.416,23.023],[70.416,23.023],[70.416,23.023],[70.415,23.023],[70.415,23.023],[70.415,23.023],[70.415,23.025],[70.415,23.025],[70.415,23.027],[70.415,23.027],[70.415,23.027],[70.415,23.028],[70.415,23.028],[70.415,23.029],[70.416,23.029],[70.416,23.03],[70.416,23.03],[70.416,23.03],[70.416,23.03],[70.416,23.031],[70.417,23.031],[70.417,23.032],[70.417,23.032],[70.417,23.032],[70.417,23.032],[70.417,23.032],[70.417,23.032],[70.417,23.032],[70.417,23.032],[70.417,23.032],[70.417,23.033],[70.418,23.033],[70.418,23.033],[70.418,23.033],[70.418,23.034],[70.418,23.034],[70.418,23.034],[70.418,23.034],[70.418,23.035],[70.418,23.035],[70.418,23.035],[70.418,23.035],[70.418,23.035],[70.419,23.035],[70.419,23.035],[70.419,23.035],[70.419,23.036],[70.419,23.036],[70.419,23.036],[70.42,23.036],[70.42,23.037],[70.42,23.037],[70.42,23.037],[70.42,23.037],[70.42,23.037],[70.42,23.037],[70.42,23.037],[70.42,23.037],[70.42,23.038],[70.421,23.038],[70.421,23.038],[70.421,23.038],[70.421,23.038],[70.421,23.038],[70.421,23.038],[70.422,23.038],[70.422,23.039],[70.422,23.039],[70.422,23.039],[70.422,23.039],[70.422,23.04],[70.422,23.04],[70.422,23.04],[70.423,23.04],[70.423,23.04],[70.423,23.04],[70.423,23.04],[70.423,23.04],[70.423,23.041],[70.423,23.041],[70.423,23.041],[70.424,23.041],[70.424,23.041],[70.424,23.041],[70.424,23.042],[70.425,23.042],[70.425,23.042],[70.425,23.042],[70.425,23.042],[70.425,23.042],[70.425,23.042],[70.425,23.042],[70.425,23.043],[70.426,23.043],[70.426,23.043],[70.426,23.043],[70.426,23.043],[70.426,23.043],[70.426,23.043],[70.427,23.043],[70.427,23.044],[70.427,23.044],[70.427,23.044],[70.427,23.044],[70.427,23.044],[70.428,23.044],[70.428,23.045],[70.428,23.045],[70.428,23.045],[70.428,23.045],[70.428,23.045],[70.428,23.045],[70.428,23.046],[70.429,23.046],[70.429,23.046],[70.429,23.046],[70.429,23.047],[70.43,23.047],[70.43,23.047],[70.43,23.047],[70.43,23.047],[70.431,23.047],[70.431,23.047],[70.431,23.047],[70.431,23.048],[70.432,23.048],[70.432,23.048],[70.432,23.048],[70.432,23.048],[70.433,23.048],[70.433,23.048],[70.434,23.048],[70.434,23.049],[70.436,23.049],[70.436,23.049],[70.437,23.049],[70.437,23.049],[70.441,23.049],[70.441,23.05],[70.442,23.05]]],[[[70.448,23.052],[70.435,23.014],[70.448,23.052],[70.448,23.052]]],[[[70.452,23.052],[70.452,23.052],[70.452,23.052],[70.452,23.052],[70.452,23.052],[70.452,23.051],[70.452,23.051],[70.452,23.051],[70.451,23.051],[70.451,23.05],[70.45,23.05],[70.45,23.05],[70.45,23.05],[70.45,23.051],[70.45,23.051],[70.45,23.051],[70.451,23.051],[70.451,23.052],[70.451,23.052],[70.451,23.052],[70.451,23.052],[70.452,23.052],[70.452,23.052],[70.452,23.052],[70.452,23.052],[70.452,23.053],[70.452,23.053],[70.452,23.053],[70.453,23.053],[70.453,23.053],[70.453,23.053],[70.453,23.053],[70.453,23.053],[70.453,23.053],[70.453,23.053],[70.453,23.053],[70.453,23.052],[70.452,23.052]]],[[[70.459,23.058],[70.459,23.057],[70.459,23.057],[70.459,23.057],[70.459,23.057],[70.459,23.056],[70.459,23.056],[70.459,23.056],[70.46,23.056],[70.46,23.056],[70.46,23.055],[70.46,23.055],[70.46,23.055],[70.46,23.055],[70.46,23.055],[70.46,23.055],[70.46,23.055],[70.46,23.055],[70.46,23.054],[70.459,23.054],[70.459,23.054],[70.459,23.054],[70.459,23.054],[70.459,23.054],[70.459,23.053],[70.458,23.053],[70.458,23.053],[70.458,23.053],[70.458,23.053],[70.458,23.053],[70.458,23.052],[70.458,23.052],[70.458,23.052],[70.457,23.052],[70.457,23.052],[70.457,23.052],[70.457,23.052],[70.456,23.052],[70.456,23.051],[70.457,23.051],[70.457,23.051],[70.457,23.051],[70.457,23.052],[70.457,23.052],[70.457,23.052],[70.458,23.052],[70.458,23.051],[70.457,23.051],[70.457,23.05],[70.457,23.05],[70.457,23.05],[70.457,23.05],[70.457,23.05],[70.457,23.05],[70.457,23.049],[70.456,23.049],[70.456,23.049],[70.456,23.049],[70.456,23.049],[70.456,23.049],[70.456,23.048],[70.455,23.048],[70.455,23.048],[70.455,23.048],[70.455,23.048],[70.455,23.048],[70.455,23.048],[70.454,23.048],[70.454,23.047],[70.454,23.047],[70.454,23.047],[70.453,23.047],[70.453,23.047],[70.453,23.047],[70.453,23.047],[70.453,23.047],[70.453,23.046],[70.452,23.046],[70.452,23.046],[70.452,23.046],[70.452,23.046],[70.452,23.046],[70.452,23.045],[70.452,23.045],[70.452,23.045],[70.451,23.045],[70.451,23.045],[70.451,23.045],[70.451,23.045],[70.451,23.045],[70.451,23.044],[70.45,23.044],[70.45,23.043],[70.45,23.043],[70.45,23.043],[70.45,23.043],[70.45,23.044],[70.45,23.044],[70.45,23.045],[70.45,23.045],[70.45,23.045],[70.45,23.045],[70.45,23.046],[70.451,23.046],[70.451,23.047],[70.451,23.047],[70.451,23.047],[70.452,23.047],[70.452,23.047],[70.452,23.047],[70.452,23.048],[70.452,23.048],[70.452,23.048],[70.452,23.048],[70.452,23.048],[70.452,23.048],[70.452,23.049],[70.452,23.049],[70.452,23.049],[70.452,23.049],[70.452,23.049],[70.451,23.049],[70.451,23.049],[70.451,23.049],[70.451,23.05],[70.452,23.05],[70.452,23.05],[70.452,23.05],[70.452,23.05],[70.452,23.05],[70.452,23.051],[70.453,23.051],[70.453,23.052],[70.453,23.052],[70.453,23.052],[70.453,23.052],[70.453,23.052],[70.454,23.052],[70.454,23.052],[70.454,23.052],[70.454,23.053],[70.454,23.053],[70.454,23.053],[70.455,23.053],[70.455,23.053],[70.455,23.053],[70.455,23.053],[70.455,23.053],[70.455,23.054],[70.455,23.054],[70.455,23.054],[70.455,23.054],[70.456,23.054],[70.456,23.054],[70.456,23.054],[70.457,23.054],[70.457,23.055],[70.457,23.055],[70.457,23.055],[70.457,23.055],[70.457,23.055],[70.457,23.055],[70.457,23.055],[70.455,23.055],[70.455,23.055],[70.455,23.055],[70.455,23.055],[70.455,23.055],[70.455,23.055],[70.454,23.055],[70.454,23.054],[70.454,23.054],[70.454,23.054],[70.453,23.054],[70.453,23.054],[70.453,23.054],[70.453,23.053],[70.452,23.053],[70.452,23.053],[70.452,23.053],[70.452,23.053],[70.452,23.053],[70.452,23.053],[70.45,23.053],[70.45,23.052],[70.45,23.052],[70.45,23.053],[70.45,23.053],[70.45,23.053],[70.45,23.053],[70.45,23.053],[70.451,23.053],[70.451,23.053],[70.451,23.053],[70.451,23.054],[70.451,23.054],[70.451,23.054],[70.452,23.054],[70.452,23.054],[70.452,23.054],[70.452,23.055],[70.452,23.055],[70.452,23.055],[70.453,23.055],[70.453,23.055],[70.453,23.055],[70.453,23.055],[70.454,23.055],[70.454,23.056],[70.454,23.056],[70.454,23.056],[70.455,23.056],[70.455,23.056],[70.455,23.056],[70.455,23.057],[70.455,23.057],[70.455,23.057],[70.457,23.057],[70.457,23.057],[70.458,23.057],[70.458,23.057],[70.458,23.057],[70.458,23.058],[70.459,23.058]]],[[[70.452,23.061],[70.452,23.06],[70.452,23.06],[70.452,23.06],[70.452,23.06],[70.452,23.059],[70.451,23.059],[70.451,23.059],[70.451,23.059],[70.451,23.059],[70.45,23.059],[70.45,23.058],[70.45,23.058],[70.45,23.058],[70.449,23.058],[70.449,23.058],[70.446,23.058],[70.446,23.058],[70.446,23.058],[70.446,23.058],[70.446,23.058],[70.446,23.059],[70.447,23.059],[70.447,23.059],[70.447,23.059],[70.447,23.059],[70.448,23.059],[70.448,23.06],[70.449,23.06],[70.449,23.06],[70.45,23.06],[70.45,23.06],[70.451,23.06],[70.451,23.06],[70.452,23.06],[70.452,23.061],[70.452,23.061]]],[[[70.47,23.061],[70.47,23.061],[70.47,23.061],[70.47,23.061],[70.47,23.061],[70.47,23.06],[70.469,23.06],[70.469,23.06],[70.469,23.06],[70.469,23.06],[70.468,23.06],[70.468,23.059],[70.468,23.059],[70.468,23.059],[70.467,23.059],[70.467,23.058],[70.466,23.058],[70.466,23.058],[70.466,23.058],[70.466,23.058],[70.465,23.058],[70.465,23.058],[70.465,23.058],[70.465,23.057],[70.464,23.057],[70.464,23.057],[70.464,23.057],[70.464,23.057],[70.463,23.057],[70.463,23.057],[70.463,23.057],[70.463,23.057],[70.463,23.057],[70.462,23.057],[70.462,23.056],[70.462,23.056],[70.462,23.056],[70.462,23.056],[70.462,23.056],[70.461,23.056],[70.461,23.055],[70.461,23.055],[70.461,23.056],[70.46,23.056],[70.46,23.056],[70.46,23.056],[70.46,23.057],[70.461,23.057],[70.461,23.057],[70.461,23.057],[70.461,23.058],[70.461,23.058],[70.461,23.058],[70.462,23.058],[70.462,23.058],[70.463,23.058],[70.463,23.058],[70.463,23.058],[70.463,23.059],[70.464,23.059],[70.464,23.059],[70.465,23.059],[70.465,23.059],[70.465,23.059],[70.465,23.06],[70.465,23.06],[70.465,23.06],[70.466,23.06],[70.466,23.06],[70.467,23.06],[70.467,23.06],[70.467,23.06],[70.467,23.061],[70.468,23.061],[70.468,23.061],[70.468,23.061],[70.468,23.061],[70.47,23.061]]],[[[70.482,23.065],[70.482,23.065],[70.483,23.065],[70.483,23.064],[70.482,23.064],[70.482,23.063],[70.482,23.063],[70.482,23.062],[70.482,23.062],[70.482,23.062],[70.482,23.062],[70.482,23.061],[70.481,23.061],[70.481,23.061],[70.481,23.061],[70.481,23.06],[70.481,23.06],[70.481,23.06],[70.48,23.06],[70.48,23.06],[70.48,23.06],[70.48,23.059],[70.48,23.059],[70.48,23.059],[70.48,23.059],[70.48,23.059],[70.479,23.059],[70.479,23.058],[70.479,23.058],[70.479,23.058],[70.479,23.058],[70.479,23.058],[70.478,23.058],[70.478,23.057],[70.478,23.057],[70.478,23.057],[70.478,23.057],[70.478,23.057],[70.477,23.057],[70.477,23.057],[70.477,23.057],[70.477,23.056],[70.477,23.056],[70.477,23.056],[70.476,23.056],[70.476,23.056],[70.476,23.056],[70.476,23.055],[70.475,23.055],[70.475,23.055],[70.475,23.055],[70.475,23.055],[70.475,23.055],[70.475,23.055],[70.474,23.055],[70.474,23.054],[70.474,23.054],[70.474,23.054],[70.473,23.054],[70.473,23.054],[70.473,23.054],[70.473,23.053],[70.473,23.053],[70.473,23.053],[70.472,23.053],[70.472,23.053],[70.472,23.053],[70.472,23.053],[70.472,23.053],[70.472,23.052],[70.472,23.052],[70.472,23.052],[70.471,23.052],[70.471,23.052],[70.471,23.052],[70.471,23.052],[70.47,23.052],[70.47,23.051],[70.47,23.051],[70.47,23.051],[70.47,23.051],[70.47,23.051],[70.469,23.051],[70.469,23.05],[70.469,23.05],[70.469,23.05],[70.469,23.05],[70.469,23.05],[70.468,23.05],[70.468,23.05],[70.468,23.05],[70.468,23.049],[70.468,23.049],[70.468,23.049],[70.467,23.049],[70.467,23.049],[70.467,23.049],[70.467,23.048],[70.467,23.048],[70.467,23.048],[70.466,23.048],[70.466,23.048],[70.466,23.048],[70.466,23.048],[70.465,23.048],[70.465,23.047],[70.465,23.047],[70.465,23.047],[70.465,23.047],[70.465,23.047],[70.465,23.047],[70.465,23.047],[70.464,23.047],[70.464,23.046],[70.464,23.046],[70.464,23.046],[70.464,23.046],[70.464,23.046],[70.463,23.046],[70.463,23.045],[70.463,23.045],[70.463,23.045],[70.463,23.045],[70.463,23.045],[70.463,23.045],[70.463,23.045],[70.462,23.045],[70.462,23.044],[70.462,23.044],[70.462,23.044],[70.462,23.044],[70.462,23.044],[70.462,23.044],[70.462,23.043],[70.461,23.043],[70.461,23.043],[70.461,23.043],[70.461,23.043],[70.461,23.043],[70.461,23.043],[70.46,23.043],[70.46,23.043],[70.46,23.043],[70.46,23.043],[70.46,23.043],[70.46,23.044],[70.46,23.044],[70.46,23.041],[70.459,23.041],[70.459,23.041],[70.459,23.041],[70.459,23.04],[70.459,23.04],[70.459,23.04],[70.458,23.04],[70.458,23.039],[70.458,23.039],[70.458,23.039],[70.458,23.039],[70.458,23.039],[70.458,23.039],[70.458,23.038],[70.457,23.038],[70.457,23.038],[70.457,23.038],[70.457,23.037],[70.457,23.037],[70.457,23.037],[70.457,23.037],[70.457,23.036],[70.456,23.036],[70.456,23.036],[70.456,23.036],[70.456,23.035],[70.456,23.035],[70.456,23.035],[70.455,23.035],[70.455,23.034],[70.455,23.034],[70.455,23.034],[70.455,23.034],[70.455,23.034],[70.455,23.033],[70.455,23.033],[70.455,23.033],[70.454,23.033],[70.454,23.032],[70.454,23.032],[70.454,23.032],[70.454,23.032],[70.454,23.032],[70.453,23.032],[70.453,23.031],[70.453,23.031],[70.453,23.03],[70.453,23.03],[70.453,23.029],[70.453,23.029],[70.453,23.028],[70.452,23.028],[70.452,23.028],[70.452,23.028],[70.452,23.027],[70.452,23.027],[70.452,23.027],[70.452,23.027],[70.452,23.026],[70.451,23.026],[70.451,23.026],[70.451,23.026],[70.451,23.026],[70.45,23.026],[70.45,23.025],[70.449,23.025],[70.449,23.025],[70.446,23.025],[70.446,23.026],[70.447,23.026],[70.447,23.027],[70.447,23.027],[70.447,23.028],[70.447,23.028],[70.447,23.028],[70.447,23.028],[70.447,23.029],[70.448,23.029],[70.448,23.03],[70.448,23.03],[70.448,23.031],[70.448,23.031],[70.448,23.031],[70.448,23.031],[70.448,23.032],[70.449,23.032],[70.449,23.032],[70.449,23.032],[70.449,23.033],[70.449,23.033],[70.449,23.033],[70.45,23.033],[70.45,23.034],[70.45,23.034],[70.45,23.035],[70.45,23.035],[70.45,23.035],[70.45,23.035],[70.45,23.036],[70.451,23.036],[70.451,23.037],[70.451,23.037],[70.451,23.037],[70.451,23.037],[70.451,23.038],[70.452,23.038],[70.452,23.038],[70.452,23.038],[70.452,23.039],[70.452,23.039],[70.452,23.039],[70.452,23.04],[70.452,23.04],[70.452,23.041],[70.453,23.041],[70.453,23.042],[70.453,23.042],[70.453,23.042],[70.453,23.042],[70.453,23.043],[70.453,23.043],[70.453,23.043],[70.454,23.043],[70.454,23.044],[70.454,23.044],[70.454,23.044],[70.454,23.044],[70.454,23.045],[70.455,23.045],[70.455,23.045],[70.455,23.045],[70.455,23.045],[70.455,23.045],[70.455,23.046],[70.455,23.046],[70.455,23.046],[70.456,23.046],[70.456,23.047],[70.456,23.047],[70.456,23.047],[70.456,23.047],[70.456,23.047],[70.457,23.047],[70.457,23.048],[70.457,23.048],[70.457,23.048],[70.457,23.048],[70.457,23.048],[70.457,23.048],[70.457,23.049],[70.458,23.049],[70.458,23.049],[70.458,23.049],[70.458,23.049],[70.458,23.049],[70.458,23.05],[70.459,23.05],[70.459,23.049],[70.459,23.049],[70.459,23.048],[70.46,23.048],[70.46,23.047],[70.46,23.047],[70.46,23.048],[70.46,23.048],[70.46,23.05],[70.459,23.05],[70.459,23.05],[70.46,23.05],[70.46,23.05],[70.46,23.05],[70.46,23.051],[70.46,23.051],[70.46,23.052],[70.46,23.052],[70.46,23.052],[70.461,23.052],[70.461,23.052],[70.461,23.052],[70.461,23.053],[70.461,23.053],[70.461,23.053],[70.462,23.053],[70.462,23.053],[70.462,23.053],[70.462,23.054],[70.462,23.054],[70.462,23.054],[70.462,23.054],[70.462,23.054],[70.463,23.054],[70.463,23.055],[70.463,23.055],[70.463,23.055],[70.463,23.055],[70.463,23.055],[70.464,23.055],[70.464,23.055],[70.464,23.055],[70.464,23.056],[70.464,23.056],[70.464,23.056],[70.465,23.056],[70.465,23.056],[70.465,23.056],[70.465,23.057],[70.466,23.057],[70.466,23.057],[70.466,23.057],[70.466,23.057],[70.467,23.057],[70.467,23.057],[70.467,23.057],[70.467,23.058],[70.469,23.058],[70.469,23.058],[70.469,23.058],[70.469,23.058],[70.469,23.058],[70.47,23.058],[70.47,23.058],[70.47,23.058],[70.47,23.059],[70.47,23.059],[70.47,23.059],[70.471,23.059],[70.471,23.059],[70.471,23.059],[70.471,23.06],[70.471,23.06],[70.471,23.06],[70.472,23.06],[70.472,23.06],[70.472,23.06],[70.472,23.061],[70.472,23.061],[70.472,23.061],[70.473,23.061],[70.473,23.061],[70.473,23.061],[70.473,23.062],[70.474,23.062],[70.474,23.062],[70.475,23.062],[70.475,23.062],[70.475,23.062],[70.475,23.062],[70.475,23.062],[70.475,23.063],[70.476,23.063],[70.476,23.063],[70.476,23.063],[70.476,23.063],[70.477,23.063],[70.477,23.063],[70.477,23.063],[70.477,23.064],[70.478,23.064],[70.478,23.064],[70.478,23.064],[70.478,23.064],[70.479,23.064],[70.479,23.065],[70.48,23.065],[70.48,23.065],[70.481,23.065],[70.481,23.065],[70.482,23.065],[70.482,23.065],[70.482,23.065]]],[[[68.609,23.231],[68.609,23.231],[68.61,23.231],[68.61,23.231],[68.61,23.231],[68.61,23.23],[68.61,23.23],[68.61,23.23],[68.61,23.23],[68.61,23.23],[68.611,23.23],[68.611,23.229],[68.611,23.229],[68.611,23.229],[68.611,23.229],[68.611,23.228],[68.612,23.228],[68.612,23.228],[68.612,23.228],[68.612,23.227],[68.612,23.227],[68.612,23.226],[68.612,23.226],[68.612,23.225],[68.613,23.225],[68.613,23.224],[68.613,23.224],[68.613,23.223],[68.613,23.223],[68.613,23.223],[68.613,23.223],[68.613,23.222],[68.614,23.222],[68.614,23.222],[68.613,23.222],[68.613,23.222],[68.613,23.222],[68.613,23.221],[68.612,23.221],[68.612,23.222],[68.612,23.222],[68.612,23.222],[68.612,23.222],[68.612,23.222],[68.61,23.222],[68.61,23.222],[68.61,23.222],[68.61,23.222],[68.608,23.222],[68.608,23.223],[68.608,23.224],[68.608,23.224],[68.608,23.223],[68.608,23.223],[68.608,23.223],[68.608,23.223],[68.608,23.223],[68.608,23.223],[68.608,23.222],[68.606,23.222],[68.606,23.222],[68.606,23.223],[68.606,23.223],[68.606,23.223],[68.605,23.223],[68.605,23.223],[68.605,23.223],[68.605,23.223],[68.605,23.223],[68.605,23.224],[68.605,23.224],[68.605,23.225],[68.604,23.225],[68.604,23.225],[68.604,23.225],[68.604,23.225],[68.604,23.225],[68.604,23.226],[68.603,23.226],[68.603,23.227],[68.603,23.227],[68.603,23.228],[68.603,23.228],[68.603,23.229],[68.604,23.229],[68.604,23.23],[68.604,23.23],[68.604,23.231],[68.606,23.231],[68.606,23.231],[68.607,23.231],[68.607,23.231],[68.609,23.231]]],[[[68.594,23.262],[68.594,23.262],[68.595,23.262],[68.595,23.262],[68.595,23.262],[68.595,23.261],[68.598,23.261],[68.598,23.26],[68.597,23.26],[68.597,23.26],[68.597,23.26],[68.597,23.26],[68.597,23.26],[68.597,23.259],[68.596,23.259],[68.596,23.26],[68.595,23.26],[68.595,23.26],[68.594,23.26],[68.594,23.26],[68.594,23.26],[68.594,23.261],[68.594,23.261],[68.594,23.262],[68.594,23.262]]],[[[68.658,23.271],[68.658,23.271],[68.659,23.271],[68.659,23.271],[68.659,23.271],[68.659,23.27],[68.659,23.27],[68.659,23.27],[68.659,23.27],[68.659,23.27],[68.659,23.27],[68.659,23.269],[68.66,23.269],[68.66,23.269],[68.66,23.269],[68.66,23.269],[68.66,23.269],[68.66,23.268],[68.66,23.268],[68.66,23.268],[68.659,23.268],[68.659,23.268],[68.658,23.268],[68.658,23.268],[68.657,23.268],[68.657,23.269],[68.657,23.269],[68.657,23.269],[68.657,23.269],[68.657,23.27],[68.657,23.27],[68.657,23.27],[68.657,23.27],[68.657,23.27],[68.658,23.27],[68.658,23.271],[68.658,23.271],[68.658,23.271],[68.658,23.271],[68.658,23.271],[68.658,23.271]]],[[[68.629,23.29],[68.629,23.29],[68.629,23.29],[68.629,23.289],[68.629,23.289],[68.629,23.287],[68.629,23.287],[68.629,23.285],[68.628,23.285],[68.628,23.286],[68.628,23.286],[68.628,23.287],[68.628,23.287],[68.628,23.289],[68.628,23.289],[68.628,23.29],[68.629,23.29]]],[[[68.705,23.312],[68.705,23.312],[68.706,23.312],[68.706,23.311],[68.707,23.311],[68.707,23.311],[68.707,23.311],[68.707,23.311],[68.708,23.311],[68.708,23.31],[68.708,23.31],[68.708,23.31],[68.708,23.31],[68.708,23.31],[68.709,23.31],[68.709,23.309],[68.708,23.309],[68.708,23.31],[68.707,23.31],[68.707,23.309],[68.707,23.309],[68.707,23.309],[68.707,23.309],[68.707,23.309],[68.708,23.309],[68.708,23.308],[68.708,23.308],[68.708,23.308],[68.709,23.308],[68.709,23.307],[68.708,23.307],[68.708,23.307],[68.708,23.307],[68.708,23.307],[68.707,23.307],[68.707,23.307],[68.706,23.307],[68.706,23.307],[68.706,23.307],[68.706,23.308],[68.705,23.308],[68.705,23.308],[68.705,23.308],[68.705,23.308],[68.704,23.308],[68.704,23.308],[68.703,23.308],[68.703,23.309],[68.703,23.309],[68.703,23.309],[68.701,23.309],[68.701,23.309],[68.7,23.309],[68.7,23.31],[68.7,23.31],[68.7,23.31],[68.702,23.31],[68.702,23.31],[68.703,23.31],[68.703,23.311],[68.703,23.311],[68.703,23.311],[68.704,23.311],[68.704,23.311],[68.703,23.311],[68.703,23.312],[68.703,23.312],[68.703,23.312],[68.705,23.312]]],[[[68.558,23.314],[68.596,23.3],[68.58,23.263],[68.54,23.269],[68.555,23.309],[68.558,23.314]]],[[[68.643,23.314],[68.643,23.314],[68.643,23.314],[68.643,23.313],[68.643,23.313],[68.643,23.313],[68.643,23.313],[68.644,23.313],[68.644,23.312],[68.644,23.312],[68.644,23.312],[68.644,23.312],[68.644,23.311],[68.644,23.311],[68.645,23.311],[68.645,23.31],[68.645,23.31],[68.645,23.31],[68.645,23.31],[68.645,23.31],[68.645,23.31],[68.645,23.309],[68.646,23.309],[68.646,23.308],[68.646,23.308],[68.646,23.308],[68.646,23.308],[68.646,23.307],[68.646,23.307],[68.646,23.308],[68.645,23.308],[68.645,23.308],[68.645,23.308],[68.645,23.308],[68.645,23.308],[68.645,23.308],[68.644,23.308],[68.644,23.309],[68.643,23.309],[68.643,23.309],[68.642,23.309],[68.642,23.309],[68.642,23.309],[68.641,23.309],[68.641,23.31],[68.64,23.31],[68.64,23.31],[68.64,23.31],[68.64,23.31],[68.64,23.31],[68.64,23.31],[68.639,23.31],[68.639,23.31],[68.638,23.31],[68.638,23.31],[68.638,23.31],[68.638,23.311],[68.637,23.311],[68.637,23.31],[68.638,23.31],[68.638,23.31],[68.638,23.31],[68.638,23.309],[68.638,23.309],[68.638,23.308],[68.637,23.308],[68.637,23.308],[68.637,23.308],[68.637,23.307],[68.637,23.307],[68.637,23.307],[68.637,23.307],[68.637,23.307],[68.636,23.307],[68.636,23.307],[68.636,23.307],[68.636,23.307],[68.635,23.307],[68.635,23.308],[68.633,23.308],[68.633,23.308],[68.633,23.308],[68.633,23.309],[68.633,23.309],[68.633,23.309],[68.633,23.31],[68.633,23.31],[68.633,23.31],[68.632,23.31],[68.632,23.31],[68.632,23.31],[68.632,23.311],[68.632,23.311],[68.632,23.311],[68.634,23.311],[68.634,23.311],[68.634,23.311],[68.634,23.312],[68.634,23.312],[68.634,23.312],[68.633,23.312],[68.633,23.313],[68.634,23.313],[68.634,23.313],[68.634,23.313],[68.634,23.313],[68.634,23.313],[68.634,23.314],[68.635,23.314],[68.635,23.313],[68.635,23.313],[68.635,23.313],[68.636,23.313],[68.636,23.313],[68.636,23.313],[68.636,23.313],[68.637,23.313],[68.637,23.312],[68.637,23.312],[68.637,23.312],[68.637,23.312],[68.638,23.312],[68.638,23.312],[68.638,23.312],[68.64,23.312],[68.64,23.312],[68.64,23.312],[68.64,23.312],[68.641,23.312],[68.641,23.313],[68.641,23.313],[68.642,23.313],[68.642,23.313],[68.642,23.313],[68.642,23.314],[68.643,23.314]]],[[[68.633,23.318],[68.633,23.317],[68.633,23.317],[68.633,23.316],[68.633,23.316],[68.633,23.316],[68.634,23.316],[68.634,23.316],[68.634,23.316],[68.634,23.314],[68.634,23.314],[68.634,23.314],[68.633,23.314],[68.633,23.313],[68.633,23.313],[68.633,23.313],[68.633,23.313],[68.633,23.313],[68.633,23.313],[68.633,23.313],[68.632,23.313],[68.632,23.312],[68.632,23.312],[68.632,23.312],[68.631,23.312],[68.631,23.312],[68.631,23.312],[68.631,23.313],[68.63,23.313],[68.63,23.313],[68.631,23.313],[68.631,23.314],[68.631,23.314],[68.631,23.314],[68.631,23.314],[68.631,23.316],[68.632,23.316],[68.632,23.318],[68.633,23.318]]],[[[68.64,23.318],[68.64,23.318],[68.64,23.318],[68.64,23.318],[68.64,23.318],[68.64,23.317],[68.641,23.317],[68.641,23.317],[68.641,23.317],[68.641,23.317],[68.641,23.317],[68.641,23.318],[68.642,23.318],[68.642,23.317],[68.642,23.317],[68.642,23.317],[68.643,23.317],[68.643,23.318],[68.643,23.318],[68.643,23.318],[68.643,23.318],[68.643,23.318],[68.644,23.318],[68.644,23.317],[68.643,23.317],[68.643,23.317],[68.643,23.317],[68.643,23.317],[68.643,23.317],[68.643,23.316],[68.643,23.316],[68.643,23.315],[68.642,23.315],[68.642,23.316],[68.64,23.316],[68.64,23.316],[68.64,23.316],[68.64,23.317],[68.639,23.317],[68.639,23.318],[68.64,23.318]]],[[[68.588,23.319],[68.588,23.319],[68.59,23.319],[68.59,23.318],[68.591,23.318],[68.591,23.318],[68.591,23.318],[68.591,23.318],[68.591,23.318],[68.591,23.318],[68.591,23.317],[68.592,23.317],[68.592,23.317],[68.592,23.317],[68.592,23.316],[68.593,23.316],[68.593,23.315],[68.593,23.315],[68.593,23.315],[68.594,23.315],[68.594,23.315],[68.595,23.315],[68.595,23.315],[68.597,23.315],[68.597,23.315],[68.597,23.315],[68.597,23.316],[68.597,23.316],[68.597,23.316],[68.598,23.316],[68.598,23.316],[68.6,23.316],[68.6,23.315],[68.601,23.315],[68.601,23.315],[68.602,23.315],[68.602,23.315],[68.602,23.315],[68.602,23.315],[68.603,23.315],[68.603,23.314],[68.603,23.314],[68.603,23.314],[68.604,23.314],[68.604,23.313],[68.604,23.313],[68.604,23.313],[68.605,23.313],[68.605,23.312],[68.605,23.312],[68.605,23.312],[68.605,23.312],[68.605,23.312],[68.606,23.312],[68.606,23.312],[68.606,23.312],[68.606,23.311],[68.606,23.311],[68.606,23.311],[68.607,23.311],[68.607,23.311],[68.607,23.311],[68.607,23.31],[68.607,23.31],[68.607,23.31],[68.608,23.31],[68.608,23.31],[68.609,23.31],[68.609,23.31],[68.608,23.31],[68.608,23.311],[68.608,23.311],[68.608,23.312],[68.608,23.312],[68.608,23.312],[68.607,23.312],[68.607,23.312],[68.607,23.312],[68.607,23.312],[68.606,23.312],[68.606,23.313],[68.605,23.313],[68.605,23.314],[68.605,23.314],[68.605,23.315],[68.605,23.315],[68.605,23.315],[68.606,23.315],[68.606,23.316],[68.606,23.316],[68.606,23.317],[68.608,23.317],[68.608,23.317],[68.609,23.317],[68.609,23.317],[68.61,23.317],[68.61,23.316],[68.609,23.316],[68.609,23.316],[68.609,23.316],[68.609,23.316],[68.609,23.316],[68.609,23.315],[68.608,23.315],[68.608,23.315],[68.608,23.315],[68.608,23.315],[68.608,23.315],[68.608,23.314],[68.609,23.314],[68.609,23.313],[68.609,23.313],[68.609,23.313],[68.609,23.313],[68.609,23.313],[68.61,23.313],[68.61,23.312],[68.61,23.312],[68.61,23.312],[68.61,23.312],[68.61,23.311],[68.61,23.311],[68.61,23.31],[68.611,23.31],[68.611,23.31],[68.611,23.31],[68.611,23.31],[68.612,23.31],[68.612,23.309],[68.612,23.309],[68.612,23.309],[68.612,23.309],[68.612,23.309],[68.612,23.309],[68.612,23.308],[68.613,23.308],[68.613,23.308],[68.613,23.308],[68.613,23.308],[68.613,23.308],[68.613,23.307],[68.613,23.307],[68.613,23.307],[68.614,23.307],[68.614,23.306],[68.614,23.306],[68.614,23.306],[68.614,23.306],[68.614,23.306],[68.614,23.305],[68.615,23.305],[68.615,23.305],[68.615,23.305],[68.615,23.304],[68.615,23.304],[68.615,23.304],[68.615,23.304],[68.615,23.303],[68.616,23.303],[68.616,23.303],[68.616,23.303],[68.616,23.302],[68.617,23.302],[68.617,23.303],[68.617,23.303],[68.617,23.303],[68.617,23.303],[68.617,23.302],[68.618,23.302],[68.618,23.302],[68.618,23.302],[68.618,23.301],[68.618,23.301],[68.618,23.301],[68.618,23.301],[68.618,23.3],[68.619,23.3],[68.619,23.299],[68.618,23.299],[68.618,23.299],[68.618,23.299],[68.618,23.299],[68.618,23.299],[68.618,23.298],[68.617,23.298],[68.617,23.298],[68.617,23.298],[68.617,23.298],[68.617,23.298],[68.617,23.298],[68.616,23.298],[68.616,23.297],[68.616,23.297],[68.616,23.298],[68.615,23.298],[68.615,23.298],[68.615,23.298],[68.615,23.298],[68.614,23.298],[68.614,23.298],[68.613,23.298],[68.613,23.299],[68.613,23.299],[68.613,23.299],[68.612,23.299],[68.612,23.299],[68.612,23.299],[68.612,23.3],[68.61,23.3],[68.61,23.299],[68.609,23.299],[68.609,23.3],[68.608,23.3],[68.608,23.3],[68.607,23.3],[68.607,23.3],[68.606,23.3],[68.606,23.3],[68.605,23.3],[68.605,23.301],[68.605,23.301],[68.605,23.301],[68.605,23.301],[68.603,23.301],[68.603,23.301],[68.6,23.301],[68.6,23.302],[68.6,23.302],[68.6,23.302],[68.599,23.302],[68.599,23.302],[68.598,23.302],[68.598,23.302],[68.598,23.302],[68.598,23.303],[68.598,23.303],[68.598,23.303],[68.598,23.303],[68.598,23.303],[68.597,23.303],[68.597,23.304],[68.597,23.304],[68.597,23.304],[68.597,23.304],[68.597,23.304],[68.597,23.304],[68.597,23.305],[68.598,23.305],[68.598,23.305],[68.598,23.305],[68.598,23.305],[68.598,23.305],[68.598,23.305],[68.597,23.305],[68.597,23.305],[68.597,23.305],[68.597,23.305],[68.595,23.305],[68.595,23.305],[68.595,23.305],[68.595,23.305],[68.594,23.305],[68.594,23.305],[68.594,23.305],[68.594,23.305],[68.594,23.305],[68.594,23.307],[68.594,23.307],[68.594,23.307],[68.594,23.307],[68.594,23.308],[68.594,23.308],[68.594,23.309],[68.594,23.309],[68.594,23.31],[68.593,23.31],[68.593,23.309],[68.593,23.309],[68.593,23.31],[68.592,23.31],[68.592,23.31],[68.591,23.31],[68.591,23.31],[68.59,23.31],[68.59,23.31],[68.59,23.31],[68.59,23.311],[68.59,23.311],[68.59,23.311],[68.589,23.311],[68.589,23.311],[68.588,23.311],[68.588,23.312],[68.588,23.312],[68.588,23.312],[68.588,23.312],[68.588,23.312],[68.587,23.312],[68.587,23.312],[68.587,23.312],[68.587,23.313],[68.587,23.313],[68.587,23.313],[68.586,23.313],[68.586,23.313],[68.586,23.313],[68.586,23.313],[68.586,23.313],[68.586,23.314],[68.585,23.314],[68.585,23.314],[68.585,23.314],[68.585,23.314],[68.584,23.314],[68.584,23.315],[68.583,23.315],[68.583,23.315],[68.583,23.315],[68.583,23.315],[68.583,23.315],[68.583,23.316],[68.583,23.316],[68.583,23.316],[68.583,23.316],[68.583,23.317],[68.583,23.317],[68.583,23.317],[68.583,23.317],[68.583,23.317],[68.584,23.317],[68.584,23.318],[68.584,23.318],[68.584,23.318],[68.585,23.318],[68.585,23.318],[68.586,23.318],[68.586,23.318],[68.587,23.318],[68.587,23.319],[68.587,23.319],[68.587,23.319],[68.587,23.319],[68.588,23.319]]],[[[68.632,23.321],[68.632,23.32],[68.632,23.32],[68.632,23.319],[68.632,23.319],[68.632,23.319],[68.632,23.319],[68.632,23.32],[68.631,23.32],[68.631,23.321],[68.632,23.321],[68.632,23.321],[68.632,23.321]]],[[[68.627,23.322],[68.627,23.322],[68.628,23.322],[68.628,23.321],[68.628,23.321],[68.628,23.321],[68.629,23.321],[68.629,23.321],[68.629,23.321],[68.629,23.32],[68.629,23.32],[68.629,23.318],[68.63,23.318],[68.63,23.316],[68.63,23.316],[68.63,23.314],[68.629,23.314],[68.629,23.313],[68.629,23.313],[68.629,23.313],[68.628,23.313],[68.628,23.313],[68.629,23.313],[68.629,23.312],[68.628,23.312],[68.628,23.312],[68.628,23.312],[68.628,23.312],[68.628,23.312],[68.628,23.312],[68.627,23.312],[68.627,23.312],[68.627,23.313],[68.627,23.313],[68.627,23.312],[68.627,23.312],[68.627,23.312],[68.626,23.312],[68.626,23.313],[68.626,23.313],[68.626,23.313],[68.626,23.313],[68.626,23.314],[68.627,23.314],[68.627,23.314],[68.627,23.314],[68.627,23.314],[68.627,23.314],[68.627,23.315],[68.627,23.315],[68.627,23.315],[68.628,23.315],[68.628,23.316],[68.627,23.316],[68.627,23.316],[68.627,23.316],[68.627,23.318],[68.627,23.318],[68.627,23.319],[68.627,23.319],[68.627,23.319],[68.627,23.319],[68.627,23.32],[68.627,23.32],[68.627,23.32],[68.626,23.32],[68.626,23.321],[68.627,23.321],[68.627,23.322],[68.627,23.322],[68.627,23.322],[68.627,23.322]]],[[[68.627,23.326],[68.627,23.326],[68.628,23.326],[68.628,23.325],[68.628,23.325],[68.628,23.325],[68.628,23.325],[68.628,23.325],[68.628,23.325],[68.628,23.324],[68.629,23.324],[68.629,23.324],[68.629,23.324],[68.629,23.323],[68.629,23.323],[68.629,23.322],[68.629,23.322],[68.629,23.322],[68.629,23.322],[68.629,23.322],[68.628,23.322],[68.628,23.322],[68.628,23.322],[68.628,23.323],[68.628,23.323],[68.628,23.323],[68.628,23.323],[68.628,23.323],[68.627,23.323],[68.627,23.324],[68.627,23.324],[68.627,23.324],[68.626,23.324],[68.626,23.324],[68.626,23.324],[68.626,23.324],[68.625,23.324],[68.625,23.324],[68.625,23.324],[68.625,23.325],[68.625,23.325],[68.625,23.326],[68.625,23.326],[68.625,23.326],[68.626,23.326],[68.626,23.326],[68.627,23.326]]],[[[68.542,23.342],[68.542,23.341],[68.542,23.341],[68.542,23.339],[68.543,23.339],[68.543,23.339],[68.544,23.339],[68.544,23.339],[68.545,23.339],[68.545,23.338],[68.544,23.338],[68.544,23.338],[68.542,23.338],[68.542,23.337],[68.542,23.337],[68.542,23.337],[68.542,23.337],[68.542,23.337],[68.541,23.337],[68.541,23.338],[68.542,23.338],[68.542,23.338],[68.541,23.338],[68.541,23.339],[68.542,23.339],[68.542,23.339],[68.541,23.339],[68.541,23.339],[68.541,23.339],[68.541,23.339],[68.541,23.339],[68.541,23.339],[68.54,23.339],[68.54,23.339],[68.541,23.339],[68.541,23.34],[68.541,23.34],[68.541,23.34],[68.541,23.34],[68.541,23.34],[68.542,23.34],[68.542,23.341],[68.542,23.341],[68.542,23.342],[68.542,23.342]]],[[[68.55,23.342],[68.55,23.341],[68.55,23.341],[68.55,23.341],[68.551,23.341],[68.551,23.34],[68.551,23.34],[68.551,23.34],[68.551,23.34],[68.551,23.339],[68.549,23.339],[68.549,23.339],[68.548,23.339],[68.548,23.339],[68.546,23.339],[68.546,23.338],[68.545,23.338],[68.545,23.339],[68.545,23.339],[68.545,23.34],[68.545,23.34],[68.545,23.34],[68.546,23.34],[68.546,23.34],[68.546,23.34],[68.546,23.34],[68.546,23.34],[68.546,23.34],[68.548,23.34],[68.548,23.34],[68.548,23.34],[68.548,23.34],[68.55,23.34],[68.55,23.341],[68.55,23.341],[68.55,23.341],[68.55,23.341],[68.55,23.342],[68.55,23.342]]],[[[68.557,23.342],[68.557,23.342],[68.557,23.342],[68.556,23.342],[68.556,23.341],[68.555,23.341],[68.555,23.339],[68.555,23.339],[68.555,23.339],[68.554,23.339],[68.554,23.34],[68.554,23.34],[68.554,23.34],[68.553,23.34],[68.553,23.341],[68.553,23.341],[68.553,23.341],[68.553,23.341],[68.553,23.341],[68.553,23.341],[68.553,23.342],[68.554,23.342],[68.554,23.342],[68.556,23.342],[68.557,23.342]]],[[[68.506,23.342],[68.506,23.342],[68.506,23.342],[68.506,23.342],[68.507,23.342],[68.507,23.341],[68.509,23.341],[68.509,23.341],[68.51,23.341],[68.51,23.341],[68.51,23.34],[68.511,23.34],[68.511,23.34],[68.512,23.34],[68.512,23.34],[68.512,23.34],[68.512,23.34],[68.513,23.34],[68.513,23.339],[68.514,23.339],[68.514,23.34],[68.515,23.34],[68.515,23.34],[68.515,23.34],[68.515,23.34],[68.515,23.34],[68.515,23.34],[68.516,23.34],[68.516,23.341],[68.516,23.341],[68.516,23.341],[68.517,23.341],[68.518,23.341],[68.518,23.342],[68.519,23.342],[68.519,23.341],[68.52,23.341],[68.52,23.341],[68.52,23.341],[68.52,23.341],[68.521,23.341],[68.521,23.339],[68.52,23.339],[68.52,23.339],[68.522,23.339],[68.522,23.337],[68.522,23.337],[68.522,23.337],[68.522,23.337],[68.522,23.337],[68.523,23.337],[68.523,23.337],[68.523,23.337],[68.523,23.338],[68.526,23.338],[68.526,23.337],[68.526,23.337],[68.526,23.337],[68.528,23.337],[68.528,23.337],[68.528,23.337],[68.528,23.335],[68.528,23.335],[68.528,23.335],[68.528,23.335],[68.528,23.333],[68.529,23.333],[68.529,23.333],[68.528,23.333],[68.528,23.332],[68.528,23.332],[68.528,23.331],[68.527,23.331],[68.527,23.331],[68.527,23.331],[68.527,23.33],[68.526,23.33],[68.526,23.33],[68.526,23.33],[68.526,23.33],[68.526,23.33],[68.526,23.329],[68.527,23.329],[68.527,23.329],[68.527,23.329],[68.527,23.328],[68.527,23.328],[68.527,23.328],[68.527,23.328],[68.527,23.328],[68.528,23.328],[68.528,23.327],[68.528,23.327],[68.528,23.327],[68.528,23.327],[68.528,23.327],[68.528,23.327],[68.528,23.327],[68.529,23.327],[68.529,23.326],[68.529,23.326],[68.529,23.326],[68.53,23.326],[68.53,23.326],[68.53,23.326],[68.53,23.325],[68.531,23.325],[68.531,23.325],[68.532,23.325],[68.532,23.325],[68.534,23.325],[68.534,23.325],[68.534,23.325],[68.534,23.324],[68.534,23.324],[68.534,23.324],[68.535,23.324],[68.535,23.324],[68.535,23.324],[68.535,23.323],[68.535,23.323],[68.535,23.323],[68.536,23.323],[68.536,23.323],[68.536,23.323],[68.536,23.323],[68.536,23.323],[68.536,23.322],[68.537,23.322],[68.537,23.322],[68.537,23.322],[68.537,23.322],[68.537,23.322],[68.537,23.321],[68.536,23.321],[68.536,23.321],[68.536,23.321],[68.536,23.322],[68.536,23.322],[68.536,23.322],[68.535,23.322],[68.535,23.322],[68.535,23.322],[68.535,23.322],[68.535,23.322],[68.535,23.321],[68.534,23.321],[68.534,23.321],[68.534,23.321],[68.534,23.32],[68.534,23.32],[68.534,23.32],[68.536,23.32],[68.536,23.32],[68.537,23.32],[68.537,23.319],[68.537,23.319],[68.537,23.319],[68.537,23.319],[68.537,23.319],[68.538,23.319],[68.538,23.318],[68.537,23.318],[68.537,23.318],[68.537,23.318],[68.537,23.318],[68.537,23.318],[68.537,23.318],[68.536,23.318],[68.536,23.317],[68.536,23.317],[68.536,23.317],[68.536,23.317],[68.536,23.317],[68.53,23.317],[68.53,23.317],[68.528,23.317],[68.528,23.317],[68.519,23.317],[68.519,23.317],[68.518,23.317],[68.518,23.318],[68.516,23.318],[68.516,23.318],[68.515,23.318],[68.515,23.318],[68.513,23.318],[68.513,23.318],[68.512,23.318],[68.512,23.319],[68.511,23.319],[68.511,23.319],[68.51,23.319],[68.51,23.319],[68.51,23.319],[68.51,23.32],[68.509,23.32],[68.509,23.32],[68.508,23.32],[68.508,23.32],[68.508,23.32],[68.508,23.32],[68.508,23.32],[68.508,23.321],[68.507,23.321],[68.507,23.321],[68.507,23.321],[68.507,23.321],[68.507,23.321],[68.507,23.322],[68.506,23.322],[68.506,23.322],[68.506,23.322],[68.506,23.322],[68.505,23.322],[68.505,23.322],[68.505,23.322],[68.505,23.323],[68.505,23.323],[68.505,23.323],[68.504,23.323],[68.504,23.323],[68.503,23.323],[68.503,23.323],[68.503,23.323],[68.503,23.324],[68.502,23.324],[68.502,23.324],[68.503,23.324],[68.503,23.324],[68.503,23.324],[68.503,23.325],[68.503,23.325],[68.503,23.325],[68.504,23.325],[68.504,23.325],[68.504,23.325],[68.504,23.326],[68.504,23.326],[68.504,23.328],[68.505,23.328],[68.505,23.327],[68.505,23.327],[68.505,23.329],[68.505,23.329],[68.505,23.33],[68.505,23.33],[68.505,23.33],[68.505,23.33],[68.505,23.331],[68.505,23.331],[68.505,23.331],[68.506,23.331],[68.506,23.331],[68.507,23.331],[68.507,23.332],[68.507,23.332],[68.507,23.332],[68.507,23.332],[68.507,23.332],[68.507,23.332],[68.507,23.333],[68.506,23.333],[68.506,23.333],[68.506,23.333],[68.506,23.334],[68.507,23.334],[68.507,23.335],[68.506,23.335],[68.506,23.335],[68.506,23.335],[68.506,23.334],[68.505,23.334],[68.505,23.333],[68.505,23.333],[68.505,23.333],[68.505,23.333],[68.505,23.333],[68.505,23.333],[68.505,23.332],[68.504,23.332],[68.504,23.332],[68.503,23.332],[68.503,23.333],[68.503,23.333],[68.503,23.334],[68.503,23.334],[68.503,23.335],[68.503,23.335],[68.503,23.336],[68.503,23.336],[68.503,23.337],[68.503,23.337],[68.503,23.339],[68.503,23.339],[68.503,23.34],[68.503,23.34],[68.503,23.341],[68.503,23.341],[68.503,23.341],[68.503,23.341],[68.503,23.342],[68.504,23.342],[68.504,23.342],[68.504,23.342],[68.504,23.342],[68.506,23.342]]],[[[68.525,23.344],[68.525,23.344],[68.529,23.344],[68.529,23.343],[68.53,23.343],[68.53,23.343],[68.53,23.343],[68.53,23.343],[68.531,23.343],[68.531,23.343],[68.531,23.343],[68.531,23.342],[68.532,23.342],[68.532,23.342],[68.532,23.342],[68.532,23.342],[68.532,23.342],[68.532,23.342],[68.533,23.342],[68.533,23.341],[68.532,23.341],[68.532,23.341],[68.532,23.341],[68.532,23.339],[68.531,23.339],[68.531,23.34],[68.53,23.34],[68.53,23.341],[68.529,23.341],[68.529,23.34],[68.529,23.34],[68.529,23.341],[68.528,23.341],[68.528,23.341],[68.528,23.341],[68.528,23.341],[68.527,23.341],[68.527,23.342],[68.526,23.342],[68.526,23.342],[68.525,23.342],[68.525,23.342],[68.524,23.342],[68.524,23.342],[68.523,23.342],[68.523,23.343],[68.521,23.343],[68.521,23.343],[68.523,23.343],[68.523,23.344],[68.524,23.344],[68.524,23.344],[68.525,23.344]]],[[[68.564,23.345],[68.564,23.345],[68.564,23.345],[68.564,23.344],[68.565,23.344],[68.565,23.344],[68.565,23.344],[68.565,23.343],[68.565,23.343],[68.565,23.343],[68.565,23.343],[68.565,23.342],[68.563,23.342],[68.563,23.342],[68.563,23.342],[68.563,23.342],[68.561,23.342],[68.561,23.342],[68.561,23.342],[68.561,23.343],[68.561,23.343],[68.561,23.343],[68.562,23.343],[68.562,23.343],[68.562,23.343],[68.562,23.344],[68.562,23.344],[68.562,23.344],[68.562,23.344],[68.562,23.344],[68.563,23.344],[68.563,23.345],[68.563,23.345],[68.563,23.345],[68.564,23.345]]],[[[68.632,23.352],[68.632,23.352],[68.632,23.352],[68.632,23.351],[68.632,23.351],[68.632,23.35],[68.632,23.35],[68.632,23.348],[68.633,23.348],[68.633,23.348],[68.633,23.348],[68.633,23.348],[68.633,23.348],[68.633,23.347],[68.633,23.347],[68.633,23.347],[68.634,23.347],[68.634,23.346],[68.635,23.346],[68.635,23.345],[68.636,23.345],[68.636,23.344],[68.635,23.344],[68.635,23.343],[68.635,23.343],[68.635,23.343],[68.635,23.343],[68.635,23.343],[68.634,23.343],[68.634,23.342],[68.634,23.342],[68.634,23.343],[68.633,23.343],[68.633,23.343],[68.633,23.343],[68.633,23.343],[68.633,23.343],[68.633,23.344],[68.632,23.344],[68.632,23.344],[68.631,23.344],[68.631,23.345],[68.631,23.345],[68.631,23.345],[68.631,23.345],[68.631,23.346],[68.632,23.346],[68.632,23.346],[68.633,23.346],[68.633,23.347],[68.632,23.347],[68.632,23.347],[68.632,23.347],[68.632,23.347],[68.632,23.347],[68.632,23.348],[68.632,23.348],[68.632,23.348],[68.631,23.348],[68.631,23.349],[68.631,23.349],[68.631,23.349],[68.632,23.349],[68.632,23.349],[68.631,23.349],[68.631,23.35],[68.631,23.35],[68.631,23.35],[68.63,23.35],[68.63,23.35],[68.63,23.35],[68.63,23.349],[68.63,23.349],[68.63,23.349],[68.63,23.349],[68.63,23.349],[68.629,23.349],[68.629,23.348],[68.629,23.348],[68.629,23.349],[68.628,23.349],[68.628,23.351],[68.63,23.351],[68.63,23.351],[68.63,23.351],[68.63,23.352],[68.631,23.352],[68.631,23.352],[68.632,23.352]]],[[[68.473,23.357],[68.473,23.357],[68.473,23.357],[68.473,23.356],[68.474,23.356],[68.474,23.356],[68.474,23.356],[68.474,23.356],[68.475,23.356],[68.475,23.355],[68.475,23.355],[68.475,23.355],[68.476,23.355],[68.476,23.355],[68.477,23.355],[68.477,23.354],[68.476,23.354],[68.476,23.353],[68.475,23.353],[68.475,23.354],[68.474,23.354],[68.474,23.354],[68.473,23.354],[68.473,23.355],[68.474,23.355],[68.474,23.355],[68.472,23.355],[68.472,23.355],[68.472,23.355],[68.472,23.356],[68.472,23.356],[68.472,23.356],[68.471,23.356],[68.471,23.356],[68.471,23.356],[68.471,23.357],[68.473,23.357]]],[[[68.573,23.36],[68.573,23.36],[68.574,23.36],[68.574,23.36],[68.574,23.36],[68.574,23.36],[68.574,23.36],[68.574,23.359],[68.575,23.359],[68.575,23.358],[68.574,23.358],[68.574,23.358],[68.574,23.358],[68.574,23.357],[68.574,23.357],[68.574,23.357],[68.574,23.357],[68.574,23.357],[68.575,23.357],[68.575,23.356],[68.574,23.356],[68.574,23.356],[68.575,23.356],[68.575,23.355],[68.575,23.355],[68.575,23.355],[68.575,23.355],[68.575,23.354],[68.575,23.354],[68.575,23.354],[68.576,23.354],[68.576,23.352],[68.575,23.352],[68.575,23.353],[68.573,23.353],[68.573,23.353],[68.573,23.353],[68.573,23.354],[68.573,23.354],[68.573,23.355],[68.573,23.355],[68.573,23.355],[68.572,23.355],[68.572,23.355],[68.571,23.355],[68.571,23.357],[68.571,23.357],[68.571,23.357],[68.57,23.357],[68.57,23.358],[68.57,23.358],[68.57,23.358],[68.57,23.358],[68.57,23.359],[68.57,23.359],[68.57,23.359],[68.57,23.359],[68.57,23.36],[68.57,23.36],[68.57,23.36],[68.571,23.36],[68.571,23.36],[68.571,23.36],[68.571,23.359],[68.572,23.359],[68.572,23.359],[68.572,23.359],[68.572,23.359],[68.572,23.359],[68.572,23.36],[68.573,23.36],[68.573,23.36],[68.573,23.36]]],[[[68.598,23.361],[68.598,23.361],[68.599,23.361],[68.599,23.36],[68.599,23.36],[68.599,23.36],[68.6,23.36],[68.6,23.36],[68.599,23.36],[68.599,23.359],[68.598,23.359],[68.598,23.36],[68.598,23.36],[68.598,23.36],[68.597,23.36],[68.597,23.36],[68.597,23.36],[68.597,23.359],[68.596,23.359],[68.596,23.36],[68.596,23.36],[68.596,23.36],[68.596,23.36],[68.596,23.361],[68.597,23.361],[68.597,23.361],[68.598,23.361]]],[[[68.589,23.374],[68.617,23.346],[68.578,23.352],[68.589,23.374]]],[[[68.541,23.378],[68.541,23.377],[68.541,23.377],[68.541,23.377],[68.541,23.377],[68.541,23.377],[68.54,23.377],[68.54,23.376],[68.54,23.376],[68.54,23.376],[68.54,23.376],[68.54,23.375],[68.54,23.375],[68.54,23.375],[68.539,23.375],[68.539,23.375],[68.538,23.375],[68.538,23.375],[68.538,23.375],[68.538,23.375],[68.538,23.375],[68.538,23.376],[68.538,23.376],[68.538,23.376],[68.539,23.376],[68.539,23.377],[68.539,23.377],[68.539,23.377],[68.54,23.377],[68.54,23.377],[68.54,23.377],[68.54,23.378],[68.541,23.378]]],[[[68.503,23.383],[68.503,23.383],[68.503,23.383],[68.503,23.383],[68.503,23.383],[68.503,23.382],[68.503,23.382],[68.503,23.382],[68.503,23.382],[68.503,23.381],[68.503,23.381],[68.503,23.381],[68.503,23.381],[68.503,23.38],[68.504,23.38],[68.504,23.38],[68.504,23.38],[68.504,23.38],[68.505,23.38],[68.505,23.379],[68.505,23.379],[68.505,23.379],[68.505,23.379],[68.505,23.378],[68.505,23.377],[68.504,23.377],[68.504,23.378],[68.504,23.378],[68.504,23.378],[68.503,23.378],[68.503,23.378],[68.503,23.378],[68.503,23.378],[68.503,23.378],[68.503,23.378],[68.503,23.379],[68.503,23.379],[68.503,23.379],[68.503,23.379],[68.503,23.38],[68.502,23.38],[68.502,23.38],[68.502,23.38],[68.502,23.381],[68.502,23.381],[68.502,23.382],[68.502,23.382],[68.502,23.382],[68.503,23.382],[68.503,23.383],[68.503,23.383]]],[[[68.505,23.385],[68.505,23.384],[68.505,23.384],[68.505,23.384],[68.505,23.384],[68.505,23.381],[68.505,23.381],[68.505,23.381],[68.504,23.381],[68.504,23.381],[68.505,23.381],[68.505,23.382],[68.504,23.382],[68.504,23.383],[68.505,23.383],[68.505,23.383],[68.504,23.383],[68.504,23.383],[68.504,23.383],[68.504,23.384],[68.504,23.384],[68.504,23.385],[68.505,23.385]]],[[[68.536,23.385],[68.536,23.385],[68.537,23.385],[68.537,23.384],[68.536,23.384],[68.536,23.383],[68.536,23.383],[68.536,23.383],[68.536,23.383],[68.536,23.383],[68.537,23.383],[68.537,23.382],[68.538,23.382],[68.539,23.382],[68.539,23.383],[68.539,23.383],[68.539,23.382],[68.54,23.382],[68.54,23.382],[68.541,23.382],[68.541,23.382],[68.542,23.382],[68.542,23.382],[68.542,23.382],[68.542,23.381],[68.542,23.381],[68.542,23.381],[68.543,23.381],[68.543,23.38],[68.543,23.38],[68.543,23.38],[68.542,23.38],[68.542,23.38],[68.542,23.38],[68.542,23.379],[68.541,23.379],[68.541,23.38],[68.541,23.38],[68.541,23.38],[68.54,23.38],[68.54,23.38],[68.54,23.38],[68.54,23.38],[68.538,23.38],[68.538,23.381],[68.538,23.381],[68.538,23.381],[68.537,23.381],[68.537,23.381],[68.537,23.381],[68.537,23.38],[68.538,23.38],[68.538,23.38],[68.537,23.38],[68.537,23.38],[68.537,23.38],[68.537,23.381],[68.536,23.381],[68.535,23.381],[68.535,23.381],[68.536,23.381],[68.536,23.382],[68.536,23.382],[68.536,23.382],[68.536,23.382],[68.536,23.382],[68.535,23.382],[68.535,23.382],[68.535,23.382],[68.535,23.383],[68.535,23.383],[68.535,23.383],[68.535,23.383],[68.535,23.384],[68.535,23.384],[68.535,23.385],[68.535,23.385],[68.535,23.385],[68.536,23.385]]],[[[68.579,23.385],[68.579,23.385],[68.58,23.385],[68.58,23.385],[68.581,23.385],[68.581,23.385],[68.581,23.385],[68.581,23.384],[68.582,23.384],[68.582,23.384],[68.582,23.384],[68.582,23.384],[68.582,23.384],[68.582,23.383],[68.582,23.383],[68.582,23.383],[68.583,23.383],[68.583,23.383],[68.583,23.383],[68.583,23.383],[68.583,23.383],[68.583,23.382],[68.584,23.382],[68.584,23.382],[68.584,23.382],[68.584,23.382],[68.584,23.382],[68.584,23.381],[68.585,23.381],[68.585,23.381],[68.585,23.381],[68.585,23.38],[68.586,23.38],[68.586,23.38],[68.586,23.38],[68.586,23.379],[68.587,23.379],[68.587,23.379],[68.587,23.379],[68.587,23.378],[68.587,23.378],[68.587,23.378],[68.587,23.378],[68.587,23.376],[68.587,23.376],[68.587,23.376],[68.587,23.376],[68.587,23.376],[68.586,23.376],[68.586,23.376],[68.586,23.376],[68.586,23.377],[68.585,23.377],[68.585,23.378],[68.585,23.378],[68.585,23.378],[68.585,23.378],[68.585,23.378],[68.584,23.378],[68.584,23.379],[68.584,23.379],[68.584,23.379],[68.583,23.379],[68.583,23.379],[68.583,23.379],[68.583,23.38],[68.583,23.38],[68.583,23.38],[68.584,23.38],[68.584,23.38],[68.583,23.38],[68.583,23.381],[68.583,23.381],[68.583,23.381],[68.583,23.381],[68.583,23.381],[68.582,23.381],[68.582,23.382],[68.582,23.382],[68.582,23.382],[68.581,23.382],[68.581,23.382],[68.581,23.382],[68.581,23.382],[68.58,23.382],[68.58,23.383],[68.58,23.383],[68.58,23.383],[68.58,23.383],[68.58,23.383],[68.579,23.383],[68.579,23.383],[68.578,23.383],[68.578,23.384],[68.578,23.384],[68.578,23.384],[68.578,23.384],[68.578,23.385],[68.578,23.385],[68.578,23.385],[68.579,23.385]]],[[[68.535,23.388],[68.535,23.387],[68.535,23.387],[68.535,23.387],[68.535,23.387],[68.535,23.386],[68.534,23.386],[68.534,23.385],[68.534,23.385],[68.534,23.385],[68.534,23.385],[68.534,23.385],[68.532,23.385],[68.532,23.385],[68.532,23.385],[68.532,23.383],[68.532,23.383],[68.532,23.382],[68.533,23.382],[68.533,23.382],[68.533,23.382],[68.533,23.381],[68.533,23.381],[68.533,23.381],[68.532,23.381],[68.532,23.381],[68.532,23.381],[68.532,23.38],[68.534,23.38],[68.534,23.38],[68.534,23.38],[68.534,23.379],[68.534,23.379],[68.534,23.378],[68.533,23.378],[68.533,23.378],[68.533,23.378],[68.533,23.377],[68.533,23.377],[68.533,23.377],[68.535,23.377],[68.535,23.377],[68.535,23.377],[68.536,23.377],[68.536,23.377],[68.536,23.377],[68.536,23.378],[68.537,23.378],[68.537,23.377],[68.537,23.377],[68.537,23.377],[68.537,23.377],[68.537,23.376],[68.535,23.376],[68.535,23.376],[68.535,23.376],[68.535,23.376],[68.534,23.376],[68.534,23.376],[68.534,23.376],[68.534,23.376],[68.534,23.375],[68.534,23.375],[68.534,23.374],[68.534,23.374],[68.534,23.374],[68.535,23.374],[68.535,23.374],[68.535,23.374],[68.535,23.375],[68.535,23.375],[68.535,23.375],[68.536,23.375],[68.536,23.375],[68.537,23.375],[68.537,23.374],[68.537,23.374],[68.537,23.374],[68.536,23.374],[68.536,23.374],[68.537,23.374],[68.537,23.373],[68.537,23.373],[68.537,23.373],[68.537,23.373],[68.537,23.372],[68.536,23.372],[68.536,23.372],[68.536,23.372],[68.536,23.372],[68.536,23.372],[68.536,23.372],[68.535,23.372],[68.535,23.371],[68.534,23.371],[68.534,23.372],[68.533,23.372],[68.533,23.372],[68.533,23.372],[68.533,23.372],[68.533,23.372],[68.533,23.373],[68.533,23.373],[68.533,23.373],[68.533,23.373],[68.533,23.373],[68.533,23.374],[68.532,23.374],[68.532,23.375],[68.532,23.375],[68.532,23.376],[68.532,23.376],[68.532,23.378],[68.532,23.378],[68.532,23.38],[68.531,23.38],[68.531,23.381],[68.531,23.381],[68.531,23.382],[68.531,23.382],[68.531,23.383],[68.53,23.383],[68.53,23.383],[68.531,23.383],[68.531,23.385],[68.531,23.385],[68.531,23.385],[68.532,23.385],[68.532,23.385],[68.532,23.385],[68.532,23.386],[68.533,23.386],[68.533,23.386],[68.533,23.386],[68.533,23.386],[68.533,23.386],[68.533,23.387],[68.534,23.387],[68.534,23.387],[68.534,23.387],[68.534,23.387],[68.534,23.387],[68.534,23.388],[68.535,23.388]]],[[[68.554,23.404],[68.554,23.404],[68.557,23.404],[68.557,23.403],[68.557,23.403],[68.557,23.403],[68.554,23.403],[68.554,23.402],[68.554,23.402],[68.554,23.402],[68.553,23.402],[68.553,23.402],[68.553,23.402],[68.553,23.403],[68.553,23.403],[68.553,23.404],[68.554,23.404]]],[[[68.537,23.405],[68.567,23.377],[68.529,23.391],[68.537,23.405]]],[[[68.461,23.405],[68.461,23.405],[68.461,23.405],[68.461,23.405],[68.462,23.405],[68.462,23.404],[68.462,23.404],[68.462,23.404],[68.463,23.404],[68.463,23.404],[68.464,23.404],[68.465,23.404],[68.465,23.403],[68.466,23.403],[68.466,23.404],[68.467,23.404],[68.467,23.404],[68.467,23.404],[68.467,23.404],[68.468,23.404],[68.468,23.404],[68.468,23.404],[68.468,23.404],[68.469,23.404],[68.469,23.403],[68.468,23.403],[68.468,23.403],[68.467,23.403],[68.467,23.403],[68.466,23.403],[68.466,23.403],[68.464,23.403],[68.464,23.402],[68.463,23.402],[68.462,23.402],[68.462,23.403],[68.462,23.403],[68.462,23.403],[68.461,23.403],[68.461,23.403],[68.461,23.403],[68.461,23.404],[68.46,23.404],[68.46,23.405],[68.461,23.405]]],[[[68.523,23.405],[68.523,23.404],[68.525,23.404],[68.525,23.403],[68.524,23.403],[68.524,23.403],[68.524,23.403],[68.524,23.402],[68.524,23.402],[68.524,23.401],[68.524,23.401],[68.524,23.401],[68.525,23.401],[68.525,23.4],[68.526,23.4],[68.526,23.399],[68.525,23.399],[68.525,23.4],[68.524,23.4],[68.524,23.399],[68.525,23.399],[68.525,23.399],[68.526,23.399],[68.526,23.399],[68.527,23.399],[68.527,23.398],[68.527,23.398],[68.527,23.398],[68.526,23.398],[68.526,23.397],[68.527,23.397],[68.527,23.397],[68.527,23.397],[68.527,23.397],[68.527,23.397],[68.527,23.396],[68.527,23.396],[68.527,23.397],[68.526,23.397],[68.526,23.397],[68.526,23.397],[68.526,23.397],[68.525,23.397],[68.525,23.396],[68.525,23.395],[68.525,23.395],[68.525,23.395],[68.526,23.395],[68.526,23.395],[68.526,23.395],[68.526,23.394],[68.526,23.394],[68.526,23.393],[68.526,23.393],[68.526,23.393],[68.526,23.393],[68.526,23.392],[68.527,23.392],[68.527,23.392],[68.527,23.392],[68.527,23.391],[68.527,23.391],[68.527,23.39],[68.527,23.39],[68.527,23.388],[68.527,23.388],[68.527,23.388],[68.528,23.388],[68.528,23.388],[68.528,23.388],[68.528,23.387],[68.527,23.387],[68.527,23.386],[68.527,23.386],[68.527,23.387],[68.526,23.387],[68.526,23.387],[68.526,23.387],[68.526,23.387],[68.525,23.387],[68.525,23.388],[68.525,23.388],[68.525,23.388],[68.525,23.388],[68.525,23.388],[68.524,23.388],[68.524,23.388],[68.524,23.388],[68.524,23.389],[68.524,23.389],[68.524,23.389],[68.523,23.389],[68.523,23.39],[68.523,23.39],[68.523,23.39],[68.523,23.39],[68.523,23.39],[68.523,23.39],[68.523,23.391],[68.522,23.391],[68.522,23.391],[68.522,23.391],[68.522,23.392],[68.522,23.392],[68.522,23.392],[68.522,23.392],[68.522,23.393],[68.521,23.393],[68.521,23.393],[68.521,23.393],[68.521,23.393],[68.521,23.393],[68.521,23.394],[68.52,23.394],[68.52,23.395],[68.52,23.395],[68.52,23.399],[68.52,23.399],[68.52,23.399],[68.52,23.4],[68.521,23.4],[68.521,23.401],[68.521,23.401],[68.521,23.401],[68.521,23.401],[68.521,23.402],[68.522,23.402],[68.522,23.402],[68.522,23.402],[68.522,23.402],[68.522,23.402],[68.522,23.402],[68.523,23.402],[68.523,23.403],[68.523,23.403],[68.523,23.404],[68.523,23.404],[68.523,23.405],[68.523,23.405],[68.523,23.405],[68.524,23.405],[68.524,23.405],[68.523,23.405]]],[[[68.471,23.406],[68.471,23.405],[68.472,23.405],[68.472,23.405],[68.472,23.405],[68.472,23.405],[68.471,23.405],[68.471,23.404],[68.472,23.404],[68.473,23.404],[68.473,23.404],[68.474,23.404],[68.474,23.404],[68.475,23.404],[68.475,23.404],[68.476,23.404],[68.476,23.403],[68.476,23.403],[68.476,23.403],[68.474,23.403],[68.474,23.403],[68.473,23.403],[68.473,23.403],[68.472,23.403],[68.472,23.404],[68.472,23.404],[68.472,23.404],[68.472,23.404],[68.471,23.404],[68.471,23.404],[68.47,23.404],[68.47,23.405],[68.47,23.405],[68.47,23.405],[68.47,23.405],[68.47,23.406],[68.471,23.406]]],[[[68.43,23.407],[68.43,23.407],[68.431,23.407],[68.431,23.407],[68.431,23.407],[68.431,23.406],[68.432,23.406],[68.432,23.406],[68.432,23.406],[68.432,23.406],[68.432,23.406],[68.432,23.405],[68.431,23.405],[68.431,23.405],[68.431,23.405],[68.431,23.405],[68.43,23.405],[68.43,23.406],[68.43,23.406],[68.43,23.406],[68.43,23.406],[68.43,23.406],[68.429,23.406],[68.429,23.407],[68.429,23.407],[68.429,23.407],[68.429,23.407],[68.429,23.407],[68.43,23.407]]],[[[68.463,23.409],[68.463,23.407],[68.463,23.407],[68.463,23.406],[68.464,23.406],[68.464,23.406],[68.464,23.406],[68.464,23.406],[68.464,23.406],[68.464,23.405],[68.465,23.405],[68.465,23.405],[68.463,23.405],[68.463,23.405],[68.462,23.405],[68.462,23.406],[68.462,23.406],[68.462,23.406],[68.462,23.406],[68.462,23.406],[68.462,23.406],[68.462,23.407],[68.462,23.407],[68.462,23.408],[68.462,23.408],[68.462,23.408],[68.462,23.408],[68.462,23.409],[68.463,23.409],[68.463,23.409],[68.463,23.409]]],[[[68.409,23.409],[68.409,23.409],[68.409,23.409],[68.409,23.408],[68.41,23.408],[68.41,23.408],[68.41,23.408],[68.41,23.406],[68.41,23.406],[68.41,23.406],[68.409,23.406],[68.409,23.406],[68.409,23.406],[68.409,23.408],[68.409,23.408],[68.409,23.409],[68.409,23.409]]],[[[68.558,23.409],[68.558,23.408],[68.557,23.408],[68.557,23.408],[68.557,23.408],[68.557,23.407],[68.557,23.407],[68.557,23.407],[68.557,23.407],[68.557,23.407],[68.556,23.407],[68.556,23.406],[68.556,23.406],[68.556,23.406],[68.556,23.406],[68.556,23.405],[68.555,23.405],[68.555,23.405],[68.554,23.405],[68.554,23.405],[68.554,23.405],[68.554,23.405],[68.553,23.405],[68.553,23.404],[68.551,23.404],[68.551,23.405],[68.552,23.405],[68.552,23.405],[68.552,23.405],[68.552,23.405],[68.553,23.405],[68.553,23.406],[68.553,23.406],[68.553,23.406],[68.553,23.406],[68.553,23.406],[68.554,23.406],[68.554,23.406],[68.555,23.406],[68.555,23.407],[68.555,23.407],[68.555,23.407],[68.555,23.407],[68.555,23.407],[68.556,23.407],[68.556,23.407],[68.556,23.407],[68.556,23.408],[68.557,23.408],[68.557,23.408],[68.557,23.408],[68.557,23.408],[68.557,23.408],[68.557,23.409],[68.557,23.409],[68.557,23.409],[68.558,23.409],[68.558,23.409],[68.558,23.409]]],[[[68.415,23.41],[68.415,23.41],[68.415,23.41],[68.415,23.409],[68.415,23.409],[68.415,23.409],[68.415,23.409],[68.415,23.409],[68.416,23.409],[68.416,23.408],[68.416,23.408],[68.416,23.408],[68.417,23.408],[68.417,23.408],[68.417,23.408],[68.417,23.408],[68.417,23.408],[68.417,23.407],[68.417,23.407],[68.417,23.407],[68.418,23.407],[68.418,23.406],[68.418,23.406],[68.418,23.405],[68.418,23.405],[68.418,23.406],[68.419,23.406],[68.419,23.406],[68.418,23.406],[68.418,23.407],[68.419,23.407],[68.419,23.407],[68.42,23.407],[68.42,23.407],[68.42,23.407],[68.42,23.407],[68.42,23.407],[68.42,23.406],[68.419,23.406],[68.419,23.406],[68.419,23.406],[68.419,23.405],[68.419,23.405],[68.419,23.404],[68.42,23.404],[68.42,23.404],[68.419,23.404],[68.419,23.403],[68.419,23.403],[68.419,23.403],[68.42,23.403],[68.42,23.403],[68.42,23.403],[68.42,23.402],[68.42,23.402],[68.42,23.402],[68.421,23.402],[68.421,23.402],[68.421,23.402],[68.421,23.401],[68.422,23.401],[68.422,23.402],[68.422,23.402],[68.422,23.402],[68.422,23.402],[68.422,23.402],[68.422,23.402],[68.422,23.403],[68.422,23.403],[68.422,23.403],[68.421,23.403],[68.421,23.404],[68.421,23.404],[68.421,23.405],[68.421,23.405],[68.421,23.405],[68.422,23.405],[68.422,23.405],[68.423,23.405],[68.423,23.404],[68.423,23.404],[68.423,23.404],[68.423,23.404],[68.423,23.403],[68.423,23.403],[68.423,23.403],[68.424,23.403],[68.424,23.403],[68.424,23.403],[68.424,23.402],[68.424,23.402],[68.424,23.401],[68.423,23.401],[68.423,23.401],[68.422,23.401],[68.422,23.4],[68.422,23.4],[68.422,23.4],[68.421,23.4],[68.421,23.401],[68.42,23.401],[68.42,23.4],[68.419,23.4],[68.419,23.401],[68.418,23.401],[68.418,23.401],[68.418,23.401],[68.418,23.401],[68.417,23.401],[68.417,23.402],[68.416,23.402],[68.416,23.402],[68.415,23.402],[68.415,23.403],[68.415,23.403],[68.415,23.403],[68.415,23.403],[68.415,23.403],[68.414,23.403],[68.414,23.403],[68.413,23.403],[68.413,23.404],[68.413,23.404],[68.413,23.405],[68.413,23.405],[68.413,23.405],[68.414,23.405],[68.414,23.405],[68.415,23.405],[68.415,23.404],[68.415,23.404],[68.415,23.404],[68.415,23.404],[68.415,23.404],[68.416,23.404],[68.416,23.405],[68.415,23.405],[68.415,23.405],[68.415,23.405],[68.415,23.406],[68.415,23.406],[68.415,23.406],[68.415,23.406],[68.415,23.407],[68.414,23.407],[68.414,23.406],[68.413,23.406],[68.413,23.407],[68.413,23.407],[68.413,23.408],[68.413,23.408],[68.413,23.41],[68.413,23.41],[68.413,23.41],[68.415,23.41]]],[[[68.461,23.413],[68.461,23.412],[68.462,23.412],[68.462,23.412],[68.462,23.412],[68.462,23.412],[68.462,23.412],[68.462,23.412],[68.463,23.412],[68.463,23.411],[68.463,23.411],[68.463,23.411],[68.461,23.411],[68.461,23.411],[68.461,23.411],[68.461,23.412],[68.46,23.412],[68.46,23.412],[68.46,23.412],[68.459,23.412],[68.459,23.412],[68.459,23.412],[68.459,23.411],[68.458,23.411],[68.458,23.412],[68.458,23.412],[68.458,23.412],[68.459,23.412],[68.459,23.413],[68.46,23.413],[68.461,23.413]]],[[[68.55,23.414],[68.55,23.413],[68.549,23.413],[68.549,23.413],[68.549,23.413],[68.549,23.412],[68.549,23.412],[68.549,23.412],[68.548,23.412],[68.548,23.412],[68.548,23.412],[68.548,23.411],[68.548,23.411],[68.548,23.41],[68.548,23.41],[68.548,23.41],[68.548,23.41],[68.547,23.41],[68.547,23.41],[68.547,23.41],[68.547,23.41],[68.547,23.41],[68.547,23.409],[68.546,23.409],[68.546,23.409],[68.546,23.409],[68.546,23.409],[68.545,23.409],[68.545,23.408],[68.545,23.408],[68.545,23.408],[68.545,23.408],[68.545,23.408],[68.545,23.408],[68.545,23.408],[68.544,23.408],[68.544,23.407],[68.544,23.407],[68.544,23.407],[68.544,23.407],[68.544,23.407],[68.543,23.407],[68.543,23.407],[68.543,23.407],[68.543,23.406],[68.543,23.406],[68.543,23.406],[68.543,23.406],[68.543,23.406],[68.542,23.406],[68.542,23.405],[68.542,23.405],[68.542,23.405],[68.542,23.406],[68.542,23.406],[68.542,23.407],[68.542,23.407],[68.542,23.407],[68.542,23.407],[68.542,23.407],[68.543,23.407],[68.543,23.407],[68.543,23.407],[68.543,23.408],[68.543,23.408],[68.543,23.408],[68.543,23.408],[68.543,23.408],[68.544,23.408],[68.544,23.408],[68.544,23.408],[68.544,23.409],[68.544,23.409],[68.544,23.409],[68.545,23.409],[68.545,23.409],[68.545,23.409],[68.545,23.41],[68.545,23.41],[68.545,23.41],[68.546,23.41],[68.546,23.41],[68.546,23.41],[68.546,23.41],[68.547,23.41],[68.547,23.411],[68.547,23.411],[68.547,23.411],[68.547,23.411],[68.547,23.412],[68.547,23.412],[68.547,23.412],[68.548,23.412],[68.548,23.413],[68.548,23.413],[68.548,23.413],[68.548,23.413],[68.548,23.413],[68.549,23.413],[68.549,23.413],[68.549,23.413],[68.549,23.414],[68.549,23.414],[68.549,23.414],[68.55,23.414],[68.55,23.415],[68.55,23.415],[68.55,23.414],[68.55,23.414]]],[[[68.4,23.421],[68.4,23.421],[68.401,23.421],[68.401,23.42],[68.401,23.42],[68.401,23.42],[68.401,23.42],[68.401,23.42],[68.402,23.42],[68.402,23.42],[68.402,23.42],[68.402,23.419],[68.402,23.419],[68.402,23.418],[68.403,23.418],[68.403,23.418],[68.402,23.418],[68.402,23.417],[68.402,23.417],[68.402,23.417],[68.402,23.417],[68.402,23.416],[68.4,23.416],[68.4,23.416],[68.4,23.416],[68.4,23.417],[68.4,23.417],[68.4,23.417],[68.4,23.417],[68.4,23.417],[68.399,23.417],[68.399,23.418],[68.399,23.418],[68.399,23.418],[68.399,23.418],[68.399,23.419],[68.398,23.419],[68.398,23.42],[68.399,23.42],[68.399,23.42],[68.399,23.42],[68.399,23.421],[68.4,23.421],[68.4,23.421],[68.4,23.421]]],[[[68.402,23.423],[68.402,23.423],[68.402,23.423],[68.402,23.422],[68.403,23.422],[68.403,23.421],[68.402,23.421],[68.402,23.42],[68.402,23.42],[68.402,23.421],[68.402,23.421],[68.402,23.421],[68.401,23.421],[68.401,23.423],[68.402,23.423],[68.402,23.423],[68.402,23.423]]],[[[68.4,23.428],[68.4,23.428],[68.4,23.428],[68.4,23.428],[68.4,23.428],[68.4,23.427],[68.401,23.427],[68.401,23.427],[68.401,23.427],[68.401,23.425],[68.401,23.425],[68.401,23.423],[68.401,23.423],[68.401,23.423],[68.401,23.423],[68.401,23.422],[68.4,23.422],[68.4,23.422],[68.398,23.422],[68.398,23.422],[68.398,23.422],[68.398,23.423],[68.398,23.423],[68.398,23.424],[68.398,23.424],[68.398,23.425],[68.399,23.425],[68.399,23.426],[68.398,23.426],[68.398,23.427],[68.399,23.427],[68.399,23.428],[68.399,23.428],[68.399,23.428],[68.399,23.428],[68.399,23.428],[68.4,23.428]]],[[[68.502,23.432],[68.502,23.431],[68.502,23.431],[68.502,23.431],[68.501,23.431],[68.501,23.43],[68.5,23.43],[68.5,23.431],[68.501,23.431],[68.501,23.432],[68.501,23.432],[68.501,23.432],[68.502,23.432],[68.502,23.432],[68.502,23.432],[68.502,23.432],[68.502,23.432]]],[[[68.517,23.433],[68.517,23.433],[68.517,23.433],[68.517,23.432],[68.517,23.432],[68.517,23.431],[68.517,23.431],[68.517,23.43],[68.516,23.43],[68.516,23.43],[68.516,23.43],[68.516,23.43],[68.516,23.43],[68.516,23.43],[68.515,23.43],[68.515,23.431],[68.514,23.431],[68.514,23.43],[68.514,23.43],[68.514,23.431],[68.514,23.431],[68.514,23.432],[68.514,23.432],[68.514,23.432],[68.514,23.432],[68.514,23.433],[68.515,23.433],[68.515,23.433],[68.517,23.433]]],[[[68.501,23.436],[68.501,23.436],[68.501,23.436],[68.501,23.435],[68.5,23.435],[68.5,23.435],[68.499,23.435],[68.499,23.435],[68.499,23.435],[68.499,23.435],[68.498,23.435],[68.498,23.434],[68.498,23.434],[68.498,23.435],[68.497,23.435],[68.497,23.435],[68.497,23.435],[68.497,23.435],[68.498,23.435],[68.498,23.436],[68.498,23.436],[68.498,23.436],[68.499,23.436],[68.499,23.436],[68.501,23.436]]],[[[68.501,23.444],[68.501,23.443],[68.502,23.443],[68.502,23.443],[68.502,23.443],[68.502,23.443],[68.502,23.443],[68.502,23.442],[68.501,23.442],[68.501,23.439],[68.501,23.439],[68.501,23.439],[68.501,23.439],[68.501,23.44],[68.5,23.44],[68.5,23.441],[68.5,23.441],[68.5,23.442],[68.5,23.442],[68.5,23.442],[68.499,23.442],[68.499,23.442],[68.5,23.442],[68.5,23.443],[68.5,23.443],[68.5,23.443],[68.501,23.443],[68.501,23.443],[68.501,23.443],[68.501,23.444],[68.501,23.444]]],[[[68.501,23.453],[68.501,23.453],[68.502,23.453],[68.502,23.452],[68.502,23.452],[68.502,23.451],[68.502,23.451],[68.502,23.45],[68.502,23.45],[68.502,23.45],[68.502,23.45],[68.502,23.449],[68.501,23.449],[68.501,23.448],[68.501,23.448],[68.501,23.448],[68.501,23.448],[68.501,23.447],[68.5,23.447],[68.5,23.446],[68.5,23.446],[68.5,23.445],[68.5,23.445],[68.5,23.445],[68.499,23.445],[68.499,23.444],[68.498,23.444],[68.498,23.444],[68.497,23.444],[68.497,23.444],[68.497,23.444],[68.497,23.446],[68.497,23.446],[68.497,23.447],[68.496,23.447],[68.496,23.448],[68.496,23.448],[68.496,23.448],[68.496,23.448],[68.496,23.449],[68.497,23.449],[68.497,23.449],[68.497,23.449],[68.497,23.45],[68.497,23.45],[68.497,23.45],[68.498,23.45],[68.498,23.45],[68.498,23.45],[68.498,23.451],[68.499,23.451],[68.499,23.451],[68.499,23.451],[68.499,23.451],[68.5,23.451],[68.5,23.452],[68.5,23.452],[68.5,23.452],[68.501,23.452],[68.501,23.452],[68.501,23.452],[68.501,23.453],[68.501,23.453],[68.501,23.453],[68.501,23.453],[68.501,23.453],[68.501,23.453]]],[[[68.507,23.457],[68.507,23.456],[68.507,23.456],[68.507,23.456],[68.507,23.456],[68.507,23.456],[68.508,23.456],[68.508,23.455],[68.508,23.455],[68.508,23.455],[68.508,23.455],[68.508,23.455],[68.509,23.455],[68.509,23.454],[68.509,23.454],[68.509,23.454],[68.51,23.454],[68.51,23.453],[68.511,23.453],[68.511,23.452],[68.511,23.452],[68.511,23.452],[68.512,23.452],[68.512,23.452],[68.512,23.452],[68.512,23.452],[68.513,23.452],[68.513,23.451],[68.514,23.451],[68.514,23.451],[68.514,23.451],[68.514,23.451],[68.514,23.451],[68.514,23.45],[68.515,23.45],[68.515,23.45],[68.516,23.45],[68.516,23.45],[68.517,23.45],[68.517,23.45],[68.518,23.45],[68.518,23.449],[68.518,23.449],[68.518,23.449],[68.519,23.449],[68.519,23.448],[68.519,23.448],[68.519,23.448],[68.52,23.448],[68.52,23.448],[68.52,23.448],[68.52,23.447],[68.52,23.447],[68.52,23.447],[68.52,23.447],[68.52,23.446],[68.521,23.446],[68.521,23.445],[68.521,23.445],[68.521,23.445],[68.521,23.445],[68.521,23.445],[68.522,23.445],[68.522,23.445],[68.523,23.445],[68.523,23.444],[68.523,23.444],[68.523,23.444],[68.524,23.444],[68.524,23.444],[68.525,23.444],[68.525,23.443],[68.525,23.443],[68.525,23.443],[68.525,23.443],[68.525,23.443],[68.525,23.443],[68.525,23.442],[68.526,23.442],[68.526,23.442],[68.526,23.442],[68.526,23.441],[68.526,23.441],[68.526,23.44],[68.527,23.44],[68.527,23.438],[68.526,23.438],[68.526,23.437],[68.526,23.437],[68.526,23.437],[68.526,23.437],[68.526,23.436],[68.525,23.436],[68.525,23.437],[68.525,23.437],[68.525,23.437],[68.525,23.437],[68.525,23.439],[68.524,23.439],[68.524,23.44],[68.524,23.44],[68.524,23.442],[68.524,23.442],[68.524,23.442],[68.523,23.442],[68.523,23.443],[68.522,23.443],[68.522,23.443],[68.521,23.443],[68.521,23.444],[68.521,23.444],[68.521,23.444],[68.52,23.444],[68.52,23.444],[68.52,23.444],[68.52,23.445],[68.52,23.445],[68.52,23.445],[68.519,23.445],[68.519,23.445],[68.519,23.445],[68.519,23.445],[68.518,23.445],[68.518,23.446],[68.518,23.446],[68.518,23.447],[68.517,23.447],[68.517,23.447],[68.517,23.447],[68.517,23.447],[68.517,23.447],[68.517,23.448],[68.517,23.448],[68.517,23.448],[68.516,23.448],[68.513,23.448],[68.513,23.447],[68.514,23.447],[68.514,23.447],[68.514,23.447],[68.514,23.447],[68.515,23.447],[68.515,23.447],[68.515,23.447],[68.515,23.446],[68.515,23.446],[68.515,23.446],[68.515,23.446],[68.515,23.445],[68.517,23.445],[68.517,23.445],[68.517,23.445],[68.517,23.445],[68.517,23.445],[68.518,23.445],[68.518,23.444],[68.518,23.444],[68.518,23.444],[68.518,23.444],[68.518,23.443],[68.519,23.443],[68.519,23.443],[68.519,23.443],[68.519,23.443],[68.52,23.443],[68.52,23.442],[68.52,23.442],[68.52,23.442],[68.521,23.442],[68.521,23.442],[68.521,23.442],[68.521,23.442],[68.521,23.442],[68.521,23.44],[68.522,23.44],[68.522,23.439],[68.521,23.439],[68.521,23.438],[68.521,23.438],[68.521,23.437],[68.521,23.437],[68.521,23.437],[68.52,23.437],[68.52,23.437],[68.52,23.437],[68.52,23.437],[68.519,23.437],[68.519,23.439],[68.519,23.439],[68.519,23.44],[68.519,23.44],[68.519,23.44],[68.518,23.44],[68.518,23.441],[68.518,23.441],[68.518,23.442],[68.518,23.442],[68.518,23.442],[68.517,23.442],[68.517,23.441],[68.517,23.441],[68.517,23.44],[68.518,23.44],[68.518,23.439],[68.518,23.439],[68.518,23.437],[68.518,23.437],[68.518,23.436],[68.518,23.436],[68.518,23.436],[68.517,23.436],[68.517,23.436],[68.517,23.436],[68.517,23.435],[68.516,23.435],[68.516,23.433],[68.515,23.433],[68.515,23.434],[68.515,23.434],[68.515,23.437],[68.514,23.437],[68.514,23.437],[68.512,23.437],[68.512,23.437],[68.512,23.437],[68.512,23.437],[68.512,23.437],[68.512,23.437],[68.511,23.437],[68.511,23.437],[68.511,23.437],[68.511,23.438],[68.511,23.438],[68.511,23.438],[68.51,23.438],[68.51,23.439],[68.51,23.439],[68.51,23.438],[68.51,23.438],[68.51,23.437],[68.51,23.437],[68.51,23.437],[68.511,23.437],[68.511,23.436],[68.511,23.436],[68.511,23.436],[68.511,23.436],[68.511,23.435],[68.512,23.435],[68.512,23.435],[68.512,23.435],[68.512,23.434],[68.512,23.434],[68.512,23.433],[68.512,23.433],[68.512,23.433],[68.512,23.433],[68.512,23.432],[68.512,23.432],[68.512,23.43],[68.51,23.43],[68.51,23.431],[68.51,23.431],[68.51,23.431],[68.51,23.431],[68.51,23.431],[68.51,23.431],[68.51,23.432],[68.509,23.432],[68.509,23.432],[68.508,23.432],[68.508,23.432],[68.507,23.432],[68.507,23.431],[68.506,23.431],[68.506,23.431],[68.505,23.431],[68.505,23.431],[68.505,23.431],[68.505,23.43],[68.505,23.43],[68.505,23.43],[68.504,23.43],[68.504,23.43],[68.504,23.43],[68.504,23.43],[68.503,23.43],[68.503,23.429],[68.503,23.429],[68.503,23.43],[68.503,23.43],[68.503,23.431],[68.503,23.431],[68.503,23.431],[68.504,23.431],[68.504,23.432],[68.505,23.432],[68.505,23.433],[68.504,23.433],[68.504,23.433],[68.504,23.433],[68.504,23.434],[68.504,23.434],[68.504,23.434],[68.504,23.434],[68.504,23.434],[68.505,23.434],[68.505,23.437],[68.506,23.437],[68.506,23.437],[68.505,23.437],[68.505,23.438],[68.505,23.438],[68.505,23.439],[68.505,23.439],[68.505,23.441],[68.505,23.441],[68.505,23.441],[68.504,23.441],[68.504,23.443],[68.504,23.443],[68.504,23.444],[68.504,23.444],[68.504,23.445],[68.503,23.445],[68.503,23.446],[68.503,23.446],[68.503,23.447],[68.503,23.447],[68.503,23.448],[68.503,23.448],[68.503,23.448],[68.503,23.448],[68.503,23.448],[68.504,23.448],[68.504,23.449],[68.505,23.449],[68.505,23.449],[68.505,23.449],[68.505,23.449],[68.505,23.449],[68.505,23.45],[68.506,23.45],[68.506,23.45],[68.506,23.45],[68.506,23.45],[68.507,23.45],[68.507,23.45],[68.507,23.45],[68.507,23.451],[68.506,23.451],[68.506,23.451],[68.506,23.451],[68.506,23.452],[68.505,23.452],[68.505,23.452],[68.504,23.452],[68.504,23.453],[68.505,23.453],[68.505,23.454],[68.504,23.454],[68.504,23.454],[68.504,23.454],[68.504,23.455],[68.504,23.455],[68.504,23.455],[68.503,23.455],[68.503,23.455],[68.503,23.455],[68.503,23.456],[68.504,23.456],[68.504,23.456],[68.505,23.456],[68.505,23.457],[68.506,23.457],[68.507,23.457]]],[[[68.408,23.458],[68.408,23.457],[68.408,23.457],[68.408,23.457],[68.408,23.457],[68.408,23.457],[68.408,23.457],[68.408,23.456],[68.407,23.456],[68.407,23.456],[68.407,23.456],[68.407,23.455],[68.407,23.455],[68.407,23.455],[68.407,23.455],[68.407,23.454],[68.406,23.454],[68.406,23.453],[68.407,23.453],[68.407,23.453],[68.406,23.453],[68.406,23.452],[68.406,23.452],[68.406,23.452],[68.405,23.452],[68.405,23.452],[68.405,23.452],[68.405,23.453],[68.405,23.453],[68.405,23.452],[68.404,23.452],[68.404,23.452],[68.403,23.452],[68.403,23.452],[68.403,23.452],[68.403,23.453],[68.402,23.453],[68.402,23.453],[68.402,23.453],[68.402,23.453],[68.402,23.453],[68.402,23.453],[68.402,23.453],[68.402,23.454],[68.401,23.454],[68.401,23.455],[68.402,23.455],[68.402,23.455],[68.405,23.455],[68.405,23.456],[68.405,23.456],[68.405,23.456],[68.405,23.456],[68.405,23.456],[68.406,23.456],[68.406,23.457],[68.406,23.457],[68.406,23.457],[68.407,23.457],[68.407,23.457],[68.407,23.457],[68.407,23.457],[68.407,23.457],[68.407,23.457],[68.407,23.458],[68.407,23.458],[68.407,23.458],[68.408,23.458]]],[[[68.499,23.476],[68.499,23.475],[68.499,23.475],[68.499,23.474],[68.5,23.474],[68.5,23.473],[68.499,23.473],[68.499,23.473],[68.498,23.473],[68.498,23.473],[68.498,23.473],[68.498,23.469],[68.499,23.469],[68.499,23.469],[68.499,23.469],[68.499,23.468],[68.499,23.468],[68.499,23.467],[68.5,23.467],[68.5,23.467],[68.5,23.467],[68.5,23.467],[68.5,23.467],[68.5,23.466],[68.501,23.466],[68.501,23.465],[68.5,23.465],[68.5,23.465],[68.5,23.465],[68.5,23.464],[68.5,23.464],[68.5,23.463],[68.501,23.463],[68.501,23.463],[68.501,23.463],[68.501,23.462],[68.501,23.462],[68.501,23.462],[68.502,23.462],[68.502,23.461],[68.502,23.461],[68.502,23.46],[68.502,23.46],[68.502,23.458],[68.502,23.458],[68.502,23.458],[68.502,23.458],[68.502,23.457],[68.502,23.457],[68.502,23.457],[68.502,23.457],[68.502,23.456],[68.501,23.456],[68.501,23.456],[68.501,23.456],[68.501,23.456],[68.501,23.456],[68.501,23.455],[68.5,23.455],[68.5,23.455],[68.5,23.455],[68.5,23.457],[68.5,23.457],[68.5,23.458],[68.499,23.458],[68.499,23.46],[68.5,23.46],[68.5,23.46],[68.499,23.46],[68.499,23.461],[68.499,23.461],[68.499,23.462],[68.499,23.462],[68.499,23.462],[68.498,23.462],[68.498,23.463],[68.498,23.463],[68.498,23.465],[68.498,23.465],[68.498,23.465],[68.499,23.465],[68.499,23.465],[68.498,23.465],[68.498,23.467],[68.498,23.467],[68.498,23.468],[68.498,23.468],[68.498,23.469],[68.498,23.469],[68.498,23.47],[68.497,23.47],[68.497,23.471],[68.497,23.471],[68.497,23.471],[68.497,23.471],[68.497,23.471],[68.497,23.471],[68.497,23.472],[68.496,23.472],[68.496,23.472],[68.496,23.472],[68.496,23.473],[68.496,23.473],[68.496,23.473],[68.495,23.473],[68.495,23.474],[68.495,23.474],[68.495,23.475],[68.496,23.475],[68.496,23.476],[68.496,23.476],[68.496,23.476],[68.499,23.476]]],[[[68.473,23.48],[68.491,23.445],[68.485,23.405],[68.46,23.437],[68.419,23.44],[68.453,23.462],[68.473,23.48]]],[[[68.498,23.489],[68.498,23.488],[68.498,23.488],[68.498,23.488],[68.498,23.488],[68.498,23.487],[68.498,23.487],[68.498,23.486],[68.497,23.486],[68.497,23.486],[68.497,23.486],[68.497,23.483],[68.497,23.483],[68.497,23.482],[68.498,23.482],[68.498,23.48],[68.497,23.48],[68.497,23.479],[68.497,23.479],[68.497,23.479],[68.497,23.479],[68.497,23.478],[68.497,23.478],[68.497,23.478],[68.496,23.478],[68.496,23.478],[68.496,23.478],[68.496,23.477],[68.495,23.477],[68.495,23.477],[68.495,23.477],[68.495,23.477],[68.495,23.477],[68.495,23.477],[68.494,23.477],[68.494,23.476],[68.493,23.476],[68.493,23.476],[68.491,23.476],[68.491,23.476],[68.491,23.476],[68.491,23.475],[68.49,23.475],[68.49,23.475],[68.49,23.475],[68.49,23.475],[68.49,23.475],[68.49,23.475],[68.489,23.475],[68.489,23.474],[68.489,23.474],[68.489,23.474],[68.488,23.474],[68.488,23.474],[68.488,23.474],[68.488,23.473],[68.487,23.473],[68.487,23.474],[68.487,23.474],[68.487,23.475],[68.487,23.475],[68.487,23.475],[68.486,23.475],[68.486,23.475],[68.486,23.475],[68.486,23.476],[68.486,23.476],[68.486,23.476],[68.485,23.476],[68.485,23.476],[68.485,23.476],[68.485,23.477],[68.485,23.477],[68.485,23.477],[68.484,23.477],[68.484,23.477],[68.484,23.477],[68.484,23.477],[68.483,23.477],[68.483,23.478],[68.483,23.478],[68.483,23.478],[68.482,23.478],[68.482,23.478],[68.482,23.478],[68.482,23.479],[68.483,23.479],[68.483,23.479],[68.483,23.479],[68.483,23.48],[68.483,23.48],[68.483,23.48],[68.483,23.48],[68.483,23.48],[68.484,23.48],[68.484,23.481],[68.484,23.481],[68.484,23.482],[68.484,23.482],[68.484,23.482],[68.485,23.482],[68.485,23.482],[68.485,23.482],[68.485,23.482],[68.485,23.482],[68.485,23.483],[68.485,23.483],[68.485,23.483],[68.486,23.483],[68.486,23.483],[68.486,23.483],[68.486,23.484],[68.486,23.484],[68.486,23.484],[68.486,23.485],[68.487,23.485],[68.487,23.485],[68.487,23.485],[68.487,23.485],[68.487,23.485],[68.487,23.486],[68.488,23.486],[68.488,23.486],[68.488,23.486],[68.488,23.486],[68.49,23.486],[68.49,23.487],[68.491,23.487],[68.491,23.487],[68.492,23.487],[68.495,23.487],[68.495,23.487],[68.496,23.487],[68.496,23.487],[68.497,23.487],[68.497,23.488],[68.497,23.488],[68.497,23.488],[68.497,23.488],[68.497,23.488],[68.497,23.488],[68.497,23.488],[68.498,23.488],[68.498,23.489],[68.498,23.489],[68.498,23.489],[68.499,23.489],[68.499,23.489],[68.498,23.489]]],[[[68.507,23.493],[68.507,23.492],[68.507,23.492],[68.507,23.492],[68.508,23.492],[68.508,23.492],[68.508,23.492],[68.508,23.492],[68.508,23.492],[68.508,23.491],[68.508,23.491],[68.508,23.491],[68.509,23.491],[68.509,23.491],[68.509,23.491],[68.509,23.49],[68.507,23.49],[68.507,23.491],[68.507,23.491],[68.507,23.491],[68.506,23.491],[68.506,23.492],[68.506,23.492],[68.506,23.493],[68.507,23.493]]],[[[68.511,23.493],[68.511,23.492],[68.512,23.492],[68.512,23.491],[68.511,23.491],[68.511,23.491],[68.511,23.491],[68.511,23.491],[68.51,23.491],[68.51,23.492],[68.51,23.492],[68.51,23.492],[68.51,23.492],[68.51,23.492],[68.509,23.492],[68.509,23.493],[68.511,23.493]]],[[[68.487,23.495],[68.487,23.495],[68.487,23.495],[68.487,23.495],[68.487,23.495],[68.487,23.495],[68.488,23.495],[68.488,23.494],[68.488,23.494],[68.488,23.493],[68.488,23.493],[68.488,23.492],[68.488,23.492],[68.488,23.493],[68.489,23.493],[68.489,23.493],[68.489,23.493],[68.489,23.493],[68.489,23.493],[68.489,23.494],[68.49,23.494],[68.49,23.492],[68.489,23.492],[68.489,23.491],[68.489,23.491],[68.489,23.49],[68.489,23.49],[68.489,23.489],[68.488,23.489],[68.488,23.488],[68.488,23.488],[68.488,23.487],[68.488,23.487],[68.488,23.487],[68.488,23.487],[68.488,23.487],[68.487,23.487],[68.487,23.487],[68.487,23.487],[68.487,23.488],[68.487,23.488],[68.487,23.488],[68.486,23.488],[68.486,23.489],[68.486,23.489],[68.486,23.49],[68.486,23.49],[68.486,23.491],[68.487,23.491],[68.487,23.493],[68.486,23.493],[68.486,23.493],[68.486,23.493],[68.486,23.494],[68.486,23.494],[68.486,23.495],[68.487,23.495],[68.487,23.495],[68.487,23.495]]],[[[68.467,23.498],[68.467,23.498],[68.467,23.498],[68.467,23.497],[68.468,23.497],[68.468,23.497],[68.468,23.497],[68.468,23.497],[68.469,23.497],[68.469,23.497],[68.47,23.497],[68.47,23.496],[68.47,23.496],[68.47,23.493],[68.471,23.493],[68.471,23.493],[68.471,23.493],[68.471,23.494],[68.471,23.494],[68.471,23.494],[68.472,23.494],[68.472,23.493],[68.472,23.493],[68.472,23.493],[68.472,23.493],[68.472,23.492],[68.472,23.492],[68.472,23.492],[68.472,23.492],[68.472,23.492],[68.473,23.492],[68.473,23.491],[68.473,23.491],[68.473,23.487],[68.473,23.487],[68.473,23.486],[68.472,23.486],[68.472,23.485],[68.472,23.485],[68.472,23.485],[68.472,23.485],[68.472,23.486],[68.471,23.486],[68.471,23.485],[68.47,23.485],[68.47,23.485],[68.47,23.485],[68.47,23.484],[68.47,23.484],[68.47,23.484],[68.47,23.484],[68.47,23.483],[68.47,23.483],[68.47,23.482],[68.471,23.482],[68.471,23.482],[68.471,23.482],[68.471,23.481],[68.471,23.481],[68.471,23.48],[68.471,23.48],[68.471,23.48],[68.471,23.48],[68.471,23.48],[68.47,23.48],[68.47,23.48],[68.47,23.48],[68.47,23.479],[68.47,23.479],[68.47,23.479],[68.468,23.479],[68.468,23.479],[68.468,23.479],[68.468,23.48],[68.468,23.48],[68.468,23.48],[68.467,23.48],[68.467,23.48],[68.467,23.48],[68.467,23.48],[68.464,23.48],[68.464,23.48],[68.463,23.48],[68.463,23.48],[68.462,23.48],[68.462,23.48],[68.46,23.48],[68.46,23.48],[68.459,23.48],[68.459,23.482],[68.46,23.482],[68.46,23.482],[68.46,23.482],[68.46,23.482],[68.459,23.482],[68.459,23.482],[68.459,23.482],[68.459,23.483],[68.459,23.483],[68.459,23.484],[68.459,23.484],[68.459,23.485],[68.459,23.485],[68.459,23.487],[68.459,23.487],[68.459,23.488],[68.46,23.488],[68.46,23.488],[68.46,23.488],[68.46,23.488],[68.461,23.488],[68.461,23.489],[68.461,23.489],[68.461,23.49],[68.461,23.49],[68.461,23.49],[68.462,23.49],[68.462,23.49],[68.463,23.49],[68.463,23.49],[68.463,23.49],[68.463,23.49],[68.463,23.49],[68.463,23.489],[68.464,23.489],[68.464,23.489],[68.464,23.489],[68.464,23.489],[68.465,23.489],[68.465,23.489],[68.465,23.489],[68.465,23.49],[68.465,23.49],[68.465,23.49],[68.464,23.49],[68.464,23.49],[68.465,23.49],[68.465,23.491],[68.465,23.491],[68.465,23.491],[68.466,23.491],[68.466,23.491],[68.465,23.491],[68.465,23.492],[68.465,23.492],[68.465,23.492],[68.465,23.492],[68.465,23.492],[68.465,23.492],[68.465,23.492],[68.464,23.492],[68.464,23.493],[68.464,23.493],[68.464,23.493],[68.464,23.493],[68.464,23.497],[68.464,23.497],[68.464,23.496],[68.465,23.496],[68.465,23.497],[68.465,23.497],[68.465,23.497],[68.465,23.497],[68.465,23.497],[68.466,23.497],[68.466,23.497],[68.466,23.497],[68.466,23.498],[68.466,23.498],[68.466,23.498],[68.466,23.498],[68.467,23.498]]],[[[68.437,23.5],[68.437,23.5],[68.438,23.5],[68.438,23.5],[68.438,23.5],[68.438,23.5],[68.439,23.5],[68.439,23.499],[68.44,23.499],[68.44,23.499],[68.439,23.499],[68.439,23.498],[68.438,23.498],[68.438,23.499],[68.438,23.499],[68.438,23.499],[68.437,23.499],[68.437,23.499],[68.437,23.499],[68.437,23.5],[68.437,23.5],[68.437,23.5],[68.437,23.5],[68.437,23.5],[68.437,23.5]]],[[[68.481,23.501],[68.481,23.501],[68.481,23.501],[68.481,23.501],[68.482,23.501],[68.482,23.5],[68.482,23.5],[68.482,23.5],[68.483,23.5],[68.483,23.5],[68.483,23.5],[68.483,23.499],[68.483,23.499],[68.483,23.499],[68.483,23.499],[68.483,23.499],[68.484,23.499],[68.484,23.498],[68.484,23.498],[68.484,23.497],[68.484,23.497],[68.484,23.497],[68.485,23.497],[68.485,23.496],[68.485,23.496],[68.485,23.496],[68.485,23.496],[68.485,23.496],[68.485,23.496],[68.485,23.495],[68.486,23.495],[68.486,23.495],[68.485,23.495],[68.485,23.494],[68.485,23.494],[68.485,23.493],[68.485,23.493],[68.485,23.493],[68.486,23.493],[68.486,23.491],[68.485,23.491],[68.485,23.491],[68.485,23.491],[68.485,23.489],[68.485,23.489],[68.485,23.488],[68.486,23.488],[68.486,23.488],[68.486,23.488],[68.486,23.487],[68.486,23.487],[68.486,23.487],[68.487,23.487],[68.487,23.486],[68.487,23.486],[68.487,23.486],[68.487,23.486],[68.487,23.486],[68.486,23.486],[68.486,23.485],[68.486,23.485],[68.486,23.485],[68.486,23.485],[68.486,23.485],[68.485,23.485],[68.485,23.484],[68.485,23.484],[68.485,23.484],[68.485,23.483],[68.485,23.483],[68.485,23.483],[68.485,23.483],[68.485,23.483],[68.484,23.483],[68.484,23.483],[68.484,23.483],[68.484,23.482],[68.484,23.482],[68.484,23.482],[68.483,23.482],[68.483,23.482],[68.483,23.482],[68.483,23.481],[68.483,23.481],[68.483,23.481],[68.483,23.481],[68.483,23.48],[68.482,23.48],[68.482,23.48],[68.482,23.48],[68.482,23.48],[68.482,23.48],[68.482,23.479],[68.482,23.479],[68.482,23.478],[68.481,23.478],[68.481,23.478],[68.48,23.478],[68.48,23.478],[68.479,23.478],[68.479,23.478],[68.478,23.478],[68.478,23.479],[68.477,23.479],[68.477,23.479],[68.477,23.479],[68.477,23.479],[68.476,23.479],[68.476,23.48],[68.476,23.48],[68.476,23.48],[68.475,23.48],[68.475,23.48],[68.475,23.48],[68.475,23.48],[68.475,23.48],[68.475,23.481],[68.474,23.481],[68.474,23.481],[68.474,23.481],[68.474,23.482],[68.474,23.482],[68.474,23.482],[68.475,23.482],[68.475,23.482],[68.475,23.482],[68.475,23.482],[68.475,23.482],[68.475,23.483],[68.476,23.483],[68.476,23.483],[68.475,23.483],[68.475,23.484],[68.475,23.484],[68.475,23.485],[68.475,23.485],[68.475,23.486],[68.476,23.486],[68.476,23.486],[68.476,23.486],[68.476,23.486],[68.477,23.486],[68.477,23.486],[68.478,23.486],[68.478,23.486],[68.48,23.486],[68.48,23.486],[68.481,23.486],[68.481,23.487],[68.481,23.487],[68.481,23.486],[68.482,23.486],[68.482,23.486],[68.482,23.486],[68.482,23.486],[68.482,23.486],[68.482,23.485],[68.484,23.485],[68.484,23.485],[68.485,23.485],[68.485,23.486],[68.485,23.486],[68.485,23.486],[68.485,23.486],[68.485,23.488],[68.485,23.488],[68.485,23.488],[68.485,23.488],[68.485,23.489],[68.484,23.489],[68.484,23.491],[68.484,23.491],[68.484,23.491],[68.484,23.491],[68.484,23.492],[68.483,23.492],[68.483,23.49],[68.482,23.49],[68.482,23.49],[68.482,23.49],[68.482,23.489],[68.482,23.489],[68.482,23.489],[68.481,23.489],[68.481,23.489],[68.478,23.489],[68.478,23.488],[68.477,23.488],[68.477,23.488],[68.477,23.488],[68.477,23.487],[68.476,23.487],[68.476,23.487],[68.476,23.487],[68.476,23.487],[68.475,23.487],[68.475,23.487],[68.475,23.487],[68.475,23.487],[68.475,23.487],[68.475,23.487],[68.474,23.487],[68.474,23.488],[68.475,23.488],[68.475,23.489],[68.475,23.489],[68.475,23.49],[68.474,23.49],[68.474,23.49],[68.474,23.49],[68.474,23.492],[68.474,23.492],[68.474,23.493],[68.473,23.493],[68.473,23.493],[68.473,23.493],[68.473,23.494],[68.473,23.494],[68.473,23.494],[68.473,23.494],[68.473,23.495],[68.473,23.495],[68.473,23.496],[68.474,23.496],[68.474,23.496],[68.474,23.496],[68.474,23.496],[68.474,23.496],[68.474,23.495],[68.475,23.495],[68.475,23.495],[68.475,23.495],[68.475,23.495],[68.477,23.495],[68.477,23.495],[68.477,23.495],[68.477,23.493],[68.477,23.493],[68.477,23.493],[68.478,23.493],[68.478,23.492],[68.478,23.492],[68.478,23.492],[68.479,23.492],[68.479,23.492],[68.48,23.492],[68.48,23.492],[68.482,23.492],[68.482,23.492],[68.481,23.492],[68.481,23.492],[68.482,23.492],[68.482,23.493],[68.482,23.493],[68.482,23.493],[68.482,23.493],[68.482,23.494],[68.482,23.494],[68.482,23.495],[68.481,23.495],[68.481,23.496],[68.481,23.496],[68.481,23.496],[68.48,23.496],[68.48,23.496],[68.479,23.496],[68.479,23.497],[68.479,23.497],[68.479,23.497],[68.478,23.497],[68.478,23.497],[68.479,23.497],[68.479,23.498],[68.478,23.498],[68.478,23.498],[68.478,23.498],[68.478,23.499],[68.478,23.499],[68.478,23.499],[68.479,23.499],[68.479,23.499],[68.48,23.499],[68.48,23.5],[68.48,23.5],[68.48,23.5],[68.48,23.5],[68.48,23.501],[68.481,23.501]]],[[[68.468,23.524],[68.468,23.523],[68.468,23.523],[68.468,23.523],[68.468,23.523],[68.468,23.523],[68.469,23.523],[68.469,23.522],[68.469,23.522],[68.469,23.522],[68.469,23.522],[68.469,23.522],[68.47,23.522],[68.47,23.521],[68.471,23.521],[68.471,23.52],[68.47,23.52],[68.47,23.519],[68.47,23.519],[68.47,23.518],[68.47,23.518],[68.47,23.518],[68.47,23.518],[68.47,23.518],[68.469,23.518],[68.469,23.519],[68.469,23.519],[68.469,23.519],[68.468,23.519],[68.468,23.519],[68.468,23.519],[68.468,23.518],[68.468,23.518],[68.468,23.518],[68.467,23.518],[68.467,23.518],[68.468,23.518],[68.468,23.519],[68.468,23.519],[68.468,23.519],[68.468,23.519],[68.468,23.52],[68.468,23.52],[68.468,23.52],[68.468,23.52],[68.468,23.52],[68.467,23.52],[68.467,23.519],[68.467,23.519],[68.467,23.519],[68.466,23.519],[68.466,23.518],[68.466,23.518],[68.466,23.516],[68.465,23.516],[68.465,23.516],[68.465,23.515],[68.464,23.515],[68.464,23.516],[68.464,23.516],[68.464,23.516],[68.464,23.516],[68.464,23.516],[68.463,23.516],[68.463,23.517],[68.463,23.518],[68.463,23.518],[68.463,23.519],[68.464,23.519],[68.464,23.518],[68.464,23.518],[68.464,23.518],[68.465,23.518],[68.465,23.518],[68.465,23.518],[68.465,23.519],[68.465,23.519],[68.465,23.52],[68.465,23.52],[68.465,23.52],[68.466,23.52],[68.466,23.52],[68.466,23.52],[68.466,23.521],[68.466,23.521],[68.466,23.522],[68.467,23.522],[68.467,23.523],[68.466,23.523],[68.466,23.523],[68.467,23.523],[68.467,23.523],[68.467,23.523],[68.467,23.524],[68.467,23.524],[68.467,23.524],[68.468,23.524]]],[[[68.475,23.529],[68.475,23.528],[68.476,23.528],[68.476,23.528],[68.476,23.528],[68.476,23.528],[68.475,23.528],[68.475,23.527],[68.475,23.527],[68.475,23.527],[68.475,23.527],[68.475,23.527],[68.474,23.527],[68.474,23.527],[68.474,23.527],[68.474,23.526],[68.474,23.526],[68.474,23.526],[68.474,23.526],[68.474,23.525],[68.474,23.525],[68.474,23.524],[68.475,23.524],[68.475,23.522],[68.474,23.522],[68.474,23.522],[68.473,23.522],[68.473,23.522],[68.473,23.522],[68.473,23.522],[68.473,23.522],[68.473,23.521],[68.472,23.521],[68.472,23.521],[68.472,23.521],[68.472,23.521],[68.472,23.521],[68.472,23.522],[68.471,23.522],[68.471,23.522],[68.471,23.522],[68.471,23.522],[68.471,23.522],[68.471,23.522],[68.47,23.522],[68.47,23.523],[68.47,23.523],[68.47,23.523],[68.469,23.523],[68.469,23.523],[68.469,23.523],[68.469,23.524],[68.469,23.524],[68.469,23.525],[68.47,23.525],[68.47,23.524],[68.47,23.524],[68.47,23.524],[68.47,23.524],[68.47,23.525],[68.47,23.525],[68.47,23.526],[68.47,23.526],[68.47,23.526],[68.47,23.526],[68.47,23.527],[68.471,23.527],[68.471,23.527],[68.472,23.527],[68.472,23.527],[68.472,23.527],[68.472,23.526],[68.473,23.526],[68.473,23.527],[68.472,23.527],[68.472,23.528],[68.472,23.528],[68.472,23.528],[68.472,23.528],[68.472,23.528],[68.472,23.528],[68.472,23.529],[68.475,23.529]]],[[[68.473,23.537],[68.473,23.537],[68.474,23.537],[68.474,23.536],[68.474,23.536],[68.474,23.536],[68.474,23.536],[68.474,23.535],[68.475,23.535],[68.475,23.535],[68.475,23.535],[68.475,23.534],[68.475,23.534],[68.475,23.534],[68.475,23.534],[68.475,23.533],[68.476,23.533],[68.476,23.533],[68.476,23.533],[68.476,23.533],[68.477,23.533],[68.477,23.532],[68.476,23.532],[68.476,23.532],[68.476,23.532],[68.476,23.532],[68.476,23.532],[68.476,23.531],[68.475,23.531],[68.475,23.531],[68.475,23.531],[68.475,23.53],[68.473,23.53],[68.473,23.531],[68.473,23.531],[68.473,23.531],[68.472,23.531],[68.472,23.531],[68.472,23.531],[68.472,23.532],[68.473,23.532],[68.473,23.532],[68.473,23.532],[68.473,23.533],[68.473,23.533],[68.473,23.533],[68.473,23.533],[68.473,23.533],[68.472,23.533],[68.472,23.534],[68.472,23.534],[68.472,23.535],[68.472,23.535],[68.472,23.536],[68.472,23.536],[68.472,23.536],[68.473,23.536],[68.473,23.537],[68.473,23.537],[68.473,23.537],[68.473,23.537]]],[[[68.482,23.55],[68.482,23.55],[68.483,23.55],[68.483,23.55],[68.483,23.55],[68.483,23.549],[68.483,23.549],[68.483,23.549],[68.483,23.549],[68.483,23.547],[68.483,23.547],[68.483,23.547],[68.482,23.547],[68.482,23.547],[68.482,23.547],[68.482,23.548],[68.482,23.548],[68.482,23.549],[68.482,23.549],[68.482,23.55],[68.482,23.55],[68.482,23.55],[68.482,23.55]]],[[[68.479,23.555],[68.479,23.555],[68.48,23.555],[68.48,23.554],[68.48,23.554],[68.48,23.554],[68.481,23.554],[68.481,23.554],[68.481,23.554],[68.481,23.554],[68.481,23.554],[68.481,23.553],[68.482,23.553],[68.482,23.551],[68.481,23.551],[68.481,23.55],[68.481,23.55],[68.481,23.549],[68.479,23.549],[68.479,23.548],[68.48,23.548],[68.48,23.546],[68.48,23.546],[68.48,23.545],[68.479,23.545],[68.479,23.545],[68.479,23.545],[68.479,23.543],[68.478,23.543],[68.478,23.543],[68.478,23.543],[68.478,23.543],[68.477,23.543],[68.477,23.543],[68.476,23.543],[68.476,23.543],[68.477,23.543],[68.477,23.542],[68.477,23.542],[68.477,23.542],[68.477,23.542],[68.477,23.542],[68.477,23.542],[68.477,23.541],[68.477,23.541],[68.477,23.54],[68.477,23.54],[68.477,23.54],[68.476,23.54],[68.476,23.539],[68.476,23.539],[68.476,23.539],[68.476,23.539],[68.476,23.539],[68.475,23.539],[68.475,23.538],[68.475,23.538],[68.475,23.538],[68.474,23.538],[68.474,23.538],[68.474,23.538],[68.474,23.538],[68.474,23.538],[68.474,23.538],[68.473,23.538],[68.473,23.538],[68.472,23.538],[68.472,23.538],[68.472,23.538],[68.472,23.539],[68.471,23.539],[68.471,23.538],[68.47,23.538],[68.47,23.539],[68.47,23.539],[68.47,23.538],[68.469,23.538],[68.469,23.538],[68.469,23.538],[68.469,23.538],[68.468,23.538],[68.468,23.537],[68.468,23.537],[68.468,23.537],[68.467,23.537],[68.467,23.537],[68.467,23.537],[68.467,23.537],[68.467,23.537],[68.467,23.536],[68.466,23.536],[68.466,23.536],[68.466,23.536],[68.466,23.536],[68.465,23.536],[68.465,23.535],[68.465,23.535],[68.465,23.535],[68.464,23.535],[68.464,23.536],[68.464,23.536],[68.464,23.535],[68.463,23.535],[68.463,23.535],[68.463,23.535],[68.463,23.535],[68.463,23.535],[68.463,23.534],[68.463,23.534],[68.463,23.534],[68.463,23.534],[68.463,23.533],[68.462,23.533],[68.462,23.533],[68.462,23.533],[68.462,23.533],[68.461,23.533],[68.461,23.532],[68.461,23.532],[68.461,23.532],[68.46,23.532],[68.46,23.532],[68.46,23.532],[68.46,23.531],[68.46,23.531],[68.46,23.531],[68.459,23.531],[68.459,23.531],[68.459,23.531],[68.459,23.531],[68.458,23.531],[68.458,23.531],[68.457,23.531],[68.457,23.53],[68.457,23.53],[68.457,23.53],[68.456,23.53],[68.456,23.53],[68.455,23.53],[68.455,23.53],[68.455,23.53],[68.455,23.53],[68.454,23.53],[68.454,23.529],[68.454,23.529],[68.454,23.529],[68.453,23.529],[68.453,23.53],[68.453,23.53],[68.453,23.53],[68.454,23.53],[68.454,23.531],[68.454,23.531],[68.454,23.531],[68.455,23.531],[68.455,23.531],[68.456,23.531],[68.456,23.532],[68.457,23.532],[68.457,23.532],[68.457,23.532],[68.457,23.532],[68.458,23.532],[68.458,23.533],[68.457,23.533],[68.457,23.533],[68.458,23.533],[68.458,23.534],[68.458,23.534],[68.458,23.532],[68.459,23.532],[68.459,23.532],[68.459,23.532],[68.459,23.533],[68.459,23.533],[68.459,23.533],[68.46,23.533],[68.46,23.532],[68.46,23.532],[68.46,23.533],[68.46,23.533],[68.46,23.533],[68.46,23.533],[68.46,23.535],[68.461,23.535],[68.461,23.534],[68.461,23.534],[68.461,23.534],[68.462,23.534],[68.462,23.535],[68.462,23.535],[68.462,23.535],[68.461,23.535],[68.461,23.535],[68.46,23.535],[68.46,23.536],[68.46,23.536],[68.46,23.536],[68.459,23.536],[68.459,23.536],[68.459,23.536],[68.459,23.537],[68.458,23.537],[68.458,23.537],[68.458,23.537],[68.458,23.536],[68.457,23.536],[68.457,23.536],[68.456,23.536],[68.456,23.536],[68.455,23.536],[68.455,23.535],[68.455,23.535],[68.455,23.536],[68.454,23.536],[68.454,23.536],[68.454,23.536],[68.454,23.537],[68.454,23.537],[68.454,23.537],[68.453,23.537],[68.453,23.538],[68.455,23.538],[68.455,23.538],[68.455,23.538],[68.455,23.537],[68.455,23.537],[68.455,23.537],[68.457,23.537],[68.457,23.537],[68.457,23.537],[68.457,23.538],[68.457,23.538],[68.457,23.538],[68.458,23.538],[68.458,23.54],[68.458,23.54],[68.458,23.54],[68.459,23.54],[68.459,23.54],[68.459,23.54],[68.459,23.54],[68.458,23.54],[68.458,23.541],[68.457,23.541],[68.457,23.541],[68.457,23.541],[68.457,23.542],[68.457,23.542],[68.457,23.543],[68.458,23.543],[68.458,23.543],[68.459,23.543],[68.459,23.543],[68.46,23.543],[68.46,23.543],[68.46,23.543],[68.46,23.544],[68.46,23.544],[68.46,23.544],[68.461,23.544],[68.461,23.544],[68.461,23.544],[68.461,23.545],[68.462,23.545],[68.462,23.545],[68.462,23.545],[68.462,23.545],[68.463,23.545],[68.463,23.545],[68.463,23.545],[68.463,23.546],[68.464,23.546],[68.464,23.546],[68.465,23.546],[68.465,23.547],[68.465,23.547],[68.465,23.547],[68.465,23.547],[68.465,23.547],[68.466,23.547],[68.466,23.547],[68.466,23.547],[68.466,23.548],[68.467,23.548],[68.467,23.548],[68.467,23.548],[68.467,23.548],[68.467,23.548],[68.467,23.548],[68.468,23.548],[68.468,23.549],[68.469,23.549],[68.469,23.548],[68.47,23.548],[68.47,23.549],[68.469,23.549],[68.469,23.55],[68.47,23.55],[68.47,23.551],[68.47,23.551],[68.47,23.551],[68.47,23.551],[68.47,23.552],[68.47,23.552],[68.47,23.553],[68.472,23.553],[68.472,23.554],[68.473,23.554],[68.473,23.554],[68.474,23.554],[68.474,23.554],[68.475,23.554],[68.475,23.555],[68.475,23.555],[68.475,23.555],[68.476,23.555],[68.476,23.555],[68.477,23.555],[68.477,23.555],[68.478,23.555],[68.478,23.555],[68.479,23.555],[68.479,23.555],[68.479,23.555]]],[[[68.223,23.586],[68.223,23.586],[68.226,23.586],[68.226,23.586],[68.227,23.586],[68.227,23.585],[68.227,23.585],[68.227,23.585],[68.228,23.585],[68.228,23.585],[68.228,23.585],[68.228,23.584],[68.228,23.584],[68.228,23.584],[68.227,23.584],[68.227,23.584],[68.225,23.584],[68.225,23.584],[68.224,23.584],[68.224,23.584],[68.224,23.584],[68.224,23.585],[68.223,23.585],[68.223,23.585],[68.223,23.585],[68.223,23.585],[68.223,23.585],[68.223,23.585],[68.222,23.585],[68.222,23.586],[68.223,23.586],[68.223,23.586],[68.223,23.586]]],[[[68.255,23.59],[68.255,23.59],[68.255,23.59],[68.255,23.589],[68.256,23.589],[68.256,23.588],[68.256,23.588],[68.256,23.588],[68.256,23.588],[68.256,23.586],[68.256,23.586],[68.256,23.585],[68.257,23.585],[68.257,23.586],[68.258,23.586],[68.258,23.585],[68.258,23.585],[68.258,23.585],[68.257,23.585],[68.257,23.584],[68.257,23.584],[68.257,23.584],[68.256,23.584],[68.256,23.584],[68.255,23.584],[68.255,23.584],[68.255,23.584],[68.255,23.583],[68.254,23.583],[68.254,23.583],[68.254,23.583],[68.254,23.582],[68.253,23.582],[68.253,23.582],[68.252,23.582],[68.252,23.582],[68.252,23.582],[68.252,23.583],[68.252,23.583],[68.252,23.583],[68.25,23.583],[68.25,23.583],[68.25,23.583],[68.25,23.584],[68.25,23.584],[68.25,23.584],[68.25,23.584],[68.25,23.584],[68.25,23.584],[68.25,23.585],[68.251,23.585],[68.251,23.585],[68.251,23.585],[68.251,23.587],[68.251,23.587],[68.251,23.587],[68.251,23.587],[68.251,23.587],[68.248,23.587],[68.248,23.587],[68.245,23.587],[68.245,23.588],[68.245,23.588],[68.245,23.589],[68.246,23.589],[68.246,23.589],[68.247,23.589],[68.247,23.588],[68.248,23.588],[68.248,23.589],[68.248,23.589],[68.248,23.59],[68.249,23.59],[68.249,23.59],[68.254,23.59],[68.254,23.59],[68.255,23.59]]],[[[68.216,23.591],[68.216,23.591],[68.217,23.591],[68.217,23.59],[68.217,23.59],[68.217,23.588],[68.217,23.588],[68.217,23.588],[68.217,23.588],[68.217,23.587],[68.218,23.587],[68.218,23.587],[68.217,23.587],[68.217,23.587],[68.217,23.587],[68.217,23.586],[68.217,23.586],[68.217,23.587],[68.216,23.587],[68.216,23.587],[68.215,23.587],[68.215,23.587],[68.215,23.587],[68.215,23.587],[68.215,23.587],[68.215,23.588],[68.215,23.588],[68.215,23.589],[68.215,23.589],[68.215,23.591],[68.215,23.591],[68.215,23.591],[68.216,23.591]]],[[[68.482,23.597],[68.473,23.558],[68.442,23.533],[68.455,23.572],[68.482,23.597]]],[[[68.458,23.6],[68.458,23.6],[68.462,23.6],[68.462,23.6],[68.463,23.6],[68.463,23.6],[68.463,23.6],[68.463,23.599],[68.464,23.599],[68.464,23.599],[68.465,23.599],[68.465,23.599],[68.465,23.599],[68.465,23.598],[68.466,23.598],[68.466,23.598],[68.466,23.598],[68.466,23.598],[68.466,23.598],[68.466,23.595],[68.467,23.595],[68.467,23.593],[68.467,23.593],[68.467,23.593],[68.467,23.593],[68.467,23.593],[68.467,23.593],[68.467,23.592],[68.468,23.592],[68.468,23.592],[68.467,23.592],[68.467,23.592],[68.467,23.592],[68.467,23.591],[68.467,23.591],[68.467,23.59],[68.467,23.59],[68.467,23.59],[68.466,23.59],[68.466,23.59],[68.466,23.59],[68.466,23.589],[68.466,23.589],[68.466,23.589],[68.465,23.589],[68.465,23.588],[68.465,23.588],[68.465,23.588],[68.465,23.588],[68.465,23.587],[68.465,23.587],[68.465,23.587],[68.464,23.587],[68.464,23.586],[68.464,23.586],[68.464,23.586],[68.463,23.586],[68.463,23.585],[68.463,23.585],[68.463,23.585],[68.463,23.585],[68.463,23.585],[68.463,23.585],[68.463,23.585],[68.462,23.585],[68.462,23.584],[68.462,23.584],[68.462,23.584],[68.462,23.584],[68.462,23.583],[68.462,23.583],[68.462,23.582],[68.461,23.582],[68.461,23.582],[68.462,23.582],[68.462,23.58],[68.462,23.58],[68.462,23.579],[68.462,23.579],[68.462,23.579],[68.462,23.579],[68.462,23.578],[68.463,23.578],[68.463,23.578],[68.462,23.578],[68.462,23.577],[68.462,23.577],[68.462,23.577],[68.462,23.577],[68.462,23.577],[68.461,23.577],[68.461,23.576],[68.461,23.576],[68.461,23.576],[68.459,23.576],[68.459,23.576],[68.458,23.576],[68.458,23.575],[68.457,23.575],[68.457,23.575],[68.457,23.575],[68.457,23.575],[68.455,23.575],[68.455,23.575],[68.454,23.575],[68.454,23.575],[68.453,23.575],[68.453,23.575],[68.452,23.575],[68.452,23.575],[68.452,23.575],[68.452,23.574],[68.452,23.574],[68.452,23.574],[68.452,23.574],[68.452,23.573],[68.451,23.573],[68.451,23.573],[68.45,23.573],[68.45,23.574],[68.45,23.574],[68.45,23.574],[68.449,23.574],[68.449,23.574],[68.448,23.574],[68.448,23.575],[68.448,23.575],[68.448,23.575],[68.447,23.575],[68.447,23.575],[68.447,23.575],[68.447,23.575],[68.447,23.575],[68.447,23.576],[68.446,23.576],[68.446,23.576],[68.446,23.576],[68.446,23.576],[68.445,23.576],[68.445,23.577],[68.445,23.577],[68.445,23.577],[68.445,23.577],[68.445,23.577],[68.445,23.577],[68.445,23.578],[68.444,23.578],[68.444,23.578],[68.445,23.578],[68.445,23.579],[68.445,23.579],[68.445,23.579],[68.445,23.579],[68.445,23.58],[68.446,23.58],[68.446,23.58],[68.446,23.58],[68.446,23.581],[68.447,23.581],[68.447,23.581],[68.447,23.581],[68.447,23.581],[68.448,23.581],[68.448,23.58],[68.45,23.58],[68.45,23.58],[68.45,23.58],[68.45,23.579],[68.45,23.579],[68.45,23.578],[68.45,23.578],[68.45,23.577],[68.451,23.577],[68.451,23.577],[68.452,23.577],[68.452,23.578],[68.453,23.578],[68.453,23.578],[68.453,23.578],[68.453,23.578],[68.453,23.578],[68.453,23.579],[68.454,23.579],[68.454,23.58],[68.454,23.58],[68.454,23.58],[68.454,23.58],[68.454,23.581],[68.455,23.581],[68.455,23.581],[68.455,23.581],[68.455,23.582],[68.455,23.582],[68.455,23.582],[68.455,23.582],[68.455,23.583],[68.456,23.583],[68.456,23.584],[68.456,23.584],[68.456,23.585],[68.457,23.585],[68.457,23.586],[68.457,23.586],[68.457,23.587],[68.457,23.587],[68.457,23.588],[68.457,23.588],[68.457,23.588],[68.455,23.588],[68.455,23.588],[68.454,23.588],[68.454,23.588],[68.453,23.588],[68.453,23.588],[68.453,23.588],[68.453,23.591],[68.453,23.591],[68.453,23.592],[68.453,23.592],[68.453,23.592],[68.453,23.592],[68.453,23.592],[68.453,23.592],[68.453,23.593],[68.452,23.593],[68.452,23.593],[68.453,23.593],[68.453,23.594],[68.452,23.594],[68.452,23.595],[68.453,23.595],[68.453,23.596],[68.453,23.596],[68.453,23.596],[68.453,23.596],[68.453,23.597],[68.453,23.597],[68.453,23.598],[68.454,23.598],[68.454,23.599],[68.454,23.599],[68.454,23.599],[68.454,23.599],[68.454,23.6],[68.455,23.6],[68.455,23.6],[68.455,23.6],[68.455,23.6],[68.456,23.6],[68.456,23.6],[68.458,23.6]]],[[[68.482,23.607],[68.482,23.606],[68.482,23.606],[68.482,23.606],[68.483,23.606],[68.483,23.606],[68.483,23.606],[68.483,23.606],[68.484,23.606],[68.484,23.605],[68.484,23.605],[68.484,23.605],[68.484,23.605],[68.484,23.605],[68.485,23.605],[68.485,23.605],[68.485,23.605],[68.485,23.604],[68.485,23.604],[68.485,23.604],[68.485,23.604],[68.487,23.604],[68.487,23.603],[68.487,23.603],[68.486,23.603],[68.486,23.603],[68.486,23.603],[68.486,23.602],[68.485,23.602],[68.485,23.602],[68.485,23.602],[68.485,23.602],[68.485,23.602],[68.485,23.602],[68.484,23.602],[68.484,23.601],[68.484,23.601],[68.484,23.601],[68.484,23.601],[68.484,23.601],[68.483,23.601],[68.483,23.6],[68.483,23.6],[68.483,23.6],[68.483,23.6],[68.483,23.599],[68.483,23.599],[68.483,23.599],[68.482,23.599],[68.482,23.598],[68.482,23.598],[68.482,23.598],[68.48,23.598],[68.48,23.599],[68.48,23.599],[68.48,23.599],[68.48,23.599],[68.48,23.6],[68.479,23.6],[68.479,23.6],[68.479,23.6],[68.479,23.603],[68.479,23.603],[68.479,23.604],[68.479,23.604],[68.479,23.605],[68.48,23.605],[68.48,23.606],[68.48,23.606],[68.48,23.606],[68.48,23.606],[68.48,23.606],[68.481,23.606],[68.481,23.607],[68.482,23.607],[68.482,23.607]]],[[[68.456,23.625],[68.441,23.587],[68.455,23.625],[68.456,23.625]]],[[[68.485,23.628],[68.485,23.628],[68.487,23.628],[68.487,23.627],[68.487,23.627],[68.487,23.627],[68.487,23.627],[68.487,23.627],[68.487,23.627],[68.487,23.626],[68.486,23.626],[68.486,23.626],[68.486,23.626],[68.486,23.625],[68.486,23.625],[68.486,23.625],[68.485,23.625],[68.485,23.624],[68.485,23.624],[68.485,23.624],[68.485,23.624],[68.485,23.623],[68.485,23.623],[68.485,23.623],[68.484,23.623],[68.484,23.623],[68.484,23.623],[68.484,23.623],[68.484,23.623],[68.484,23.622],[68.483,23.622],[68.483,23.622],[68.483,23.622],[68.483,23.622],[68.484,23.622],[68.484,23.622],[68.484,23.622],[68.484,23.622],[68.485,23.622],[68.485,23.622],[68.485,23.622],[68.485,23.623],[68.485,23.623],[68.485,23.623],[68.486,23.623],[68.486,23.624],[68.486,23.624],[68.486,23.624],[68.487,23.624],[68.487,23.624],[68.487,23.624],[68.487,23.625],[68.487,23.625],[68.487,23.625],[68.487,23.625],[68.487,23.625],[68.488,23.625],[68.488,23.625],[68.488,23.625],[68.488,23.626],[68.489,23.626],[68.489,23.625],[68.49,23.625],[68.49,23.625],[68.49,23.625],[68.49,23.625],[68.49,23.625],[68.49,23.624],[68.49,23.624],[68.49,23.623],[68.491,23.623],[68.491,23.622],[68.491,23.622],[68.491,23.622],[68.491,23.622],[68.491,23.621],[68.49,23.621],[68.49,23.62],[68.49,23.62],[68.49,23.619],[68.49,23.619],[68.49,23.618],[68.49,23.618],[68.49,23.617],[68.489,23.617],[68.489,23.614],[68.49,23.614],[68.49,23.613],[68.49,23.613],[68.49,23.612],[68.49,23.612],[68.49,23.612],[68.49,23.611],[68.49,23.611],[68.49,23.61],[68.491,23.61],[68.491,23.609],[68.491,23.609],[68.491,23.608],[68.491,23.608],[68.491,23.606],[68.491,23.606],[68.491,23.604],[68.491,23.604],[68.491,23.604],[68.49,23.604],[68.49,23.603],[68.489,23.603],[68.489,23.604],[68.489,23.604],[68.489,23.604],[68.488,23.604],[68.488,23.604],[68.488,23.604],[68.488,23.605],[68.486,23.605],[68.486,23.605],[68.486,23.605],[68.486,23.605],[68.486,23.605],[68.486,23.605],[68.485,23.605],[68.485,23.606],[68.485,23.606],[68.485,23.606],[68.484,23.606],[68.484,23.606],[68.484,23.606],[68.484,23.607],[68.484,23.607],[68.484,23.607],[68.483,23.607],[68.483,23.607],[68.483,23.607],[68.483,23.607],[68.481,23.607],[68.48,23.607],[68.48,23.607],[68.48,23.607],[68.48,23.607],[68.48,23.607],[68.48,23.607],[68.479,23.607],[68.479,23.606],[68.479,23.606],[68.479,23.607],[68.479,23.607],[68.479,23.606],[68.478,23.606],[68.478,23.605],[68.478,23.605],[68.478,23.605],[68.478,23.605],[68.478,23.604],[68.478,23.604],[68.478,23.603],[68.478,23.603],[68.478,23.6],[68.478,23.6],[68.478,23.599],[68.478,23.599],[68.478,23.598],[68.479,23.598],[68.479,23.598],[68.479,23.598],[68.479,23.598],[68.48,23.598],[68.48,23.597],[68.479,23.597],[68.479,23.597],[68.48,23.597],[68.48,23.594],[68.48,23.594],[68.48,23.593],[68.48,23.593],[68.48,23.592],[68.48,23.592],[68.48,23.591],[68.48,23.591],[68.48,23.591],[68.478,23.591],[68.478,23.591],[68.478,23.591],[68.478,23.591],[68.477,23.591],[68.477,23.592],[68.477,23.592],[68.477,23.592],[68.476,23.592],[68.476,23.592],[68.476,23.592],[68.476,23.592],[68.476,23.592],[68.476,23.593],[68.475,23.593],[68.475,23.593],[68.475,23.593],[68.475,23.593],[68.475,23.593],[68.475,23.593],[68.474,23.593],[68.474,23.594],[68.473,23.594],[68.473,23.594],[68.472,23.594],[68.472,23.594],[68.47,23.594],[68.47,23.593],[68.47,23.593],[68.47,23.593],[68.469,23.593],[68.469,23.593],[68.468,23.593],[68.468,23.593],[68.468,23.593],[68.468,23.593],[68.468,23.593],[68.468,23.593],[68.468,23.593],[68.468,23.593],[68.467,23.593],[68.467,23.595],[68.467,23.595],[68.467,23.597],[68.467,23.597],[68.467,23.598],[68.468,23.598],[68.468,23.598],[68.468,23.598],[68.468,23.599],[68.468,23.599],[68.468,23.599],[68.468,23.599],[68.468,23.6],[68.469,23.6],[68.469,23.601],[68.469,23.601],[68.469,23.601],[68.469,23.601],[68.469,23.602],[68.47,23.602],[68.47,23.605],[68.469,23.605],[68.469,23.606],[68.469,23.606],[68.469,23.607],[68.469,23.607],[68.469,23.607],[68.468,23.607],[68.468,23.608],[68.469,23.608],[68.469,23.608],[68.468,23.608],[68.468,23.61],[68.468,23.61],[68.468,23.611],[68.468,23.611],[68.468,23.611],[68.469,23.611],[68.469,23.613],[68.469,23.613],[68.469,23.614],[68.469,23.614],[68.469,23.615],[68.47,23.615],[68.47,23.616],[68.47,23.616],[68.47,23.617],[68.47,23.617],[68.47,23.617],[68.471,23.617],[68.471,23.617],[68.471,23.617],[68.471,23.618],[68.472,23.618],[68.472,23.618],[68.472,23.618],[68.472,23.618],[68.473,23.618],[68.473,23.618],[68.473,23.618],[68.473,23.619],[68.473,23.619],[68.473,23.62],[68.475,23.62],[68.475,23.62],[68.475,23.62],[68.475,23.619],[68.476,23.619],[68.476,23.62],[68.476,23.62],[68.48,23.62],[68.48,23.621],[68.48,23.621],[68.48,23.621],[68.48,23.621],[68.48,23.622],[68.481,23.622],[68.481,23.622],[68.481,23.622],[68.481,23.622],[68.481,23.622],[68.481,23.623],[68.482,23.623],[68.482,23.624],[68.481,23.624],[68.481,23.624],[68.481,23.624],[68.481,23.625],[68.481,23.625],[68.481,23.626],[68.481,23.626],[68.481,23.627],[68.481,23.627],[68.481,23.627],[68.482,23.627],[68.482,23.627],[68.482,23.627],[68.482,23.628],[68.482,23.628],[68.482,23.628],[68.485,23.628]]],[[[68.478,23.722],[68.478,23.722],[68.479,23.722],[68.479,23.722],[68.48,23.722],[68.48,23.722],[68.481,23.722],[68.481,23.721],[68.482,23.721],[68.482,23.721],[68.482,23.721],[68.482,23.72],[68.482,23.72],[68.482,23.72],[68.482,23.72],[68.482,23.72],[68.482,23.72],[68.482,23.719],[68.481,23.719],[68.481,23.719],[68.481,23.719],[68.481,23.719],[68.48,23.719],[68.48,23.718],[68.48,23.718],[68.48,23.718],[68.48,23.718],[68.48,23.718],[68.479,23.718],[68.479,23.717],[68.479,23.717],[68.478,23.717],[68.478,23.717],[68.478,23.717],[68.478,23.717],[68.477,23.717],[68.477,23.717],[68.477,23.717],[68.477,23.716],[68.476,23.716],[68.476,23.716],[68.476,23.716],[68.476,23.716],[68.475,23.716],[68.475,23.715],[68.475,23.715],[68.475,23.715],[68.475,23.715],[68.475,23.715],[68.474,23.715],[68.474,23.715],[68.473,23.715],[68.473,23.715],[68.472,23.715],[68.472,23.715],[68.472,23.715],[68.472,23.716],[68.472,23.716],[68.472,23.716],[68.472,23.716],[68.472,23.716],[68.471,23.716],[68.471,23.717],[68.472,23.717],[68.472,23.717],[68.472,23.717],[68.472,23.717],[68.472,23.717],[68.472,23.717],[68.472,23.718],[68.472,23.718],[68.472,23.718],[68.473,23.718],[68.473,23.719],[68.473,23.719],[68.473,23.72],[68.473,23.72],[68.473,23.72],[68.473,23.72],[68.473,23.721],[68.474,23.721],[68.474,23.721],[68.474,23.721],[68.474,23.722],[68.475,23.722],[68.475,23.722],[68.476,23.722],[68.476,23.722],[68.477,23.722],[68.477,23.722],[68.478,23.722]]],[[[68.45,23.732],[68.45,23.732],[68.45,23.732],[68.45,23.732],[68.45,23.732],[68.45,23.732],[68.451,23.732],[68.451,23.731],[68.45,23.731],[68.45,23.731],[68.45,23.731],[68.45,23.73],[68.449,23.73],[68.449,23.731],[68.449,23.731],[68.448,23.731],[68.448,23.731],[68.448,23.731],[68.448,23.731],[68.448,23.731],[68.448,23.732],[68.447,23.732],[68.447,23.732],[68.448,23.732],[68.448,23.733],[68.448,23.733],[68.448,23.732],[68.45,23.732]]],[[[68.467,23.74],[68.467,23.74],[68.468,23.74],[68.468,23.739],[68.469,23.739],[68.469,23.739],[68.469,23.739],[68.469,23.739],[68.47,23.739],[68.47,23.738],[68.47,23.738],[68.47,23.738],[68.471,23.738],[68.471,23.738],[68.471,23.738],[68.471,23.738],[68.472,23.738],[68.472,23.737],[68.472,23.737],[68.472,23.737],[68.472,23.737],[68.472,23.737],[68.473,23.737],[68.473,23.737],[68.473,23.737],[68.473,23.736],[68.474,23.736],[68.474,23.736],[68.474,23.736],[68.474,23.736],[68.475,23.736],[68.475,23.735],[68.475,23.735],[68.475,23.735],[68.476,23.735],[68.476,23.735],[68.476,23.735],[68.476,23.735],[68.477,23.735],[68.477,23.734],[68.477,23.734],[68.477,23.734],[68.478,23.734],[68.478,23.734],[68.479,23.734],[68.479,23.733],[68.48,23.733],[68.48,23.733],[68.481,23.733],[68.481,23.733],[68.484,23.733],[68.484,23.733],[68.485,23.733],[68.485,23.732],[68.485,23.732],[68.485,23.732],[68.485,23.732],[68.485,23.732],[68.486,23.732],[68.486,23.732],[68.486,23.732],[68.486,23.731],[68.487,23.731],[68.487,23.731],[68.487,23.731],[68.487,23.731],[68.487,23.731],[68.487,23.73],[68.488,23.73],[68.488,23.729],[68.487,23.729],[68.487,23.729],[68.487,23.729],[68.487,23.728],[68.487,23.728],[68.487,23.728],[68.484,23.728],[68.484,23.728],[68.478,23.728],[68.478,23.728],[68.477,23.728],[68.477,23.728],[68.477,23.728],[68.477,23.729],[68.473,23.729],[68.473,23.728],[68.472,23.728],[68.472,23.728],[68.47,23.728],[68.47,23.728],[68.467,23.728],[68.467,23.728],[68.467,23.728],[68.467,23.728],[68.466,23.728],[68.466,23.728],[68.465,23.728],[68.465,23.727],[68.465,23.727],[68.465,23.728],[68.463,23.728],[68.463,23.727],[68.463,23.727],[68.463,23.727],[68.462,23.727],[68.462,23.727],[68.462,23.727],[68.462,23.727],[68.462,23.727],[68.462,23.726],[68.461,23.726],[68.461,23.726],[68.461,23.726],[68.461,23.726],[68.46,23.726],[68.46,23.725],[68.46,23.725],[68.46,23.725],[68.46,23.725],[68.46,23.725],[68.459,23.725],[68.459,23.727],[68.459,23.727],[68.459,23.728],[68.459,23.728],[68.459,23.73],[68.459,23.73],[68.459,23.73],[68.459,23.73],[68.459,23.731],[68.46,23.731],[68.46,23.731],[68.459,23.731],[68.459,23.732],[68.459,23.732],[68.459,23.732],[68.459,23.732],[68.459,23.732],[68.458,23.732],[68.458,23.732],[68.458,23.732],[68.458,23.733],[68.458,23.733],[68.458,23.733],[68.458,23.733],[68.458,23.733],[68.457,23.733],[68.457,23.733],[68.457,23.733],[68.457,23.734],[68.457,23.734],[68.457,23.734],[68.458,23.734],[68.458,23.735],[68.458,23.735],[68.458,23.735],[68.458,23.735],[68.458,23.736],[68.458,23.736],[68.458,23.736],[68.459,23.736],[68.459,23.737],[68.459,23.737],[68.459,23.737],[68.46,23.737],[68.46,23.737],[68.46,23.737],[68.46,23.738],[68.46,23.738],[68.46,23.738],[68.46,23.738],[68.46,23.738],[68.461,23.738],[68.461,23.738],[68.461,23.738],[68.461,23.739],[68.462,23.739],[68.462,23.739],[68.463,23.739],[68.463,23.739],[68.463,23.739],[68.463,23.74],[68.464,23.74],[68.464,23.74],[68.467,23.74]]],[[[68.487,23.746],[68.487,23.745],[68.487,23.745],[68.487,23.743],[68.486,23.743],[68.486,23.741],[68.486,23.741],[68.486,23.74],[68.486,23.74],[68.486,23.739],[68.485,23.739],[68.485,23.739],[68.485,23.739],[68.485,23.738],[68.485,23.738],[68.485,23.738],[68.485,23.738],[68.485,23.737],[68.484,23.737],[68.484,23.737],[68.484,23.737],[68.484,23.737],[68.484,23.737],[68.484,23.737],[68.483,23.737],[68.483,23.736],[68.483,23.736],[68.483,23.736],[68.482,23.736],[68.482,23.736],[68.482,23.736],[68.482,23.737],[68.482,23.737],[68.482,23.737],[68.481,23.737],[68.481,23.738],[68.482,23.738],[68.482,23.738],[68.482,23.738],[68.482,23.739],[68.482,23.739],[68.482,23.74],[68.482,23.74],[68.482,23.74],[68.483,23.74],[68.483,23.741],[68.483,23.741],[68.483,23.741],[68.483,23.741],[68.483,23.742],[68.483,23.742],[68.483,23.742],[68.484,23.742],[68.484,23.743],[68.484,23.743],[68.484,23.743],[68.484,23.743],[68.484,23.743],[68.485,23.743],[68.485,23.744],[68.485,23.744],[68.485,23.745],[68.485,23.745],[68.485,23.745],[68.486,23.745],[68.486,23.745],[68.486,23.745],[68.486,23.746],[68.487,23.746],[68.487,23.746],[68.487,23.746]]],[[[68.217,23.779],[68.217,23.779],[68.217,23.779],[68.217,23.778],[68.218,23.778],[68.218,23.778],[68.218,23.778],[68.218,23.778],[68.219,23.778],[68.219,23.778],[68.22,23.778],[68.22,23.777],[68.22,23.777],[68.22,23.777],[68.22,23.777],[68.22,23.777],[68.22,23.777],[68.22,23.776],[68.221,23.776],[68.221,23.776],[68.221,23.776],[68.221,23.775],[68.221,23.775],[68.221,23.774],[68.222,23.774],[68.222,23.773],[68.222,23.773],[68.222,23.773],[68.222,23.773],[68.222,23.773],[68.222,23.773],[68.222,23.772],[68.223,23.772],[68.223,23.77],[68.223,23.77],[68.223,23.768],[68.223,23.768],[68.223,23.767],[68.223,23.767],[68.223,23.765],[68.224,23.765],[68.224,23.764],[68.224,23.764],[68.224,23.763],[68.224,23.763],[68.224,23.762],[68.223,23.762],[68.223,23.762],[68.223,23.762],[68.223,23.761],[68.223,23.761],[68.223,23.761],[68.223,23.761],[68.223,23.761],[68.222,23.761],[68.222,23.76],[68.222,23.76],[68.222,23.76],[68.222,23.76],[68.222,23.76],[68.221,23.76],[68.221,23.76],[68.221,23.76],[68.221,23.759],[68.221,23.759],[68.221,23.759],[68.22,23.759],[68.22,23.759],[68.22,23.759],[68.22,23.758],[68.22,23.758],[68.22,23.758],[68.22,23.758],[68.22,23.758],[68.219,23.758],[68.219,23.758],[68.219,23.758],[68.219,23.757],[68.219,23.757],[68.219,23.757],[68.218,23.757],[68.218,23.757],[68.218,23.757],[68.218,23.756],[68.218,23.756],[68.218,23.756],[68.218,23.756],[68.218,23.756],[68.217,23.756],[68.217,23.756],[68.217,23.756],[68.217,23.756],[68.216,23.756],[68.216,23.757],[68.216,23.757],[68.216,23.757],[68.216,23.757],[68.216,23.757],[68.215,23.757],[68.215,23.758],[68.215,23.758],[68.215,23.758],[68.215,23.758],[68.215,23.76],[68.215,23.76],[68.215,23.761],[68.215,23.761],[68.215,23.761],[68.216,23.761],[68.216,23.762],[68.216,23.762],[68.216,23.763],[68.216,23.763],[68.216,23.765],[68.217,23.765],[68.217,23.766],[68.216,23.766],[68.216,23.767],[68.216,23.767],[68.216,23.767],[68.216,23.767],[68.216,23.767],[68.215,23.767],[68.215,23.768],[68.215,23.768],[68.215,23.768],[68.215,23.768],[68.215,23.768],[68.215,23.768],[68.215,23.769],[68.215,23.769],[68.215,23.773],[68.215,23.773],[68.215,23.775],[68.215,23.775],[68.215,23.777],[68.215,23.777],[68.215,23.778],[68.215,23.778],[68.215,23.779],[68.216,23.779],[68.216,23.779],[68.216,23.779],[68.216,23.779],[68.217,23.779]]],[[[68.349,23.8],[68.349,23.799],[68.349,23.799],[68.349,23.793],[68.349,23.793],[68.349,23.791],[68.348,23.791],[68.348,23.788],[68.348,23.788],[68.348,23.786],[68.348,23.786],[68.348,23.784],[68.348,23.784],[68.348,23.783],[68.347,23.783],[68.347,23.782],[68.347,23.782],[68.347,23.781],[68.347,23.781],[68.347,23.78],[68.347,23.78],[68.347,23.78],[68.346,23.78],[68.346,23.779],[68.346,23.779],[68.346,23.779],[68.346,23.779],[68.346,23.779],[68.345,23.779],[68.345,23.778],[68.345,23.778],[68.345,23.778],[68.345,23.778],[68.345,23.778],[68.345,23.778],[68.345,23.778],[68.344,23.778],[68.344,23.777],[68.342,23.777],[68.342,23.777],[68.34,23.777],[68.34,23.778],[68.34,23.778],[68.34,23.778],[68.34,23.778],[68.34,23.778],[68.34,23.778],[68.34,23.779],[68.34,23.779],[68.34,23.783],[68.34,23.783],[68.34,23.783],[68.34,23.783],[68.34,23.784],[68.341,23.784],[68.341,23.785],[68.341,23.785],[68.341,23.786],[68.341,23.786],[68.341,23.787],[68.342,23.787],[68.342,23.788],[68.342,23.788],[68.342,23.789],[68.342,23.789],[68.342,23.79],[68.342,23.79],[68.342,23.79],[68.343,23.79],[68.343,23.791],[68.343,23.791],[68.343,23.792],[68.343,23.792],[68.343,23.792],[68.343,23.792],[68.343,23.793],[68.344,23.793],[68.344,23.793],[68.344,23.793],[68.344,23.794],[68.344,23.794],[68.344,23.795],[68.345,23.795],[68.345,23.795],[68.345,23.795],[68.345,23.796],[68.345,23.796],[68.345,23.796],[68.345,23.796],[68.345,23.797],[68.346,23.797],[68.346,23.797],[68.346,23.797],[68.346,23.798],[68.346,23.798],[68.346,23.798],[68.347,23.798],[68.347,23.799],[68.347,23.799],[68.347,23.799],[68.347,23.799],[68.347,23.8],[68.347,23.8],[68.347,23.8],[68.348,23.8],[68.348,23.8],[68.349,23.8],[68.349,23.8],[68.35,23.8],[68.35,23.8],[68.349,23.8]]],[[[68.358,23.805],[68.394,23.787],[68.416,23.75],[68.413,23.71],[68.398,23.673],[68.375,23.64],[68.351,23.605],[68.315,23.589],[68.275,23.591],[68.278,23.631],[68.25,23.603],[68.209,23.601],[68.197,23.639],[68.238,23.642],[68.278,23.648],[68.238,23.643],[68.274,23.66],[68.302,23.689],[68.325,23.722],[68.336,23.76],[68.35,23.798],[68.358,23.805]]],[[[68.605,23.81],[68.605,23.809],[68.606,23.809],[68.606,23.809],[68.606,23.809],[68.606,23.808],[68.606,23.808],[68.606,23.807],[68.607,23.807],[68.607,23.807],[68.607,23.807],[68.607,23.806],[68.608,23.806],[68.608,23.806],[68.608,23.806],[68.608,23.805],[68.607,23.805],[68.607,23.805],[68.607,23.805],[68.607,23.805],[68.607,23.805],[68.607,23.803],[68.606,23.803],[68.606,23.803],[68.606,23.803],[68.606,23.803],[68.606,23.803],[68.606,23.802],[68.605,23.802],[68.605,23.802],[68.605,23.802],[68.605,23.802],[68.605,23.802],[68.605,23.801],[68.605,23.801],[68.605,23.801],[68.604,23.801],[68.604,23.801],[68.604,23.801],[68.604,23.8],[68.603,23.8],[68.603,23.8],[68.603,23.8],[68.603,23.8],[68.603,23.8],[68.603,23.799],[68.603,23.799],[68.603,23.799],[68.602,23.799],[68.602,23.799],[68.602,23.799],[68.602,23.798],[68.602,23.798],[68.602,23.797],[68.602,23.797],[68.602,23.796],[68.602,23.796],[68.602,23.796],[68.601,23.796],[68.601,23.796],[68.6,23.796],[68.6,23.797],[68.599,23.797],[68.599,23.797],[68.598,23.797],[68.598,23.797],[68.598,23.797],[68.598,23.796],[68.598,23.796],[68.598,23.796],[68.597,23.796],[68.597,23.796],[68.597,23.796],[68.597,23.796],[68.597,23.796],[68.597,23.797],[68.596,23.797],[68.596,23.797],[68.595,23.797],[68.595,23.797],[68.595,23.797],[68.595,23.798],[68.595,23.798],[68.595,23.799],[68.594,23.799],[68.594,23.799],[68.594,23.799],[68.594,23.8],[68.594,23.8],[68.594,23.801],[68.594,23.801],[68.594,23.801],[68.594,23.801],[68.594,23.802],[68.594,23.802],[68.594,23.802],[68.594,23.802],[68.594,23.803],[68.593,23.803],[68.593,23.803],[68.594,23.803],[68.594,23.804],[68.596,23.804],[68.596,23.804],[68.597,23.804],[68.597,23.804],[68.599,23.804],[68.599,23.805],[68.599,23.805],[68.599,23.805],[68.599,23.805],[68.599,23.806],[68.6,23.806],[68.6,23.806],[68.6,23.806],[68.6,23.807],[68.6,23.807],[68.6,23.807],[68.6,23.807],[68.6,23.808],[68.601,23.808],[68.601,23.808],[68.601,23.808],[68.601,23.808],[68.602,23.808],[68.602,23.808],[68.602,23.808],[68.602,23.809],[68.602,23.809],[68.602,23.809],[68.603,23.809],[68.603,23.809],[68.604,23.809],[68.604,23.81],[68.605,23.81]]],[[[68.597,23.813],[68.597,23.812],[68.596,23.812],[68.596,23.812],[68.596,23.812],[68.596,23.812],[68.596,23.812],[68.596,23.811],[68.595,23.811],[68.595,23.81],[68.594,23.81],[68.594,23.811],[68.594,23.811],[68.594,23.811],[68.594,23.811],[68.594,23.812],[68.593,23.812],[68.593,23.812],[68.594,23.812],[68.594,23.812],[68.595,23.812],[68.595,23.813],[68.597,23.813]]],[[[68.308,23.824],[68.315,23.783],[68.322,23.743],[68.29,23.719],[68.267,23.752],[68.273,23.792],[68.3,23.821],[68.308,23.824]]],[[[68.497,23.831],[68.516,23.796],[68.517,23.756],[68.477,23.753],[68.438,23.74],[68.456,23.775],[68.455,23.815],[68.493,23.83],[68.497,23.831]]],[[[68.707,23.851],[68.707,23.851],[68.709,23.851],[68.709,23.851],[68.709,23.851],[68.709,23.85],[68.71,23.85],[68.71,23.85],[68.71,23.85],[68.71,23.85],[68.711,23.85],[68.711,23.849],[68.71,23.849],[68.71,23.849],[68.71,23.849],[68.71,23.849],[68.709,23.849],[68.709,23.85],[68.708,23.85],[68.708,23.849],[68.707,23.849],[68.707,23.849],[68.705,23.849],[68.705,23.848],[68.705,23.848],[68.705,23.849],[68.705,23.849],[68.705,23.849],[68.705,23.849],[68.705,23.85],[68.704,23.85],[68.704,23.85],[68.703,23.85],[68.703,23.85],[68.703,23.85],[68.703,23.85],[68.703,23.85],[68.703,23.851],[68.707,23.851],[68.707,23.851],[68.707,23.851]]],[[[68.699,23.853],[68.699,23.853],[68.7,23.853],[68.7,23.853],[68.7,23.853],[68.7,23.852],[68.701,23.852],[68.701,23.852],[68.7,23.852],[68.7,23.852],[68.7,23.852],[68.7,23.851],[68.7,23.851],[68.7,23.851],[68.699,23.851],[68.699,23.851],[68.699,23.851],[68.699,23.85],[68.698,23.85],[68.698,23.85],[68.698,23.85],[68.698,23.85],[68.698,23.85],[68.698,23.85],[68.697,23.85],[68.697,23.849],[68.697,23.849],[68.697,23.849],[68.695,23.849],[68.695,23.849],[68.695,23.849],[68.695,23.85],[68.695,23.85],[68.695,23.852],[68.696,23.852],[68.696,23.852],[68.696,23.852],[68.696,23.852],[68.697,23.852],[68.697,23.852],[68.697,23.852],[68.697,23.853],[68.698,23.853],[68.698,23.853],[68.698,23.853],[68.698,23.853],[68.699,23.853]]],[[[68.533,23.874],[68.533,23.873],[68.533,23.873],[68.533,23.872],[68.534,23.872],[68.534,23.872],[68.534,23.872],[68.534,23.872],[68.534,23.872],[68.534,23.87],[68.535,23.87],[68.535,23.866],[68.535,23.866],[68.535,23.865],[68.533,23.865],[68.533,23.864],[68.533,23.864],[68.533,23.863],[68.532,23.863],[68.532,23.863],[68.532,23.863],[68.532,23.863],[68.531,23.863],[68.531,23.862],[68.531,23.862],[68.531,23.862],[68.53,23.862],[68.53,23.862],[68.53,23.862],[68.53,23.862],[68.529,23.862],[68.529,23.861],[68.529,23.861],[68.529,23.861],[68.528,23.861],[68.528,23.86],[68.528,23.86],[68.528,23.86],[68.528,23.86],[68.528,23.86],[68.528,23.86],[68.528,23.86],[68.527,23.86],[68.527,23.859],[68.526,23.859],[68.526,23.859],[68.525,23.859],[68.525,23.858],[68.524,23.858],[68.524,23.86],[68.524,23.86],[68.524,23.86],[68.525,23.86],[68.525,23.86],[68.525,23.86],[68.525,23.861],[68.525,23.861],[68.525,23.861],[68.525,23.861],[68.525,23.862],[68.526,23.862],[68.526,23.862],[68.526,23.862],[68.526,23.862],[68.526,23.862],[68.526,23.863],[68.527,23.863],[68.527,23.863],[68.527,23.863],[68.527,23.863],[68.527,23.863],[68.527,23.864],[68.527,23.864],[68.527,23.864],[68.528,23.864],[68.528,23.865],[68.528,23.865],[68.528,23.865],[68.528,23.865],[68.528,23.866],[68.528,23.866],[68.528,23.866],[68.529,23.866],[68.529,23.867],[68.529,23.867],[68.529,23.867],[68.529,23.867],[68.529,23.868],[68.53,23.868],[68.53,23.869],[68.53,23.869],[68.53,23.87],[68.53,23.87],[68.53,23.87],[68.53,23.87],[68.53,23.871],[68.531,23.871],[68.531,23.871],[68.531,23.871],[68.531,23.872],[68.531,23.872],[68.531,23.872],[68.532,23.872],[68.532,23.872],[68.532,23.872],[68.532,23.873],[68.532,23.873],[68.532,23.873],[68.532,23.873],[68.532,23.873],[68.533,23.873],[68.533,23.874],[68.533,23.874]]],[[[68.396,23.878],[68.426,23.852],[68.427,23.81],[68.391,23.829],[68.402,23.79],[68.367,23.81],[68.332,23.789],[68.347,23.827],[68.372,23.858],[68.396,23.878]]],[[[68.248,23.88],[68.248,23.88],[68.249,23.88],[68.249,23.88],[68.25,23.88],[68.25,23.88],[68.251,23.88],[68.251,23.879],[68.252,23.879],[68.252,23.879],[68.252,23.879],[68.252,23.879],[68.252,23.879],[68.252,23.878],[68.252,23.878],[68.252,23.878],[68.253,23.878],[68.253,23.878],[68.253,23.878],[68.253,23.877],[68.253,23.877],[68.253,23.877],[68.253,23.877],[68.253,23.877],[68.254,23.877],[68.254,23.877],[68.254,23.877],[68.254,23.876],[68.254,23.876],[68.254,23.876],[68.255,23.876],[68.255,23.875],[68.255,23.875],[68.255,23.874],[68.255,23.874],[68.255,23.873],[68.254,23.873],[68.254,23.872],[68.254,23.872],[68.254,23.871],[68.254,23.871],[68.254,23.87],[68.253,23.87],[68.253,23.869],[68.253,23.869],[68.253,23.868],[68.253,23.868],[68.253,23.867],[68.253,23.867],[68.253,23.867],[68.253,23.866],[68.252,23.866],[68.252,23.865],[68.252,23.865],[68.252,23.864],[68.252,23.864],[68.252,23.862],[68.252,23.862],[68.252,23.862],[68.251,23.862],[68.251,23.862],[68.251,23.862],[68.251,23.862],[68.25,23.862],[68.25,23.861],[68.25,23.861],[68.25,23.861],[68.25,23.861],[68.25,23.861],[68.249,23.861],[68.249,23.86],[68.249,23.86],[68.249,23.86],[68.248,23.86],[68.248,23.86],[68.248,23.86],[68.248,23.86],[68.248,23.86],[68.248,23.859],[68.247,23.859],[68.247,23.859],[68.247,23.859],[68.247,23.859],[68.247,23.859],[68.247,23.858],[68.246,23.858],[68.246,23.858],[68.246,23.858],[68.246,23.858],[68.246,23.858],[68.246,23.858],[68.245,23.858],[68.245,23.857],[68.245,23.857],[68.245,23.857],[68.245,23.857],[68.245,23.857],[68.244,23.857],[68.244,23.857],[68.244,23.857],[68.244,23.856],[68.243,23.856],[68.243,23.856],[68.243,23.856],[68.243,23.856],[68.243,23.856],[68.243,23.855],[68.242,23.855],[68.242,23.855],[68.242,23.855],[68.242,23.855],[68.242,23.855],[68.242,23.855],[68.241,23.855],[68.241,23.854],[68.241,23.854],[68.241,23.854],[68.24,23.854],[68.24,23.854],[68.24,23.854],[68.24,23.853],[68.24,23.853],[68.24,23.853],[68.239,23.853],[68.239,23.853],[68.239,23.853],[68.239,23.852],[68.239,23.852],[68.239,23.852],[68.238,23.852],[68.238,23.852],[68.238,23.852],[68.238,23.851],[68.238,23.851],[68.238,23.851],[68.238,23.851],[68.238,23.85],[68.237,23.85],[68.237,23.85],[68.237,23.85],[68.237,23.849],[68.237,23.849],[68.237,23.849],[68.237,23.849],[68.237,23.848],[68.236,23.848],[68.236,23.848],[68.236,23.848],[68.236,23.847],[68.235,23.847],[68.235,23.846],[68.235,23.846],[68.235,23.846],[68.235,23.846],[68.235,23.845],[68.235,23.845],[68.235,23.844],[68.234,23.844],[68.234,23.843],[68.234,23.843],[68.234,23.843],[68.234,23.843],[68.234,23.843],[68.233,23.843],[68.233,23.842],[68.233,23.842],[68.233,23.843],[68.232,23.843],[68.232,23.843],[68.232,23.843],[68.232,23.843],[68.232,23.843],[68.232,23.843],[68.231,23.843],[68.231,23.844],[68.23,23.844],[68.23,23.844],[68.229,23.844],[68.229,23.844],[68.229,23.844],[68.228,23.844],[68.228,23.845],[68.228,23.845],[68.228,23.845],[68.227,23.845],[68.227,23.845],[68.227,23.845],[68.227,23.845],[68.227,23.845],[68.227,23.846],[68.226,23.846],[68.226,23.846],[68.226,23.846],[68.226,23.846],[68.225,23.846],[68.225,23.847],[68.225,23.847],[68.225,23.847],[68.224,23.847],[68.224,23.847],[68.218,23.847],[68.218,23.847],[68.217,23.847],[68.217,23.848],[68.216,23.848],[68.216,23.849],[68.216,23.849],[68.216,23.851],[68.216,23.851],[68.216,23.852],[68.216,23.852],[68.216,23.853],[68.216,23.853],[68.216,23.854],[68.216,23.854],[68.216,23.856],[68.216,23.856],[68.216,23.857],[68.216,23.857],[68.216,23.857],[68.216,23.857],[68.216,23.858],[68.216,23.858],[68.216,23.858],[68.215,23.858],[68.215,23.859],[68.216,23.859],[68.216,23.86],[68.215,23.86],[68.215,23.86],[68.215,23.86],[68.215,23.861],[68.215,23.861],[68.215,23.861],[68.215,23.861],[68.215,23.862],[68.214,23.862],[68.214,23.862],[68.214,23.862],[68.214,23.863],[68.214,23.863],[68.214,23.863],[68.214,23.863],[68.214,23.863],[68.215,23.863],[68.215,23.864],[68.215,23.864],[68.215,23.865],[68.215,23.865],[68.215,23.865],[68.215,23.865],[68.215,23.866],[68.216,23.866],[68.216,23.867],[68.216,23.867],[68.216,23.867],[68.216,23.867],[68.216,23.867],[68.217,23.867],[68.217,23.867],[68.217,23.867],[68.217,23.868],[68.218,23.868],[68.218,23.868],[68.219,23.868],[68.219,23.868],[68.22,23.868],[68.22,23.868],[68.22,23.868],[68.22,23.869],[68.22,23.869],[68.22,23.869],[68.221,23.869],[68.221,23.869],[68.222,23.869],[68.222,23.87],[68.223,23.87],[68.223,23.87],[68.224,23.87],[68.224,23.87],[68.224,23.87],[68.224,23.87],[68.225,23.87],[68.225,23.871],[68.225,23.871],[68.225,23.871],[68.226,23.871],[68.226,23.871],[68.227,23.871],[68.227,23.872],[68.227,23.872],[68.227,23.872],[68.228,23.872],[68.228,23.872],[68.229,23.872],[68.229,23.872],[68.23,23.872],[68.23,23.873],[68.23,23.873],[68.23,23.873],[68.231,23.873],[68.231,23.873],[68.232,23.873],[68.232,23.873],[68.232,23.873],[68.232,23.874],[68.233,23.874],[68.233,23.874],[68.234,23.874],[68.234,23.874],[68.235,23.874],[68.235,23.875],[68.235,23.875],[68.235,23.875],[68.236,23.875],[68.236,23.875],[68.237,23.875],[68.237,23.875],[68.237,23.875],[68.237,23.876],[68.238,23.876],[68.238,23.876],[68.238,23.876],[68.238,23.876],[68.239,23.876],[68.239,23.877],[68.24,23.877],[68.24,23.877],[68.24,23.877],[68.24,23.877],[68.241,23.877],[68.241,23.877],[68.241,23.877],[68.241,23.878],[68.242,23.878],[68.242,23.878],[68.242,23.878],[68.242,23.878],[68.243,23.878],[68.243,23.878],[68.243,23.878],[68.243,23.879],[68.243,23.879],[68.243,23.879],[68.243,23.879],[68.243,23.879],[68.244,23.879],[68.244,23.88],[68.244,23.88],[68.244,23.88],[68.245,23.88],[68.245,23.88],[68.245,23.88],[68.245,23.88],[68.248,23.88]]],[[[68.449,23.938],[68.449,23.898],[68.427,23.865],[68.388,23.876],[68.357,23.851],[68.357,23.891],[68.393,23.908],[68.426,23.931],[68.449,23.938]]],[[[68.535,23.946],[68.571,23.923],[68.557,23.885],[68.524,23.862],[68.488,23.879],[68.525,23.892],[68.532,23.932],[68.535,23.946]]],[[[68.526,23.95],[68.526,23.949],[68.526,23.949],[68.526,23.948],[68.526,23.948],[68.526,23.948],[68.525,23.948],[68.525,23.948],[68.525,23.948],[68.525,23.947],[68.525,23.947],[68.525,23.947],[68.524,23.947],[68.524,23.947],[68.524,23.947],[68.524,23.946],[68.523,23.946],[68.523,23.946],[68.523,23.946],[68.523,23.946],[68.523,23.946],[68.523,23.945],[68.522,23.945],[68.522,23.946],[68.521,23.946],[68.521,23.946],[68.521,23.946],[68.521,23.947],[68.52,23.947],[68.52,23.947],[68.52,23.947],[68.52,23.947],[68.519,23.947],[68.519,23.947],[68.519,23.947],[68.519,23.948],[68.518,23.948],[68.518,23.948],[68.518,23.948],[68.518,23.948],[68.518,23.948],[68.518,23.948],[68.517,23.948],[68.517,23.949],[68.516,23.949],[68.516,23.949],[68.515,23.949],[68.515,23.949],[68.515,23.949],[68.515,23.95],[68.526,23.95]]],[[[68.482,23.993],[68.497,23.955],[68.511,23.917],[68.48,23.891],[68.459,23.857],[68.452,23.896],[68.455,23.936],[68.446,23.975],[68.482,23.993]]],[[[68.43,23.995],[68.428,23.955],[68.404,23.923],[68.363,23.914],[68.348,23.876],[68.336,23.836],[68.298,23.822],[68.272,23.792],[68.263,23.752],[68.255,23.713],[68.216,23.702],[68.193,23.735],[68.224,23.76],[68.213,23.799],[68.232,23.835],[68.272,23.835],[68.288,23.872],[68.278,23.911],[68.318,23.916],[68.346,23.945],[68.365,23.98],[68.404,23.972],[68.43,23.995]]],[[[72.102,24.643],[72.146,24.635],[72.186,24.609],[72.23,24.633],[72.274,24.622],[72.315,24.609],[72.251,24.58],[72.285,24.557],[72.332,24.542],[72.374,24.537],[72.391,24.499],[72.436,24.505],[72.437,24.461],[72.461,24.427],[72.501,24.407],[72.501,24.45],[72.542,24.505],[72.582,24.477],[72.639,24.461],[72.685,24.459],[72.693,24.419],[72.717,24.376],[72.773,24.361],[72.815,24.358],[72.868,24.366],[72.91,24.34],[72.962,24.349],[72.964,24.392],[72.989,24.433],[73.007,24.476],[73.051,24.465],[73.084,24.49],[73.107,24.457],[73.097,24.417],[73.119,24.376],[73.155,24.356],[73.201,24.367],[73.186,24.327],[73.145,24.308],[73.116,24.263],[73.101,24.223],[73.083,24.185],[73.113,24.158],[73.147,24.123],[73.187,24.108],[73.214,24.076],[73.223,24.032],[73.264,24.02],[73.307,24.051],[73.335,24.083],[73.361,24.114],[73.385,24.08],[73.414,24.051],[73.411,24.003],[73.419,23.954],[73.396,23.917],[73.371,23.876],[73.372,23.832],[73.361,23.792],[73.409,23.784],[73.451,23.753],[73.477,23.721],[73.51,23.697],[73.501,23.651],[73.527,23.611],[73.571,23.654],[73.619,23.651],[73.661,23.623],[73.651,23.581],[73.637,23.531],[73.641,23.473],[73.682,23.457],[73.717,23.419],[73.751,23.442],[73.794,23.436],[73.837,23.44],[73.857,23.405],[73.879,23.368],[73.914,23.336],[73.944,23.366],[73.983,23.36],[74.024,23.333],[74.044,23.296],[74.09,23.298],[74.13,23.273],[74.139,23.231],[74.123,23.192],[74.155,23.158],[74.194,23.179],[74.237,23.183],[74.272,23.156],[74.288,23.119],[74.31,23.08],[74.328,23.043],[74.355,23.003],[74.342,22.965],[74.366,22.93],[74.4,22.899],[74.436,22.92],[74.466,22.894],[74.472,22.833],[74.439,22.809],[74.431,22.77],[74.403,22.731],[74.394,22.686],[74.384,22.644],[74.344,22.642],[74.299,22.641],[74.256,22.636],[74.23,22.597],[74.199,22.57],[74.168,22.541],[74.133,22.519],[74.093,22.545],[74.05,22.546],[74.035,22.508],[74.079,22.509],[74.078,22.466],[74.105,22.433],[74.141,22.454],[74.183,22.443],[74.224,22.44],[74.264,22.425],[74.294,22.394],[74.253,22.384],[74.217,22.358],[74.191,22.322],[74.144,22.33],[74.116,22.361],[74.072,22.36],[74.067,22.317],[74.065,22.276],[74.092,22.244],[74.123,22.213],[74.125,22.172],[74.127,22.132],[74.156,22.104],[74.163,22.064],[74.132,22.039],[74.098,22.015],[74.142,21.991],[74.114,21.945],[74.072,21.93],[74.023,21.906],[73.98,21.888],[73.936,21.863],[73.88,21.839],[73.828,21.835],[73.836,21.793],[73.846,21.742],[73.878,21.717],[73.898,21.667],[73.86,21.642],[73.809,21.636],[73.825,21.598],[73.834,21.553],[73.85,21.511],[73.897,21.506],[73.934,21.524],[73.973,21.531],[74.019,21.551],[74.059,21.556],[74.1,21.557],[74.14,21.551],[74.179,21.562],[74.203,21.529],[74.238,21.55],[74.278,21.548],[74.319,21.542],[74.33,21.503],[74.298,21.478],[74.259,21.464],[74.219,21.459],[74.178,21.461],[74.137,21.463],[74.098,21.455],[74.067,21.482],[74.054,21.443],[74.023,21.417],[73.985,21.402],[73.955,21.374],[73.952,21.331],[73.934,21.285],[73.892,21.262],[73.832,21.267],[73.823,21.228],[73.832,21.185],[73.791,21.176],[73.742,21.167],[73.698,21.15],[73.636,21.133],[73.614,21.168],[73.629,21.12],[73.679,21.109],[73.736,21.103],[73.742,21.056],[73.776,21.028],[73.812,21.011],[73.854,20.999],[73.899,20.982],[73.895,20.94],[73.923,20.908],[73.932,20.865],[73.948,20.825],[73.941,20.769],[73.928,20.73],[73.886,20.73],[73.864,20.694],[73.823,20.694],[73.847,20.656],[73.838,20.616],[73.793,20.604],[73.748,20.567],[73.701,20.578],[73.662,20.566],[73.632,20.602],[73.607,20.636],[73.567,20.648],[73.53,20.673],[73.49,20.67],[73.483,20.717],[73.455,20.686],[73.419,20.66],[73.431,20.621],[73.469,20.589],[73.482,20.543],[73.474,20.501],[73.449,20.467],[73.431,20.429],[73.398,20.399],[73.422,20.356],[73.429,20.312],[73.424,20.269],[73.426,20.224],[73.389,20.206],[73.348,20.199],[73.298,20.196],[73.294,20.154],[73.263,20.128],[73.221,20.121],[73.196,20.156],[73.228,20.18],[73.191,20.199],[73.15,20.206],[73.133,20.168],[73.09,20.17],[73.064,20.203],[73.102,20.229],[73.137,20.26],[73.172,20.283],[73.152,20.317],[73.113,20.305],[73.116,20.347],[73.075,20.33],[73.046,20.292],[73.004,20.293],[72.957,20.288],[72.941,20.247],[72.975,20.219],[72.928,20.223],[72.884,20.227],[72.846,20.204],[72.829,20.157],[72.802,20.125],[72.762,20.131],[72.742,20.168],[72.748,20.208],[72.743,20.248],[72.755,20.289],[72.775,20.325],[72.805,20.352],[72.843,20.399],[72.839,20.439],[72.861,20.473],[72.885,20.505],[72.885,20.546],[72.898,20.587],[72.887,20.627],[72.872,20.664],[72.86,20.703],[72.851,20.743],[72.837,20.78],[72.825,20.819],[72.811,20.857],[72.794,20.893],[72.794,20.936],[72.755,20.942],[72.74,20.979],[72.73,21.019],[72.753,21.052],[72.719,21.073],[72.706,21.112],[72.699,21.151],[72.66,21.14],[72.658,21.1],[72.624,21.121],[72.621,21.162],[72.619,21.203],[72.652,21.225],[72.612,21.229],[72.598,21.266],[72.593,21.306],[72.617,21.339],[72.638,21.373],[72.652,21.411],[72.682,21.438],[72.652,21.465],[72.669,21.502],[72.7,21.527],[72.739,21.54],[72.699,21.533],[72.659,21.527],[72.635,21.495],[72.617,21.531],[72.605,21.569],[72.623,21.605],[72.658,21.625],[72.693,21.644],[72.733,21.64],[72.774,21.646],[72.813,21.654],[72.774,21.665],[72.742,21.689],[72.703,21.68],[72.662,21.681],[72.622,21.68],[72.582,21.672],[72.544,21.66],[72.514,21.69],[72.53,21.727],[72.546,21.764],[72.557,21.802],[72.545,21.841],[72.518,21.874],[72.505,21.912],[72.503,21.953],[72.507,21.994],[72.519,22.034],[72.526,22.074],[72.537,22.113],[72.548,22.152],[72.568,22.187],[72.599,22.212],[72.64,22.218],[72.675,22.2],[72.713,22.185],[72.752,22.173],[72.779,22.203],[72.799,22.238],[72.839,22.238],[72.878,22.224],[72.912,22.245],[72.867,22.243],[72.853,22.28],[72.815,22.268],[72.782,22.245],[72.744,22.232],[72.696,22.237],[72.665,22.262],[72.632,22.285],[72.593,22.272],[72.561,22.248],[72.534,22.277],[72.52,22.24],[72.493,22.21],[72.471,22.243],[72.449,22.277],[72.421,22.305],[72.409,22.343],[72.395,22.381],[72.386,22.342],[72.38,22.302],[72.416,22.282],[72.415,22.242],[72.401,22.203],[72.376,22.236],[72.356,22.271],[72.363,22.232],[72.38,22.195],[72.378,22.154],[72.361,22.19],[72.357,22.15],[72.317,22.147],[72.313,22.187],[72.31,22.146],[72.312,22.105],[72.306,22.065],[72.295,22.026],[72.286,21.987],[72.279,21.947],[72.26,21.982],[72.259,22.023],[72.265,22.062],[72.304,22.072],[72.275,22.1],[72.254,22.065],[72.231,22.033],[72.192,22.022],[72.23,22.008],[72.222,21.969],[72.192,21.943],[72.16,21.967],[72.188,21.938],[72.228,21.935],[72.25,21.902],[72.255,21.859],[72.259,21.816],[72.263,21.776],[72.228,21.797],[72.201,21.826],[72.226,21.795],[72.246,21.76],[72.26,21.722],[72.28,21.688],[72.297,21.651],[72.295,21.611],[72.272,21.578],[72.264,21.538],[72.253,21.5],[72.236,21.463],[72.214,21.43],[72.185,21.402],[72.16,21.37],[72.134,21.34],[72.112,21.306],[72.075,21.29],[72.087,21.252],[72.112,21.22],[72.087,21.189],[72.053,21.168],[72.017,21.15],[71.979,21.136],[71.943,21.119],[71.903,21.109],[71.869,21.088],[71.832,21.072],[71.796,21.054],[71.765,21.026],[71.724,21.022],[71.687,21.007],[71.648,20.995],[71.617,20.969],[71.58,20.954],[71.54,20.947],[71.511,20.919],[71.478,20.896],[71.444,20.875],[71.404,20.868],[71.367,20.853],[71.327,20.847],[71.291,20.829],[71.253,20.815],[71.211,20.803],[71.176,20.783],[71.145,20.757],[71.105,20.758],[71.071,20.735],[71.03,20.739],[70.992,20.729],[70.949,20.734],[70.905,20.727],[70.866,20.737],[70.863,20.782],[70.896,20.804],[70.85,20.832],[70.82,20.858],[70.865,20.865],[70.9,20.886],[70.892,20.93],[70.862,20.961],[70.822,20.96],[70.779,20.967],[70.742,20.99],[70.722,20.944],[70.703,20.895],[70.684,20.851],[70.678,20.809],[70.677,20.769],[70.636,20.769],[70.597,20.779],[70.56,20.795],[70.523,20.811],[70.488,20.83],[70.452,20.848],[70.419,20.87],[70.387,20.895],[70.351,20.912],[70.317,20.933],[70.283,20.955],[70.252,20.981],[70.22,21.006],[70.187,21.03],[70.157,21.057],[70.128,21.084],[70.096,21.109],[70.068,21.138],[70.04,21.166],[70.012,21.195],[69.984,21.224],[69.957,21.254],[69.931,21.284],[69.904,21.314],[69.878,21.345],[69.851,21.375],[69.825,21.405],[69.798,21.435],[69.772,21.465],[69.744,21.494],[69.717,21.524],[69.733,21.561],[69.765,21.586],[69.747,21.622],[69.71,21.638],[69.699,21.599],[69.669,21.626],[69.633,21.643],[69.666,21.621],[69.695,21.592],[69.717,21.558],[69.677,21.562],[69.649,21.591],[69.621,21.619],[69.585,21.637],[69.553,21.663],[69.523,21.689],[69.494,21.717],[69.465,21.744],[69.432,21.768],[69.403,21.795],[69.377,21.825],[69.343,21.847],[69.312,21.872],[69.281,21.898],[69.252,21.925],[69.223,21.953],[69.197,21.984],[69.168,22.011],[69.14,22.04],[69.113,22.069],[69.087,22.1],[69.057,22.127],[69.031,22.157],[69.003,22.187],[68.978,22.218],[68.953,22.248],[68.943,22.288],[68.941,22.328],[68.957,22.367],[68.977,22.402],[69.002,22.432],[69.035,22.455],[69.067,22.48],[69.054,22.442],[69.062,22.402],[69.102,22.409],[69.142,22.403],[69.177,22.424],[69.2,22.392],[69.174,22.361],[69.164,22.322],[69.18,22.285],[69.212,22.262],[69.252,22.267],[69.291,22.276],[69.325,22.298],[69.353,22.327],[69.397,22.321],[69.437,22.323],[69.476,22.333],[69.5,22.366],[69.516,22.405],[69.553,22.39],[69.583,22.363],[69.575,22.323],[69.605,22.351],[69.645,22.356],[69.664,22.394],[69.693,22.422],[69.711,22.458],[69.744,22.435],[69.778,22.414],[69.818,22.42],[69.803,22.458],[69.839,22.477],[69.867,22.447],[69.902,22.468],[69.923,22.503],[69.953,22.53],[69.99,22.545],[70.03,22.545],[70.07,22.55],[70.112,22.547],[70.154,22.553],[70.184,22.58],[70.199,22.617],[70.228,22.645],[70.245,22.682],[70.254,22.721],[70.287,22.744],[70.307,22.78],[70.328,22.814],[70.344,22.851],[70.366,22.885],[70.395,22.913],[70.426,22.938],[70.442,22.974],[70.467,23.006],[70.483,23.042],[70.449,23.065],[70.415,23.043],[70.395,23.008],[70.394,22.968],[70.367,22.937],[70.327,22.935],[70.287,22.945],[70.255,22.97],[70.216,22.975],[70.183,22.95],[70.143,22.952],[70.129,22.99],[70.152,23.023],[70.125,22.992],[70.12,22.952],[70.113,22.913],[70.073,22.905],[70.033,22.897],[69.993,22.902],[69.954,22.894],[69.919,22.875],[69.878,22.872],[69.838,22.863],[69.8,22.851],[69.768,22.828],[69.746,22.794],[69.721,22.763],[69.682,22.75],[69.645,22.766],[69.605,22.761],[69.566,22.772],[69.529,22.788],[69.488,22.788],[69.447,22.78],[69.413,22.802],[69.376,22.817],[69.336,22.826],[69.296,22.83],[69.256,22.828],[69.213,22.837],[69.176,22.851],[69.14,22.869],[69.106,22.891],[69.072,22.913],[69.037,22.933],[69.001,22.95],[68.965,22.968],[68.93,22.989],[68.896,23.009],[68.862,23.03],[68.827,23.05],[68.792,23.07],[68.754,23.085],[68.723,23.111],[68.69,23.133],[68.655,23.153],[68.631,23.185],[68.599,23.209],[68.638,23.222],[68.604,23.243],[68.644,23.251],[68.63,23.289],[68.67,23.299],[68.71,23.299],[68.75,23.307],[68.709,23.313],[68.67,23.306],[68.633,23.323],[68.615,23.359],[68.584,23.384],[68.561,23.418],[68.531,23.444],[68.503,23.473],[68.498,23.513],[68.494,23.553],[68.487,23.593],[68.489,23.633],[68.519,23.66],[68.542,23.694],[68.569,23.723],[68.602,23.747],[68.636,23.768],[68.658,23.802],[68.695,23.823],[68.734,23.833],[68.75,23.869],[68.712,23.857],[68.672,23.862],[68.64,23.837],[68.601,23.845],[68.573,23.817],[68.553,23.782],[68.523,23.808],[68.549,23.838],[68.569,23.874],[68.602,23.897],[68.642,23.901],[68.613,23.929],[68.572,23.924],[68.538,23.945],[68.686,23.962],[68.749,23.962],[68.76,24.036],[68.761,24.1],[68.762,24.161],[68.763,24.207],[68.764,24.284],[68.805,24.303],[68.836,24.25],[68.848,24.208],[68.886,24.196],[68.913,24.241],[68.947,24.277],[68.971,24.238],[69.014,24.229],[69.07,24.26],[69.115,24.263],[69.156,24.249],[69.2,24.235],[69.236,24.252],[69.275,24.269],[69.331,24.274],[69.382,24.266],[69.432,24.274],[69.484,24.257],[69.528,24.259],[69.58,24.27],[69.67,24.217],[69.702,24.19],[69.741,24.174],[69.825,24.167],[69.866,24.165],[69.906,24.166],[69.979,24.165],[70.019,24.17],[70.059,24.193],[70.088,24.235],[70.11,24.285],[70.15,24.301],[70.191,24.308],[70.231,24.317],[70.271,24.33],[70.326,24.347],[70.37,24.353],[70.46,24.387],[70.532,24.41],[70.575,24.42],[70.611,24.402],[70.594,24.362],[70.58,24.32],[70.583,24.279],[70.597,24.24],[70.655,24.225],[70.726,24.221],[70.791,24.222],[70.834,24.233],[70.883,24.254],[70.888,24.294],[70.921,24.316],[70.956,24.343],[70.995,24.36],[71.034,24.345],[71.075,24.368],[71.121,24.391],[71.119,24.431],[71.076,24.434],[71.029,24.433],[71.012,24.492],[70.998,24.541],[70.999,24.585],[71.017,24.622],[71.061,24.646],[71.099,24.674],[71.147,24.658],[71.197,24.643],[71.238,24.629],[71.287,24.613],[71.322,24.64],[71.362,24.642],[71.4,24.627],[71.445,24.654],[71.488,24.674],[71.537,24.679],[71.577,24.677],[71.618,24.668],[71.651,24.643],[71.716,24.654],[71.758,24.66],[71.799,24.671],[71.813,24.633],[71.856,24.606],[71.863,24.649],[71.904,24.669],[71.928,24.634],[71.979,24.647],[72.001,24.683],[72.041,24.695],[72.085,24.697],[72.085,24.653],[72.102,24.643]]]]}},{"type":"Feature","properties":{"NAME_1":"Haryana","state":"Haryana"},"geometry":{"type":"Polygon","coordinates":[[[76.837,30.879],[76.879,30.886],[76.916,30.869],[76.934,30.832],[76.969,30.808],[76.991,30.773],[77.018,30.74],[77.062,30.746],[77.101,30.732],[77.134,30.702],[77.155,30.668],[77.159,30.614],[77.133,30.578],[77.138,30.539],[77.185,30.526],[77.199,30.485],[77.242,30.485],[77.282,30.462],[77.326,30.463],[77.37,30.446],[77.401,30.419],[77.436,30.451],[77.416,30.413],[77.461,30.405],[77.493,30.433],[77.529,30.414],[77.565,30.385],[77.57,30.337],[77.545,30.294],[77.52,30.26],[77.494,30.227],[77.473,30.189],[77.435,30.17],[77.416,30.133],[77.397,30.096],[77.357,30.084],[77.313,30.061],[77.27,30.048],[77.262,30.007],[77.233,29.974],[77.203,29.931],[77.185,29.895],[77.168,29.846],[77.152,29.808],[77.123,29.778],[77.123,29.736],[77.121,29.692],[77.11,29.647],[77.092,29.609],[77.107,29.566],[77.086,29.528],[77.12,29.497],[77.118,29.456],[77.126,29.411],[77.119,29.362],[77.152,29.339],[77.144,29.296],[77.142,29.252],[77.136,29.207],[77.127,29.163],[77.124,29.113],[77.157,29.078],[77.177,29.036],[77.211,29.011],[77.191,28.962],[77.197,28.921],[77.178,28.886],[77.151,28.848],[77.11,28.866],[77.07,28.88],[77.038,28.853],[76.99,28.839],[76.948,28.818],[76.947,28.774],[76.941,28.717],[76.947,28.677],[76.934,28.638],[76.894,28.633],[76.861,28.603],[76.838,28.557],[76.876,28.528],[76.923,28.519],[76.968,28.528],[77.011,28.518],[77.057,28.514],[77.104,28.497],[77.109,28.457],[77.142,28.436],[77.179,28.412],[77.223,28.419],[77.233,28.459],[77.271,28.497],[77.315,28.495],[77.36,28.498],[77.398,28.471],[77.428,28.444],[77.469,28.418],[77.486,28.38],[77.466,28.341],[77.496,28.307],[77.465,28.277],[77.502,28.258],[77.541,28.248],[77.523,28.207],[77.512,28.165],[77.499,28.123],[77.469,28.086],[77.479,28.044],[77.509,28.018],[77.513,27.977],[77.519,27.932],[77.478,27.94],[77.47,27.895],[77.422,27.894],[77.404,27.858],[77.353,27.856],[77.317,27.833],[77.279,27.812],[77.241,27.79],[77.202,27.813],[77.169,27.785],[77.127,27.776],[77.08,27.8],[77.038,27.82],[77.02,27.78],[77.062,27.766],[77.025,27.747],[76.987,27.729],[76.973,27.68],[76.93,27.672],[76.889,27.693],[76.888,27.737],[76.894,27.779],[76.9,27.821],[76.93,27.855],[76.938,27.896],[76.919,27.941],[76.922,27.986],[76.931,28.031],[76.947,28.071],[76.956,28.112],[76.941,28.151],[76.899,28.179],[76.866,28.212],[76.824,28.215],[76.792,28.183],[76.762,28.15],[76.72,28.132],[76.686,28.107],[76.648,28.092],[76.651,28.044],[76.625,28.01],[76.584,28.0],[76.547,27.971],[76.539,28.012],[76.505,28.035],[76.462,28.045],[76.498,28.065],[76.459,28.085],[76.498,28.107],[76.47,28.139],[76.427,28.146],[76.384,28.14],[76.353,28.166],[76.309,28.183],[76.331,28.139],[76.301,28.106],[76.332,28.077],[76.341,28.036],[76.297,28.026],[76.272,28.066],[76.226,28.055],[76.177,28.059],[76.214,28.04],[76.174,28.022],[76.161,27.98],[76.175,27.941],[76.191,27.903],[76.199,27.86],[76.186,27.819],[76.143,27.828],[76.113,27.859],[76.06,27.857],[76.009,27.863],[75.963,27.865],[75.977,27.909],[75.929,27.917],[75.973,27.958],[75.955,27.994],[75.974,28.037],[76.017,28.056],[75.975,28.057],[75.936,28.094],[75.968,28.119],[75.995,28.151],[76.061,28.17],[76.05,28.21],[76.011,28.242],[75.991,28.295],[75.955,28.319],[75.928,28.356],[75.897,28.39],[75.841,28.397],[75.803,28.414],[75.785,28.451],[75.747,28.469],[75.701,28.495],[75.664,28.521],[75.629,28.546],[75.619,28.589],[75.577,28.617],[75.54,28.649],[75.531,28.717],[75.522,28.756],[75.504,28.797],[75.513,28.837],[75.488,28.898],[75.469,28.938],[75.503,28.961],[75.511,29.003],[75.473,29.02],[75.433,29.022],[75.43,29.065],[75.39,29.068],[75.381,29.111],[75.368,29.15],[75.401,29.189],[75.387,29.229],[75.35,29.247],[75.324,29.29],[75.279,29.277],[75.235,29.252],[75.195,29.244],[75.147,29.246],[75.108,29.227],[75.063,29.239],[75.04,29.287],[74.991,29.272],[74.948,29.288],[74.946,29.333],[74.922,29.366],[74.871,29.385],[74.81,29.398],[74.776,29.36],[74.732,29.354],[74.689,29.365],[74.644,29.354],[74.606,29.328],[74.591,29.371],[74.57,29.406],[74.531,29.425],[74.535,29.465],[74.579,29.459],[74.601,29.504],[74.591,29.543],[74.57,29.586],[74.575,29.627],[74.585,29.675],[74.6,29.713],[74.605,29.753],[74.564,29.755],[74.526,29.741],[74.483,29.744],[74.465,29.788],[74.492,29.827],[74.533,29.839],[74.545,29.881],[74.511,29.904],[74.525,29.952],[74.562,29.929],[74.622,29.908],[74.666,29.942],[74.696,29.972],[74.737,29.969],[74.784,29.98],[74.829,29.969],[74.872,29.959],[74.916,29.949],[74.943,29.903],[74.99,29.856],[75.037,29.882],[75.078,29.912],[75.103,29.877],[75.107,29.827],[75.131,29.785],[75.155,29.82],[75.201,29.83],[75.205,29.79],[75.227,29.756],[75.194,29.725],[75.189,29.681],[75.172,29.639],[75.221,29.607],[75.228,29.559],[75.275,29.561],[75.305,29.588],[75.308,29.633],[75.323,29.672],[75.353,29.704],[75.384,29.734],[75.41,29.775],[75.444,29.808],[75.498,29.778],[75.544,29.772],[75.593,29.749],[75.625,29.773],[75.666,29.773],[75.706,29.809],[75.748,29.812],[75.796,29.807],[75.833,29.791],[75.864,29.752],[75.914,29.739],[75.957,29.732],[76.004,29.751],[76.058,29.773],[76.086,29.81],[76.127,29.805],[76.167,29.818],[76.202,29.845],[76.238,29.865],[76.197,29.884],[76.182,29.923],[76.195,29.966],[76.19,30.006],[76.204,30.045],[76.229,30.079],[76.215,30.117],[76.202,30.157],[76.235,30.134],[76.272,30.114],[76.313,30.109],[76.349,30.128],[76.39,30.128],[76.389,30.174],[76.429,30.18],[76.436,30.137],[76.462,30.099],[76.501,30.077],[76.555,30.099],[76.592,30.08],[76.625,30.102],[76.623,30.145],[76.639,30.185],[76.609,30.213],[76.59,30.254],[76.548,30.234],[76.581,30.27],[76.62,30.288],[76.662,30.3],[76.698,30.325],[76.735,30.354],[76.705,30.381],[76.725,30.42],[76.763,30.44],[76.797,30.415],[76.84,30.421],[76.874,30.391],[76.917,30.383],[76.904,30.425],[76.898,30.468],[76.918,30.507],[76.888,30.538],[76.904,30.575],[76.9,30.62],[76.862,30.64],[76.83,30.665],[76.828,30.706],[76.828,30.764],[76.834,30.805],[76.807,30.84],[76.773,30.871],[76.799,30.925],[76.823,30.888],[76.837,30.879]]]}},{"type":"Feature","properties":{"NAME_1":"Himachal Pradesh","state":"Himachal Pradesh"},"geometry":{"type":"Polygon","coordinates":[[[76.803,33.237],[76.803,33.194],[76.809,33.149],[76.839,33.115],[76.885,33.097],[76.91,33.05],[76.948,33.018],[76.987,32.996],[77.035,33.0],[77.072,32.976],[77.112,32.984],[77.146,32.956],[77.146,32.914],[77.189,32.91],[77.228,32.896],[77.27,32.866],[77.313,32.846],[77.348,32.821],[77.36,32.86],[77.395,32.887],[77.432,32.87],[77.473,32.879],[77.52,32.887],[77.554,32.913],[77.584,32.944],[77.638,32.956],[77.665,32.986],[77.704,32.966],[77.745,32.946],[77.778,32.916],[77.761,32.865],[77.799,32.846],[77.848,32.828],[77.867,32.79],[77.903,32.773],[77.916,32.734],[77.903,32.693],[77.932,32.656],[77.959,32.621],[77.983,32.587],[78.027,32.589],[78.032,32.628],[78.073,32.644],[78.116,32.642],[78.144,32.677],[78.184,32.664],[78.225,32.676],[78.259,32.703],[78.299,32.72],[78.345,32.763],[78.375,32.723],[78.363,32.672],[78.376,32.63],[78.341,32.593],[78.302,32.579],[78.299,32.529],[78.306,32.478],[78.356,32.513],[78.394,32.529],[78.432,32.51],[78.436,32.466],[78.468,32.442],[78.512,32.424],[78.494,32.377],[78.463,32.35],[78.467,32.292],[78.447,32.257],[78.502,32.246],[78.543,32.249],[78.593,32.219],[78.59,32.174],[78.594,32.132],[78.64,32.112],[78.674,32.069],[78.705,32.034],[78.737,32.004],[78.761,31.964],[78.745,31.925],[78.727,31.889],[78.723,31.847],[78.695,31.817],[78.701,31.775],[78.714,31.737],[78.732,31.698],[78.771,31.688],[78.792,31.652],[78.827,31.628],[78.811,31.589],[78.768,31.566],[78.73,31.544],[78.716,31.504],[78.755,31.481],[78.792,31.455],[78.784,31.413],[78.817,31.388],[78.84,31.354],[78.853,31.316],[78.878,31.273],[78.91,31.234],[78.942,31.201],[78.975,31.178],[78.989,31.137],[78.956,31.111],[78.913,31.116],[78.871,31.107],[78.838,31.131],[78.81,31.164],[78.795,31.205],[78.749,31.194],[78.707,31.195],[78.666,31.202],[78.628,31.222],[78.584,31.234],[78.537,31.207],[78.487,31.204],[78.444,31.244],[78.398,31.248],[78.369,31.288],[78.327,31.288],[78.288,31.264],[78.25,31.251],[78.207,31.237],[78.166,31.231],[78.119,31.214],[78.08,31.191],[78.04,31.188],[78.014,31.155],[77.969,31.165],[77.915,31.157],[77.879,31.132],[77.85,31.095],[77.82,31.065],[77.821,31.021],[77.806,30.983],[77.764,30.977],[77.733,30.95],[77.763,30.92],[77.784,30.882],[77.742,30.878],[77.744,30.836],[77.718,30.805],[77.693,30.771],[77.715,30.738],[77.736,30.702],[77.763,30.668],[77.771,30.628],[77.735,30.608],[77.754,30.57],[77.795,30.561],[77.804,30.52],[77.763,30.5],[77.721,30.478],[77.682,30.458],[77.64,30.452],[77.59,30.434],[77.563,30.404],[77.518,30.431],[77.478,30.413],[77.435,30.404],[77.453,30.44],[77.408,30.428],[77.37,30.446],[77.333,30.464],[77.282,30.462],[77.242,30.485],[77.199,30.485],[77.185,30.526],[77.146,30.538],[77.114,30.562],[77.147,30.589],[77.16,30.631],[77.154,30.677],[77.125,30.707],[77.091,30.736],[77.047,30.749],[77.006,30.75],[77.0,30.789],[76.962,30.809],[76.928,30.837],[76.907,30.891],[76.862,30.874],[76.823,30.888],[76.813,30.927],[76.77,30.906],[76.726,30.939],[76.698,30.969],[76.653,30.982],[76.612,31.002],[76.602,31.044],[76.608,31.084],[76.597,31.126],[76.592,31.172],[76.619,31.204],[76.581,31.216],[76.602,31.251],[76.571,31.28],[76.535,31.255],[76.498,31.273],[76.472,31.307],[76.431,31.283],[76.428,31.325],[76.399,31.365],[76.382,31.411],[76.335,31.404],[76.331,31.359],[76.302,31.326],[76.261,31.306],[76.215,31.308],[76.173,31.307],[76.158,31.347],[76.134,31.383],[76.147,31.426],[76.121,31.461],[76.104,31.502],[76.084,31.537],[76.052,31.582],[76.023,31.615],[76.004,31.657],[75.976,31.695],[75.961,31.737],[75.945,31.781],[75.922,31.817],[75.967,31.815],[75.944,31.858],[75.913,31.917],[75.878,31.962],[75.836,31.982],[75.795,31.989],[75.762,32.014],[75.723,32.036],[75.69,32.062],[75.649,32.077],[75.61,32.069],[75.631,32.119],[75.662,32.165],[75.62,32.185],[75.622,32.23],[75.655,32.256],[75.705,32.267],[75.752,32.284],[75.783,32.322],[75.814,32.351],[75.844,32.379],[75.911,32.409],[75.895,32.462],[75.855,32.5],[75.87,32.559],[75.905,32.615],[75.925,32.654],[75.897,32.691],[75.914,32.742],[75.886,32.795],[75.855,32.826],[75.816,32.847],[75.79,32.881],[75.803,32.924],[75.85,32.931],[75.9,32.916],[75.934,32.884],[75.983,32.9],[76.021,32.924],[76.054,32.951],[76.091,32.993],[76.128,33.01],[76.188,33.028],[76.229,33.03],[76.268,33.086],[76.292,33.12],[76.336,33.146],[76.374,33.173],[76.422,33.182],[76.466,33.18],[76.506,33.196],[76.547,33.21],[76.584,33.193],[76.627,33.162],[76.669,33.173],[76.714,33.177],[76.746,33.204],[76.758,33.243],[76.803,33.237]]]}},{"type":"Feature","properties":{"NAME_1":"Jammu and Kashmir","state":"Jammu and Kashmir"},"geometry":{"type":"Polygon","coordinates":[[[77.9,35.428],[77.944,35.463],[77.991,35.487],[78.045,35.491],[78.088,35.491],[78.08,35.448],[78.032,35.423],[77.997,35.394],[77.992,35.349],[78.002,35.298],[78.018,35.25],[78.043,35.202],[78.077,35.173],[78.116,35.145],[78.098,35.098],[78.095,35.057],[78.115,35.015],[78.133,34.971],[78.167,34.912],[78.188,34.863],[78.207,34.766],[78.232,34.717],[78.266,34.679],[78.307,34.661],[78.387,34.652],[78.409,34.613],[78.459,34.603],[78.512,34.609],[78.558,34.615],[78.611,34.583],[78.638,34.552],[78.681,34.516],[78.73,34.497],[78.763,34.46],[78.799,34.433],[78.837,34.407],[78.876,34.395],[78.915,34.379],[78.961,34.346],[78.99,34.318],[78.985,34.268],[78.956,34.218],[78.91,34.181],[78.871,34.157],[78.815,34.133],[78.774,34.115],[78.729,34.096],[78.706,34.059],[78.76,34.036],[78.743,33.987],[78.716,33.949],[78.717,33.89],[78.742,33.84],[78.775,33.801],[78.775,33.746],[78.737,33.709],[78.709,33.68],[78.727,33.623],[78.758,33.571],[78.784,33.533],[78.819,33.489],[78.87,33.44],[78.921,33.399],[78.955,33.374],[78.989,33.347],[79.034,33.314],[79.071,33.291],[79.067,33.25],[79.113,33.211],[79.157,33.198],[79.206,33.194],[79.315,33.189],[79.356,33.19],[79.399,33.187],[79.415,33.148],[79.397,33.109],[79.374,33.073],[79.355,33.031],[79.351,32.989],[79.381,32.94],[79.419,32.911],[79.454,32.88],[79.465,32.817],[79.496,32.784],[79.533,32.76],[79.555,32.71],[79.558,32.631],[79.524,32.596],[79.478,32.593],[79.436,32.58],[79.362,32.538],[79.32,32.491],[79.27,32.518],[79.223,32.516],[79.183,32.501],[79.129,32.466],[79.122,32.423],[79.109,32.383],[79.068,32.385],[79.025,32.367],[78.983,32.346],[78.924,32.363],[78.888,32.392],[78.857,32.419],[78.82,32.437],[78.781,32.475],[78.776,32.516],[78.767,32.555],[78.78,32.598],[78.768,32.663],[78.742,32.696],[78.664,32.656],[78.632,32.611],[78.587,32.608],[78.545,32.612],[78.509,32.595],[78.472,32.578],[78.412,32.556],[78.417,32.515],[78.377,32.526],[78.31,32.476],[78.279,32.508],[78.297,32.578],[78.341,32.593],[78.377,32.615],[78.363,32.672],[78.378,32.719],[78.373,32.76],[78.314,32.749],[78.296,32.713],[78.237,32.695],[78.202,32.665],[78.158,32.679],[78.127,32.649],[78.079,32.653],[78.044,32.629],[78.027,32.589],[77.987,32.588],[77.959,32.621],[77.932,32.656],[77.903,32.693],[77.918,32.731],[77.909,32.772],[77.867,32.79],[77.848,32.828],[77.808,32.836],[77.768,32.858],[77.793,32.898],[77.76,32.927],[77.727,32.958],[77.691,32.979],[77.653,32.959],[77.613,32.941],[77.57,32.922],[77.527,32.892],[77.485,32.887],[77.448,32.862],[77.41,32.878],[77.371,32.867],[77.356,32.825],[77.317,32.83],[77.281,32.856],[77.239,32.865],[77.205,32.906],[77.167,32.928],[77.136,32.958],[77.103,32.987],[77.058,32.986],[77.011,32.993],[76.967,33.007],[76.924,33.029],[76.9,33.064],[76.877,33.107],[76.834,33.121],[76.803,33.156],[76.819,33.206],[76.828,33.246],[76.785,33.254],[76.756,33.22],[76.731,33.185],[76.685,33.174],[76.641,33.165],[76.6,33.174],[76.568,33.207],[76.52,33.2],[76.469,33.18],[76.422,33.182],[76.38,33.176],[76.336,33.146],[76.292,33.12],[76.268,33.086],[76.237,33.033],[76.188,33.028],[76.144,33.016],[76.094,33.005],[76.078,32.966],[76.043,32.94],[76.005,32.914],[75.946,32.885],[75.9,32.916],[75.85,32.931],[75.808,32.93],[75.79,32.894],[75.806,32.856],[75.855,32.826],[75.886,32.795],[75.912,32.757],[75.905,32.709],[75.915,32.666],[75.908,32.619],[75.873,32.576],[75.838,32.538],[75.816,32.499],[75.779,32.475],[75.735,32.455],[75.712,32.418],[75.663,32.394],[75.593,32.382],[75.545,32.361],[75.516,32.298],[75.471,32.315],[75.433,32.327],[75.386,32.328],[75.345,32.339],[75.289,32.358],[75.253,32.38],[75.2,32.402],[75.16,32.417],[75.121,32.441],[75.083,32.48],[75.037,32.492],[75.002,32.463],[74.949,32.454],[74.9,32.466],[74.862,32.489],[74.819,32.496],[74.761,32.482],[74.721,32.482],[74.682,32.502],[74.662,32.551],[74.643,32.596],[74.658,32.637],[74.662,32.68],[74.662,32.755],[74.688,32.796],[74.697,32.84],[74.642,32.823],[74.633,32.778],[74.594,32.757],[74.543,32.745],[74.503,32.76],[74.466,32.781],[74.445,32.826],[74.429,32.88],[74.389,32.908],[74.348,32.908],[74.321,32.941],[74.353,32.983],[74.338,33.026],[74.283,33.043],[74.242,33.047],[74.199,33.047],[74.176,33.107],[74.145,33.135],[74.112,33.164],[74.056,33.187],[74.014,33.198],[74.011,33.238],[74.048,33.264],[74.088,33.263],[74.167,33.344],[74.185,33.384],[74.179,33.426],[74.186,33.466],[74.158,33.502],[74.123,33.543],[74.088,33.573],[74.045,33.566],[74.015,33.598],[73.976,33.694],[73.966,33.74],[74.024,33.772],[74.049,33.809],[74.09,33.826],[74.143,33.83],[74.192,33.851],[74.246,33.895],[74.264,33.943],[74.249,34.014],[74.215,34.039],[74.161,34.039],[74.124,34.055],[74.087,34.038],[74.044,34.03],[74.0,34.03],[73.909,34.033],[73.886,34.075],[73.904,34.122],[73.945,34.17],[73.977,34.212],[73.976,34.265],[73.941,34.302],[73.92,34.342],[73.879,34.354],[73.842,34.338],[73.773,34.35],[73.777,34.416],[73.855,34.473],[73.899,34.496],[73.895,34.547],[73.948,34.573],[73.927,34.646],[73.96,34.697],[74.0,34.708],[74.042,34.687],[74.087,34.694],[74.133,34.69],[74.175,34.717],[74.211,34.74],[74.27,34.763],[74.303,34.798],[74.346,34.79],[74.474,34.791],[74.515,34.775],[74.561,34.774],[74.612,34.746],[74.648,34.723],[74.703,34.693],[74.763,34.684],[74.836,34.678],[74.89,34.684],[74.947,34.666],[74.998,34.651],[75.042,34.641],[75.085,34.655],[75.142,34.662],[75.207,34.646],[75.25,34.647],[75.279,34.602],[75.335,34.572],[75.378,34.552],[75.465,34.543],[75.506,34.537],[75.552,34.538],[75.592,34.54],[75.644,34.534],[75.692,34.522],[75.749,34.516],[75.793,34.534],[75.841,34.573],[75.881,34.591],[75.932,34.624],[75.983,34.629],[76.025,34.664],[76.074,34.676],[76.122,34.647],[76.193,34.655],[76.234,34.673],[76.275,34.694],[76.302,34.724],[76.351,34.735],[76.41,34.752],[76.469,34.792],[76.514,34.784],[76.562,34.758],[76.618,34.756],[76.672,34.757],[76.706,34.801],[76.738,34.831],[76.739,34.902],[76.764,34.933],[76.804,34.934],[76.848,34.958],[76.898,34.964],[76.95,34.941],[76.997,34.939],[77.011,35.0],[77.027,35.041],[77.068,35.024],[77.11,35.039],[77.157,35.055],[77.195,35.079],[77.281,35.138],[77.379,35.198],[77.419,35.22],[77.485,35.267],[77.54,35.298],[77.585,35.324],[77.651,35.367],[77.736,35.434],[77.775,35.46],[77.815,35.485],[77.863,35.459],[77.9,35.428]]]}},{"type":"Feature","properties":{"NAME_1":"Jharkhand","state":"Jharkhand"},"geometry":{"type":"Polygon","coordinates":[[[87.6,25.315],[87.652,25.307],[87.693,25.303],[87.707,25.26],[87.763,25.249],[87.785,25.209],[87.773,25.16],[87.77,25.115],[87.793,25.076],[87.835,25.057],[87.877,25.028],[87.906,24.986],[87.939,24.956],[87.97,24.924],[87.967,24.881],[87.929,24.866],[87.889,24.853],[87.868,24.818],[87.867,24.776],[87.826,24.769],[87.852,24.735],[87.891,24.723],[87.889,24.682],[87.908,24.642],[87.877,24.616],[87.909,24.591],[87.877,24.561],[87.835,24.556],[87.799,24.578],[87.798,24.535],[87.794,24.494],[87.817,24.459],[87.79,24.429],[87.798,24.386],[87.773,24.349],[87.758,24.308],[87.724,24.287],[87.693,24.257],[87.657,24.235],[87.675,24.195],[87.694,24.159],[87.651,24.155],[87.61,24.165],[87.569,24.156],[87.605,24.132],[87.569,24.107],[87.531,24.095],[87.497,24.116],[87.503,24.075],[87.509,24.035],[87.473,24.011],[87.445,23.981],[87.4,23.994],[87.36,24.007],[87.32,23.999],[87.29,24.03],[87.249,24.04],[87.245,23.999],[87.269,23.965],[87.288,23.926],[87.286,23.884],[87.252,23.91],[87.245,23.868],[87.246,23.828],[87.207,23.853],[87.167,23.86],[87.166,23.82],[87.134,23.796],[87.096,23.809],[87.034,23.837],[86.995,23.854],[86.951,23.846],[86.907,23.88],[86.88,23.842],[86.844,23.822],[86.804,23.831],[86.808,23.788],[86.816,23.745],[86.794,23.706],[86.759,23.678],[86.711,23.697],[86.669,23.686],[86.624,23.673],[86.583,23.659],[86.537,23.635],[86.481,23.635],[86.44,23.63],[86.41,23.598],[86.378,23.569],[86.359,23.534],[86.359,23.49],[86.34,23.452],[86.3,23.444],[86.258,23.438],[86.232,23.471],[86.192,23.464],[86.153,23.477],[86.155,23.519],[86.146,23.559],[86.105,23.572],[86.065,23.581],[86.025,23.572],[86.025,23.532],[86.052,23.499],[86.01,23.483],[85.968,23.465],[85.918,23.462],[85.878,23.476],[85.861,23.428],[85.885,23.387],[85.872,23.33],[85.852,23.294],[85.826,23.263],[85.832,23.218],[85.877,23.173],[85.907,23.142],[85.947,23.131],[85.99,23.146],[86.032,23.145],[86.059,23.106],[86.097,23.092],[86.137,23.083],[86.15,23.041],[86.178,23.012],[86.217,22.992],[86.261,22.996],[86.298,23.013],[86.332,22.989],[86.38,22.991],[86.432,22.99],[86.475,22.986],[86.512,22.966],[86.485,22.934],[86.437,22.927],[86.463,22.897],[86.447,22.859],[86.422,22.809],[86.429,22.768],[86.466,22.746],[86.497,22.715],[86.539,22.721],[86.574,22.695],[86.61,22.677],[86.637,22.631],[86.648,22.592],[86.706,22.58],[86.756,22.574],[86.784,22.544],[86.799,22.499],[86.761,22.479],[86.758,22.436],[86.805,22.416],[86.844,22.396],[86.829,22.342],[86.863,22.304],[86.888,22.27],[86.841,22.257],[86.802,22.242],[86.77,22.215],[86.725,22.214],[86.682,22.22],[86.647,22.25],[86.616,22.276],[86.578,22.298],[86.532,22.298],[86.501,22.331],[86.46,22.326],[86.424,22.306],[86.376,22.337],[86.339,22.366],[86.31,22.397],[86.28,22.446],[86.228,22.45],[86.174,22.476],[86.12,22.486],[86.078,22.53],[86.047,22.558],[86.022,22.521],[85.981,22.51],[85.958,22.476],[85.982,22.429],[86.014,22.404],[86.017,22.362],[86.006,22.316],[85.998,22.275],[85.97,22.243],[86.017,22.199],[86.011,22.158],[85.996,22.121],[85.979,22.083],[85.958,22.043],[85.925,22.017],[85.907,21.981],[85.847,21.977],[85.805,21.98],[85.761,21.99],[85.776,22.028],[85.785,22.072],[85.831,22.077],[85.802,22.111],[85.765,22.088],[85.722,22.058],[85.682,22.049],[85.65,22.081],[85.609,22.079],[85.566,22.087],[85.524,22.103],[85.486,22.116],[85.436,22.144],[85.394,22.159],[85.358,22.138],[85.315,22.116],[85.281,22.088],[85.26,22.053],[85.241,22.013],[85.211,22.043],[85.177,22.067],[85.135,22.071],[85.099,22.096],[85.044,22.111],[85.009,22.091],[85.031,22.137],[85.048,22.174],[85.063,22.216],[85.07,22.26],[85.105,22.291],[85.093,22.341],[85.081,22.395],[85.063,22.436],[85.062,22.478],[85.022,22.467],[84.978,22.451],[84.931,22.44],[84.894,22.418],[84.855,22.432],[84.813,22.432],[84.753,22.442],[84.711,22.414],[84.669,22.416],[84.626,22.428],[84.572,22.423],[84.527,22.42],[84.481,22.406],[84.448,22.379],[84.419,22.351],[84.378,22.346],[84.334,22.343],[84.289,22.337],[84.251,22.37],[84.194,22.372],[84.152,22.401],[84.133,22.445],[84.102,22.477],[84.067,22.498],[84.025,22.516],[84.004,22.555],[84.034,22.591],[84.08,22.637],[84.132,22.636],[84.18,22.65],[84.221,22.669],[84.228,22.723],[84.252,22.758],[84.287,22.777],[84.313,22.81],[84.329,22.86],[84.37,22.865],[84.376,22.909],[84.378,22.952],[84.344,22.974],[84.289,22.962],[84.242,22.973],[84.201,22.999],[84.168,22.971],[84.138,22.998],[84.124,23.037],[84.131,23.077],[84.097,23.105],[84.056,23.121],[84.029,23.154],[84.051,23.19],[84.054,23.234],[84.059,23.274],[84.07,23.33],[84.047,23.364],[84.007,23.353],[83.967,23.374],[83.978,23.414],[83.97,23.455],[83.997,23.493],[84.023,23.544],[84.024,23.588],[84.002,23.623],[83.949,23.624],[83.935,23.563],[83.89,23.576],[83.846,23.581],[83.8,23.583],[83.768,23.609],[83.745,23.646],[83.715,23.683],[83.732,23.724],[83.712,23.772],[83.699,23.816],[83.658,23.828],[83.611,23.853],[83.572,23.863],[83.543,23.898],[83.534,23.942],[83.508,23.979],[83.51,24.025],[83.468,24.041],[83.431,24.058],[83.392,24.095],[83.346,24.097],[83.35,24.137],[83.369,24.181],[83.379,24.22],[83.402,24.266],[83.381,24.3],[83.403,24.337],[83.441,24.361],[83.43,24.404],[83.401,24.437],[83.393,24.48],[83.426,24.513],[83.481,24.524],[83.524,24.526],[83.571,24.517],[83.645,24.516],[83.696,24.511],[83.749,24.511],[83.788,24.527],[83.841,24.535],[83.903,24.542],[83.948,24.567],[83.979,24.615],[84.02,24.627],[84.053,24.595],[84.074,24.558],[84.087,24.515],[84.11,24.481],[84.137,24.518],[84.179,24.51],[84.188,24.555],[84.235,24.553],[84.278,24.547],[84.313,24.527],[84.308,24.487],[84.33,24.431],[84.347,24.392],[84.385,24.379],[84.423,24.359],[84.462,24.318],[84.494,24.287],[84.514,24.324],[84.528,24.365],[84.566,24.384],[84.613,24.401],[84.658,24.394],[84.674,24.441],[84.707,24.472],[84.742,24.496],[84.784,24.518],[84.833,24.511],[84.827,24.47],[84.867,24.467],[84.878,24.423],[84.901,24.382],[84.948,24.372],[84.99,24.412],[85.032,24.425],[85.076,24.44],[85.071,24.4],[85.115,24.409],[85.155,24.418],[85.149,24.459],[85.191,24.469],[85.235,24.48],[85.282,24.497],[85.313,24.527],[85.361,24.53],[85.403,24.545],[85.447,24.54],[85.486,24.551],[85.518,24.525],[85.538,24.561],[85.565,24.597],[85.608,24.591],[85.665,24.582],[85.669,24.631],[85.66,24.67],[85.687,24.701],[85.705,24.74],[85.71,24.781],[85.733,24.816],[85.777,24.799],[85.818,24.807],[85.864,24.805],[85.902,24.77],[85.943,24.734],[86.0,24.751],[86.034,24.776],[86.087,24.746],[86.116,24.719],[86.132,24.68],[86.118,24.642],[86.133,24.604],[86.195,24.585],[86.239,24.597],[86.273,24.576],[86.312,24.586],[86.308,24.541],[86.303,24.498],[86.279,24.462],[86.316,24.444],[86.363,24.427],[86.399,24.4],[86.431,24.376],[86.467,24.395],[86.488,24.434],[86.489,24.474],[86.506,24.518],[86.547,24.535],[86.578,24.568],[86.603,24.605],[86.634,24.577],[86.678,24.566],[86.719,24.578],[86.751,24.618],[86.787,24.599],[86.809,24.564],[86.855,24.55],[86.898,24.55],[86.901,24.592],[86.929,24.626],[86.971,24.63],[87.01,24.606],[87.05,24.607],[87.051,24.649],[87.067,24.688],[87.082,24.727],[87.083,24.768],[87.081,24.81],[87.105,24.844],[87.145,24.859],[87.154,24.9],[87.149,24.942],[87.153,24.983],[87.147,25.024],[87.173,25.056],[87.208,25.083],[87.245,25.099],[87.286,25.091],[87.298,25.135],[87.316,25.186],[87.348,25.213],[87.386,25.226],[87.455,25.198],[87.473,25.241],[87.494,25.275],[87.536,25.28],[87.544,25.323],[87.579,25.344],[87.6,25.315]]]}},{"type":"Feature","properties":{"NAME_1":"Karnataka","state":"Karnataka"},"geometry":{"type":"MultiPolygon","coordinates":[[[[74.671,13.2],[74.671,13.2],[74.672,13.2],[74.672,13.199],[74.672,13.199],[74.672,13.199],[74.673,13.199],[74.673,13.199],[74.673,13.199],[74.673,13.198],[74.673,13.198],[74.673,13.197],[74.673,13.197],[74.673,13.197],[74.674,13.197],[74.674,13.198],[74.674,13.198],[74.674,13.198],[74.674,13.198],[74.674,13.197],[74.675,13.197],[74.675,13.197],[74.675,13.197],[74.675,13.196],[74.675,13.196],[74.675,13.196],[74.675,13.196],[74.675,13.195],[74.676,13.195],[74.676,13.195],[74.676,13.195],[74.676,13.195],[74.676,13.195],[74.676,13.194],[74.677,13.194],[74.677,13.193],[74.676,13.193],[74.676,13.192],[74.676,13.192],[74.676,13.192],[74.676,13.192],[74.676,13.192],[74.675,13.192],[74.675,13.193],[74.675,13.193],[74.675,13.193],[74.675,13.193],[74.675,13.193],[74.675,13.193],[74.675,13.194],[74.674,13.194],[74.674,13.194],[74.674,13.194],[74.674,13.195],[74.674,13.195],[74.674,13.195],[74.673,13.195],[74.673,13.196],[74.672,13.196],[74.672,13.196],[74.672,13.196],[74.672,13.197],[74.672,13.197],[74.672,13.197],[74.671,13.197],[74.671,13.197],[74.671,13.197],[74.671,13.198],[74.671,13.198],[74.671,13.198],[74.67,13.198],[74.67,13.198],[74.67,13.198],[74.67,13.199],[74.67,13.199],[74.67,13.2],[74.67,13.2],[74.67,13.2],[74.671,13.2]]],[[[74.728,13.283],[74.728,13.283],[74.729,13.283],[74.729,13.282],[74.728,13.282],[74.728,13.282],[74.728,13.282],[74.728,13.282],[74.728,13.282],[74.728,13.281],[74.727,13.281],[74.727,13.281],[74.728,13.281],[74.728,13.28],[74.728,13.28],[74.728,13.28],[74.728,13.28],[74.728,13.279],[74.728,13.279],[74.728,13.278],[74.727,13.278],[74.727,13.279],[74.727,13.279],[74.727,13.279],[74.727,13.279],[74.727,13.279],[74.726,13.279],[74.726,13.28],[74.726,13.28],[74.726,13.28],[74.725,13.28],[74.725,13.28],[74.725,13.28],[74.725,13.28],[74.726,13.28],[74.726,13.281],[74.726,13.281],[74.726,13.281],[74.726,13.281],[74.726,13.281],[74.727,13.281],[74.727,13.282],[74.727,13.282],[74.727,13.282],[74.727,13.282],[74.727,13.282],[74.727,13.282],[74.727,13.282],[74.727,13.283],[74.728,13.283],[74.728,13.283],[74.728,13.283]]],[[[74.7,13.284],[74.7,13.283],[74.701,13.283],[74.701,13.283],[74.701,13.283],[74.701,13.283],[74.701,13.283],[74.701,13.279],[74.701,13.279],[74.701,13.279],[74.699,13.279],[74.699,13.279],[74.699,13.279],[74.699,13.28],[74.699,13.28],[74.699,13.282],[74.7,13.282],[74.7,13.282],[74.699,13.282],[74.699,13.283],[74.7,13.283],[74.7,13.284],[74.7,13.284],[74.7,13.284],[74.7,13.284]]],[[[74.724,13.29],[74.724,13.289],[74.724,13.289],[74.724,13.289],[74.725,13.289],[74.725,13.289],[74.725,13.289],[74.725,13.288],[74.726,13.288],[74.726,13.288],[74.726,13.288],[74.726,13.288],[74.727,13.288],[74.727,13.288],[74.727,13.288],[74.727,13.287],[74.728,13.287],[74.728,13.287],[74.728,13.287],[74.728,13.287],[74.728,13.287],[74.728,13.287],[74.728,13.286],[74.728,13.286],[74.728,13.286],[74.728,13.286],[74.727,13.286],[74.727,13.285],[74.726,13.285],[74.726,13.285],[74.725,13.285],[74.725,13.285],[74.725,13.285],[74.725,13.285],[74.725,13.285],[74.725,13.285],[74.724,13.285],[74.724,13.286],[74.724,13.286],[74.724,13.286],[74.724,13.286],[74.724,13.287],[74.723,13.287],[74.723,13.287],[74.723,13.287],[74.723,13.287],[74.723,13.287],[74.723,13.287],[74.723,13.287],[74.723,13.288],[74.722,13.288],[74.722,13.289],[74.723,13.289],[74.723,13.289],[74.723,13.29],[74.724,13.29]]],[[[74.691,13.334],[74.691,13.334],[74.691,13.334],[74.691,13.333],[74.691,13.333],[74.691,13.333],[74.692,13.333],[74.692,13.332],[74.692,13.332],[74.692,13.332],[74.692,13.332],[74.692,13.332],[74.692,13.332],[74.692,13.332],[74.692,13.331],[74.69,13.331],[74.69,13.333],[74.69,13.334],[74.69,13.334],[74.69,13.334],[74.691,13.334]]],[[[74.689,13.341],[74.689,13.339],[74.689,13.339],[74.689,13.339],[74.69,13.339],[74.69,13.338],[74.69,13.338],[74.69,13.337],[74.69,13.335],[74.689,13.335],[74.689,13.335],[74.689,13.335],[74.688,13.335],[74.688,13.336],[74.688,13.336],[74.688,13.336],[74.688,13.336],[74.688,13.337],[74.688,13.337],[74.688,13.337],[74.687,13.337],[74.687,13.337],[74.686,13.337],[74.686,13.337],[74.686,13.337],[74.686,13.337],[74.687,13.337],[74.687,13.338],[74.687,13.338],[74.687,13.339],[74.687,13.339],[74.687,13.34],[74.687,13.34],[74.687,13.341],[74.688,13.341],[74.688,13.341],[74.689,13.341]]],[[[74.683,13.348],[74.683,13.348],[74.683,13.348],[74.683,13.348],[74.683,13.348],[74.683,13.347],[74.683,13.347],[74.683,13.347],[74.684,13.347],[74.684,13.346],[74.684,13.346],[74.684,13.346],[74.684,13.345],[74.685,13.345],[74.685,13.345],[74.685,13.345],[74.685,13.345],[74.685,13.345],[74.685,13.344],[74.686,13.344],[74.686,13.344],[74.686,13.344],[74.686,13.343],[74.686,13.343],[74.686,13.343],[74.687,13.343],[74.687,13.343],[74.687,13.343],[74.687,13.342],[74.687,13.342],[74.687,13.342],[74.687,13.342],[74.687,13.342],[74.687,13.342],[74.687,13.341],[74.687,13.341],[74.687,13.341],[74.686,13.341],[74.686,13.341],[74.685,13.341],[74.685,13.342],[74.685,13.342],[74.685,13.342],[74.684,13.342],[74.684,13.343],[74.683,13.343],[74.683,13.343],[74.683,13.343],[74.682,13.343],[74.682,13.343],[74.682,13.343],[74.682,13.344],[74.682,13.344],[74.682,13.344],[74.681,13.344],[74.681,13.345],[74.681,13.345],[74.681,13.345],[74.682,13.345],[74.682,13.345],[74.682,13.345],[74.682,13.346],[74.682,13.346],[74.682,13.347],[74.682,13.347],[74.682,13.348],[74.683,13.348]]],[[[74.672,13.383],[74.672,13.383],[74.672,13.383],[74.672,13.383],[74.672,13.383],[74.672,13.382],[74.672,13.382],[74.672,13.382],[74.673,13.382],[74.673,13.382],[74.673,13.382],[74.674,13.382],[74.674,13.382],[74.674,13.382],[74.674,13.382],[74.674,13.382],[74.674,13.381],[74.674,13.381],[74.674,13.381],[74.675,13.381],[74.675,13.381],[74.675,13.381],[74.675,13.38],[74.675,13.378],[74.675,13.378],[74.675,13.377],[74.675,13.377],[74.675,13.377],[74.675,13.377],[74.675,13.376],[74.673,13.376],[74.673,13.376],[74.673,13.376],[74.673,13.377],[74.673,13.377],[74.673,13.377],[74.673,13.377],[74.673,13.377],[74.672,13.377],[74.672,13.377],[74.672,13.377],[74.672,13.378],[74.672,13.378],[74.672,13.378],[74.672,13.378],[74.672,13.379],[74.671,13.379],[74.671,13.379],[74.671,13.379],[74.671,13.38],[74.67,13.38],[74.67,13.38],[74.67,13.38],[74.67,13.38],[74.67,13.38],[74.67,13.381],[74.67,13.381],[74.67,13.381],[74.671,13.381],[74.671,13.382],[74.671,13.382],[74.671,13.382],[74.671,13.382],[74.67,13.382],[74.67,13.383],[74.671,13.383],[74.671,13.383],[74.672,13.383]]],[[[74.483,14.011],[74.483,14.011],[74.483,14.011],[74.483,14.01],[74.483,14.01],[74.483,14.009],[74.483,14.009],[74.483,14.008],[74.483,14.008],[74.483,14.008],[74.483,14.008],[74.483,14.007],[74.483,14.007],[74.483,14.006],[74.482,14.006],[74.482,14.005],[74.482,14.005],[74.482,14.005],[74.48,14.005],[74.48,14.005],[74.48,14.005],[74.48,14.005],[74.48,14.005],[74.48,14.006],[74.479,14.006],[74.479,14.006],[74.479,14.006],[74.479,14.007],[74.479,14.007],[74.479,14.008],[74.478,14.008],[74.478,14.009],[74.479,14.009],[74.479,14.01],[74.479,14.01],[74.479,14.011],[74.48,14.011],[74.48,14.011],[74.48,14.011],[74.48,14.011],[74.481,14.011],[74.483,14.011]]],[[[74.326,14.021],[74.326,14.02],[74.327,14.02],[74.327,14.02],[74.327,14.02],[74.327,14.02],[74.327,14.02],[74.327,14.019],[74.328,14.019],[74.328,14.019],[74.328,14.019],[74.328,14.019],[74.33,14.019],[74.33,14.018],[74.33,14.018],[74.33,14.018],[74.33,14.018],[74.33,14.017],[74.33,14.017],[74.33,14.017],[74.33,14.017],[74.33,14.015],[74.33,14.015],[74.33,14.015],[74.329,14.015],[74.329,14.015],[74.329,14.015],[74.329,14.015],[74.328,14.015],[74.328,14.014],[74.329,14.014],[74.329,14.013],[74.328,14.013],[74.328,14.013],[74.329,14.013],[74.329,14.012],[74.328,14.012],[74.328,14.012],[74.328,14.012],[74.328,14.012],[74.328,14.012],[74.328,14.011],[74.327,14.011],[74.327,14.012],[74.326,14.012],[74.326,14.012],[74.326,14.012],[74.326,14.012],[74.325,14.012],[74.325,14.013],[74.326,14.013],[74.326,14.013],[74.325,14.013],[74.325,14.014],[74.325,14.014],[74.325,14.014],[74.325,14.014],[74.325,14.015],[74.324,14.015],[74.324,14.015],[74.324,14.015],[74.324,14.015],[74.323,14.015],[74.323,14.017],[74.323,14.017],[74.323,14.018],[74.323,14.018],[74.323,14.018],[74.324,14.018],[74.324,14.02],[74.324,14.02],[74.324,14.02],[74.325,14.02],[74.325,14.021],[74.326,14.021]]],[[[74.403,14.315],[74.403,14.315],[74.404,14.315],[74.404,14.315],[74.404,14.315],[74.404,14.315],[74.405,14.315],[74.405,14.314],[74.405,14.314],[74.405,14.314],[74.405,14.314],[74.405,14.313],[74.405,14.313],[74.405,14.313],[74.405,14.313],[74.405,14.313],[74.404,14.313],[74.404,14.313],[74.404,14.313],[74.404,14.313],[74.403,14.313],[74.403,14.312],[74.402,14.312],[74.402,14.312],[74.4,14.312],[74.4,14.312],[74.4,14.312],[74.399,14.312],[74.399,14.313],[74.399,14.313],[74.399,14.313],[74.4,14.313],[74.4,14.314],[74.4,14.314],[74.4,14.314],[74.4,14.314],[74.401,14.314],[74.401,14.314],[74.401,14.314],[74.401,14.315],[74.402,14.315],[74.402,14.315],[74.402,14.315],[74.402,14.315],[74.402,14.315],[74.402,14.315],[74.403,14.315],[74.403,14.315]]],[[[74.365,14.553],[74.365,14.552],[74.366,14.552],[74.366,14.552],[74.368,14.552],[74.372,14.552],[74.372,14.552],[74.373,14.552],[74.373,14.552],[74.373,14.552],[74.373,14.552],[74.373,14.552],[74.373,14.552],[74.374,14.552],[74.374,14.551],[74.374,14.551],[74.374,14.551],[74.374,14.551],[74.374,14.55],[74.375,14.55],[74.375,14.55],[74.375,14.55],[74.375,14.55],[74.375,14.55],[74.375,14.55],[74.375,14.55],[74.375,14.549],[74.376,14.549],[74.376,14.549],[74.376,14.549],[74.376,14.549],[74.376,14.549],[74.376,14.547],[74.378,14.547],[74.378,14.546],[74.378,14.546],[74.378,14.545],[74.377,14.545],[74.377,14.545],[74.376,14.545],[74.376,14.545],[74.376,14.545],[74.376,14.545],[74.375,14.545],[74.375,14.544],[74.375,14.544],[74.375,14.544],[74.374,14.544],[74.374,14.543],[74.374,14.543],[74.374,14.543],[74.374,14.543],[74.374,14.543],[74.375,14.543],[74.375,14.542],[74.375,14.542],[74.375,14.542],[74.375,14.542],[74.375,14.542],[74.374,14.542],[74.373,14.542],[74.373,14.542],[74.371,14.542],[74.371,14.542],[74.37,14.542],[74.37,14.542],[74.368,14.542],[74.368,14.542],[74.368,14.542],[74.368,14.542],[74.367,14.542],[74.367,14.541],[74.367,14.541],[74.367,14.542],[74.367,14.542],[74.367,14.542],[74.366,14.542],[74.366,14.542],[74.365,14.542],[74.365,14.542],[74.365,14.542],[74.365,14.543],[74.365,14.543],[74.365,14.543],[74.364,14.543],[74.364,14.543],[74.364,14.543],[74.364,14.543],[74.364,14.544],[74.363,14.544],[74.363,14.545],[74.363,14.545],[74.363,14.545],[74.363,14.545],[74.363,14.546],[74.364,14.546],[74.364,14.547],[74.364,14.547],[74.364,14.549],[74.364,14.549],[74.364,14.552],[74.364,14.552],[74.364,14.553],[74.365,14.553]]],[[[74.254,14.706],[74.254,14.706],[74.254,14.706],[74.254,14.705],[74.255,14.705],[74.255,14.705],[74.255,14.705],[74.255,14.705],[74.255,14.705],[74.255,14.704],[74.255,14.704],[74.255,14.704],[74.254,14.704],[74.254,14.704],[74.253,14.704],[74.253,14.704],[74.253,14.704],[74.253,14.704],[74.252,14.704],[74.252,14.704],[74.252,14.704],[74.252,14.704],[74.252,14.704],[74.252,14.705],[74.252,14.705],[74.252,14.705],[74.252,14.705],[74.252,14.705],[74.252,14.705],[74.252,14.706],[74.253,14.706],[74.253,14.706],[74.254,14.706]]],[[[74.241,14.711],[74.241,14.711],[74.241,14.711],[74.241,14.71],[74.24,14.71],[74.24,14.709],[74.24,14.709],[74.24,14.709],[74.24,14.709],[74.24,14.709],[74.238,14.709],[74.238,14.709],[74.238,14.709],[74.238,14.71],[74.238,14.71],[74.238,14.711],[74.239,14.711],[74.239,14.711],[74.24,14.711],[74.24,14.711],[74.241,14.711]]],[[[74.155,14.742],[74.155,14.742],[74.156,14.742],[74.156,14.741],[74.157,14.741],[74.157,14.741],[74.157,14.741],[74.157,14.74],[74.157,14.74],[74.157,14.74],[74.157,14.74],[74.157,14.74],[74.158,14.74],[74.158,14.74],[74.158,14.74],[74.158,14.739],[74.158,14.739],[74.158,14.739],[74.158,14.739],[74.158,14.738],[74.158,14.738],[74.158,14.738],[74.157,14.738],[74.157,14.738],[74.157,14.738],[74.157,14.738],[74.156,14.738],[74.156,14.738],[74.156,14.738],[74.156,14.739],[74.156,14.739],[74.156,14.739],[74.155,14.739],[74.155,14.739],[74.155,14.739],[74.155,14.74],[74.154,14.74],[74.154,14.74],[74.154,14.74],[74.154,14.74],[74.153,14.74],[74.153,14.741],[74.153,14.741],[74.153,14.742],[74.154,14.742],[74.154,14.742],[74.155,14.742]]],[[[74.111,14.762],[74.111,14.761],[74.112,14.761],[74.112,14.76],[74.112,14.76],[74.112,14.759],[74.112,14.759],[74.112,14.759],[74.112,14.759],[74.112,14.758],[74.113,14.758],[74.113,14.758],[74.113,14.758],[74.113,14.758],[74.113,14.758],[74.113,14.758],[74.114,14.758],[74.114,14.757],[74.114,14.757],[74.114,14.757],[74.114,14.757],[74.114,14.757],[74.115,14.757],[74.115,14.757],[74.115,14.757],[74.115,14.756],[74.116,14.756],[74.116,14.756],[74.116,14.756],[74.116,14.755],[74.117,14.755],[74.117,14.755],[74.119,14.755],[74.119,14.755],[74.12,14.755],[74.12,14.755],[74.12,14.755],[74.12,14.754],[74.12,14.754],[74.12,14.753],[74.12,14.753],[74.12,14.753],[74.119,14.753],[74.119,14.753],[74.119,14.753],[74.119,14.754],[74.117,14.754],[74.115,14.754],[74.115,14.754],[74.114,14.754],[74.114,14.754],[74.113,14.754],[74.113,14.755],[74.113,14.755],[74.113,14.755],[74.113,14.755],[74.113,14.755],[74.112,14.755],[74.112,14.755],[74.111,14.755],[74.111,14.754],[74.111,14.754],[74.111,14.754],[74.11,14.754],[74.11,14.755],[74.11,14.755],[74.11,14.755],[74.11,14.755],[74.11,14.757],[74.11,14.757],[74.11,14.757],[74.11,14.757],[74.11,14.757],[74.11,14.757],[74.11,14.757],[74.109,14.757],[74.109,14.758],[74.109,14.758],[74.109,14.759],[74.108,14.759],[74.108,14.76],[74.108,14.76],[74.108,14.76],[74.108,14.76],[74.108,14.76],[74.109,14.76],[74.109,14.76],[74.109,14.76],[74.109,14.761],[74.109,14.761],[74.109,14.761],[74.11,14.761],[74.11,14.761],[74.11,14.761],[74.11,14.762],[74.111,14.762]]],[[[74.088,14.796],[74.088,14.796],[74.089,14.796],[74.089,14.795],[74.089,14.795],[74.089,14.794],[74.087,14.794],[74.087,14.794],[74.087,14.794],[74.087,14.795],[74.087,14.795],[74.087,14.795],[74.086,14.795],[74.086,14.796],[74.087,14.796],[74.087,14.796],[74.088,14.796]]],[[[74.057,14.817],[74.057,14.817],[74.057,14.817],[74.057,14.817],[74.057,14.817],[74.057,14.816],[74.056,14.816],[74.056,14.816],[74.056,14.816],[74.056,14.816],[74.056,14.816],[74.056,14.816],[74.055,14.816],[74.055,14.816],[74.054,14.816],[74.054,14.817],[74.055,14.817],[74.055,14.817],[74.055,14.817],[74.055,14.817],[74.057,14.817]]],[[[74.064,14.821],[74.064,14.821],[74.065,14.821],[74.065,14.821],[74.065,14.821],[74.065,14.82],[74.065,14.82],[74.065,14.82],[74.066,14.82],[74.066,14.82],[74.065,14.82],[74.065,14.82],[74.065,14.82],[74.065,14.819],[74.063,14.819],[74.063,14.82],[74.063,14.82],[74.063,14.821],[74.063,14.821],[74.063,14.821],[74.063,14.821],[74.063,14.821],[74.064,14.821]]],[[[74.059,14.822],[74.059,14.821],[74.062,14.821],[74.062,14.821],[74.062,14.821],[74.062,14.82],[74.062,14.82],[74.062,14.82],[74.062,14.82],[74.062,14.82],[74.061,14.82],[74.061,14.82],[74.06,14.82],[74.06,14.819],[74.058,14.819],[74.058,14.819],[74.057,14.819],[74.057,14.82],[74.057,14.82],[74.057,14.82],[74.057,14.82],[74.057,14.82],[74.058,14.82],[74.058,14.821],[74.058,14.821],[74.058,14.821],[74.058,14.821],[74.058,14.822],[74.059,14.822]]],[[[74.094,14.838],[74.094,14.838],[74.094,14.838],[74.094,14.838],[74.095,14.838],[74.095,14.837],[74.095,14.837],[74.095,14.837],[74.094,14.837],[74.094,14.836],[74.094,14.836],[74.094,14.836],[74.093,14.836],[74.093,14.837],[74.093,14.837],[74.093,14.838],[74.093,14.838],[74.093,14.838],[74.094,14.838]]],[[[74.098,14.846],[74.098,14.846],[74.099,14.846],[74.099,14.845],[74.099,14.845],[74.099,14.845],[74.1,14.845],[74.1,14.845],[74.1,14.845],[74.1,14.845],[74.102,14.845],[74.102,14.843],[74.102,14.843],[74.102,14.843],[74.102,14.843],[74.102,14.843],[74.102,14.843],[74.101,14.843],[74.101,14.842],[74.1,14.842],[74.1,14.842],[74.099,14.842],[74.099,14.842],[74.098,14.842],[74.098,14.842],[74.098,14.842],[74.098,14.843],[74.097,14.843],[74.097,14.843],[74.097,14.843],[74.097,14.843],[74.097,14.843],[74.097,14.845],[74.097,14.845],[74.097,14.846],[74.098,14.846]]],[[[74.097,14.878],[74.097,14.878],[74.097,14.878],[74.097,14.877],[74.097,14.877],[74.097,14.877],[74.096,14.877],[74.096,14.877],[74.096,14.877],[74.096,14.876],[74.095,14.876],[74.095,14.876],[74.094,14.876],[74.094,14.877],[74.094,14.877],[74.094,14.877],[74.094,14.877],[74.094,14.878],[74.095,14.878],[74.095,14.878],[74.095,14.878],[74.095,14.878],[74.096,14.878],[74.096,14.878],[74.097,14.878]]],[[[77.337,18.435],[77.37,18.401],[77.41,18.389],[77.398,18.347],[77.367,18.322],[77.408,18.3],[77.445,18.277],[77.492,18.266],[77.51,18.307],[77.55,18.291],[77.598,18.281],[77.573,18.241],[77.574,18.2],[77.589,18.153],[77.601,18.099],[77.567,18.076],[77.553,18.035],[77.587,18.013],[77.629,17.993],[77.647,17.953],[77.619,17.922],[77.583,17.898],[77.566,17.85],[77.526,17.827],[77.504,17.783],[77.554,17.761],[77.534,17.725],[77.494,17.716],[77.458,17.699],[77.446,17.657],[77.446,17.612],[77.465,17.575],[77.496,17.547],[77.527,17.573],[77.585,17.558],[77.617,17.529],[77.657,17.521],[77.687,17.492],[77.648,17.481],[77.61,17.465],[77.572,17.439],[77.523,17.437],[77.521,17.386],[77.492,17.356],[77.452,17.37],[77.453,17.328],[77.434,17.288],[77.42,17.249],[77.384,17.223],[77.368,17.183],[77.376,17.138],[77.424,17.114],[77.463,17.104],[77.478,17.061],[77.492,17.022],[77.48,16.975],[77.466,16.935],[77.454,16.886],[77.46,16.844],[77.466,16.801],[77.437,16.763],[77.426,16.723],[77.467,16.712],[77.446,16.674],[77.466,16.636],[77.464,16.595],[77.421,16.565],[77.415,16.518],[77.373,16.506],[77.33,16.481],[77.285,16.472],[77.245,16.472],[77.264,16.43],[77.295,16.4],[77.343,16.38],[77.388,16.372],[77.428,16.365],[77.481,16.378],[77.529,16.358],[77.572,16.336],[77.588,16.296],[77.543,16.287],[77.501,16.268],[77.489,16.224],[77.488,16.179],[77.489,16.126],[77.493,16.084],[77.491,16.031],[77.505,15.979],[77.509,15.921],[77.467,15.928],[77.426,15.942],[77.386,15.934],[77.335,15.943],[77.292,15.95],[77.249,15.958],[77.203,15.95],[77.157,15.944],[77.105,15.925],[77.066,15.899],[77.041,15.864],[77.028,15.826],[77.062,15.798],[77.052,15.75],[77.076,15.71],[77.11,15.671],[77.116,15.625],[77.081,15.653],[77.036,15.632],[77.024,15.584],[77.029,15.525],[76.996,15.5],[77.002,15.455],[77.03,15.426],[77.044,15.384],[77.058,15.343],[77.099,15.327],[77.115,15.29],[77.15,15.267],[77.123,15.233],[77.156,15.194],[77.159,15.152],[77.148,15.107],[77.126,15.068],[77.11,15.029],[77.079,15.0],[77.047,15.029],[77.001,15.03],[76.951,15.024],[76.905,15.029],[76.864,15.05],[76.829,15.074],[76.788,15.08],[76.781,15.034],[76.768,14.996],[76.797,14.963],[76.841,14.961],[76.863,14.916],[76.851,14.873],[76.844,14.833],[76.834,14.785],[76.78,14.779],[76.795,14.741],[76.781,14.69],[76.763,14.612],[76.784,14.562],[76.805,14.525],[76.844,14.509],[76.87,14.468],[76.945,14.482],[76.943,14.44],[76.942,14.4],[76.901,14.398],[76.879,14.351],[76.906,14.315],[76.947,14.3],[76.926,14.264],[76.962,14.236],[77.004,14.232],[77.05,14.24],[77.085,14.208],[77.113,14.24],[77.112,14.288],[77.133,14.324],[77.177,14.326],[77.223,14.315],[77.267,14.327],[77.28,14.276],[77.321,14.273],[77.359,14.244],[77.382,14.21],[77.405,14.249],[77.381,14.283],[77.386,14.325],[77.426,14.321],[77.444,14.278],[77.484,14.275],[77.49,14.228],[77.504,14.181],[77.463,14.164],[77.416,14.169],[77.383,14.148],[77.348,14.124],[77.39,14.119],[77.372,14.072],[77.335,14.048],[77.362,14.016],[77.373,13.976],[77.421,13.977],[77.408,13.936],[77.419,13.895],[77.359,13.896],[77.363,13.942],[77.354,13.982],[77.32,14.009],[77.279,14.007],[77.227,14.008],[77.171,14.009],[77.128,14.019],[77.091,14.038],[77.051,14.05],[77.024,14.083],[77.019,14.125],[77.021,14.168],[76.978,14.173],[76.942,14.189],[76.897,14.162],[76.913,14.122],[76.948,14.097],[76.975,14.065],[76.938,14.048],[76.949,14.007],[76.985,13.988],[77.008,13.947],[77.041,13.897],[77.013,13.867],[76.984,13.828],[76.981,13.786],[76.992,13.745],[77.026,13.771],[77.06,13.739],[77.095,13.761],[77.138,13.756],[77.156,13.793],[77.146,13.835],[77.162,13.876],[77.17,13.916],[77.178,13.871],[77.221,13.882],[77.253,13.856],[77.296,13.854],[77.327,13.825],[77.368,13.843],[77.419,13.834],[77.417,13.791],[77.457,13.797],[77.459,13.75],[77.453,13.704],[77.503,13.704],[77.52,13.744],[77.556,13.716],[77.596,13.744],[77.637,13.735],[77.649,13.776],[77.696,13.761],[77.728,13.802],[77.769,13.809],[77.795,13.841],[77.827,13.872],[77.806,13.909],[77.846,13.928],[77.887,13.931],[77.912,13.897],[77.946,13.928],[77.978,13.893],[77.942,13.871],[77.948,13.829],[77.982,13.857],[78.038,13.853],[78.088,13.855],[78.117,13.822],[78.118,13.777],[78.089,13.743],[78.11,13.704],[78.064,13.688],[78.08,13.65],[78.123,13.649],[78.161,13.623],[78.195,13.602],[78.18,13.564],[78.218,13.578],[78.265,13.578],[78.312,13.584],[78.361,13.579],[78.386,13.544],[78.374,13.506],[78.364,13.459],[78.367,13.415],[78.364,13.37],[78.393,13.336],[78.429,13.317],[78.472,13.308],[78.501,13.277],[78.544,13.273],[78.56,13.233],[78.558,13.192],[78.547,13.153],[78.513,13.12],[78.502,13.082],[78.481,13.044],[78.45,13.015],[78.459,12.976],[78.423,12.958],[78.426,12.917],[78.458,12.88],[78.417,12.889],[78.369,12.902],[78.327,12.889],[78.303,12.847],[78.263,12.857],[78.242,12.812],[78.229,12.762],[78.184,12.763],[78.143,12.767],[78.109,12.791],[78.076,12.821],[78.042,12.842],[78.007,12.82],[77.957,12.822],[77.91,12.82],[77.931,12.856],[77.887,12.867],[77.844,12.856],[77.805,12.843],[77.791,12.796],[77.772,12.76],[77.752,12.718],[77.727,12.683],[77.695,12.651],[77.654,12.674],[77.609,12.663],[77.598,12.621],[77.581,12.584],[77.572,12.54],[77.595,12.504],[77.575,12.468],[77.617,12.486],[77.618,12.443],[77.613,12.398],[77.604,12.354],[77.569,12.324],[77.543,12.284],[77.502,12.266],[77.464,12.244],[77.466,12.202],[77.511,12.184],[77.556,12.187],[77.597,12.195],[77.645,12.189],[77.701,12.173],[77.739,12.148],[77.767,12.109],[77.746,12.069],[77.713,12.041],[77.681,11.991],[77.664,11.953],[77.615,11.934],[77.573,11.924],[77.531,11.926],[77.49,11.93],[77.476,11.89],[77.452,11.853],[77.447,11.811],[77.431,11.772],[77.382,11.776],[77.326,11.759],[77.29,11.794],[77.248,11.801],[77.204,11.784],[77.155,11.774],[77.114,11.762],[77.109,11.713],[77.05,11.758],[77.023,11.795],[76.982,11.8],[76.96,11.765],[76.913,11.78],[76.886,11.744],[76.865,11.711],[76.841,11.67],[76.83,11.629],[76.847,11.589],[76.791,11.6],[76.746,11.611],[76.693,11.604],[76.634,11.604],[76.588,11.604],[76.55,11.627],[76.54,11.671],[76.504,11.698],[76.467,11.672],[76.423,11.659],[76.403,11.699],[76.407,11.741],[76.356,11.74],[76.311,11.744],[76.284,11.785],[76.244,11.795],[76.206,11.82],[76.184,11.864],[76.139,11.857],[76.109,11.928],[76.108,11.971],[76.067,11.958],[76.03,11.933],[75.983,11.925],[75.937,11.933],[75.894,11.937],[75.851,11.957],[75.824,11.995],[75.8,12.03],[75.8,12.071],[75.758,12.077],[75.717,12.062],[75.702,12.1],[75.662,12.091],[75.644,12.127],[75.608,12.149],[75.57,12.165],[75.54,12.192],[75.523,12.229],[75.502,12.264],[75.467,12.295],[75.427,12.291],[75.414,12.334],[75.411,12.375],[75.372,12.396],[75.369,12.446],[75.415,12.454],[75.414,12.497],[75.372,12.486],[75.341,12.456],[75.321,12.491],[75.292,12.521],[75.273,12.559],[75.316,12.569],[75.289,12.605],[75.25,12.579],[75.208,12.583],[75.203,12.623],[75.163,12.618],[75.161,12.664],[75.121,12.674],[75.086,12.698],[75.07,12.658],[75.052,12.698],[75.007,12.709],[75.0,12.752],[74.989,12.791],[74.937,12.772],[74.898,12.755],[74.86,12.77],[74.843,12.806],[74.828,12.843],[74.816,12.882],[74.807,12.921],[74.8,12.961],[74.791,13.0],[74.783,13.04],[74.779,13.08],[74.765,13.117],[74.756,13.157],[74.743,13.195],[74.734,13.235],[74.725,13.274],[74.716,13.314],[74.693,13.347],[74.717,13.315],[74.695,13.348],[74.696,13.39],[74.694,13.438],[74.689,13.479],[74.685,13.519],[74.68,13.56],[74.673,13.6],[74.667,13.641],[74.648,13.676],[74.64,13.716],[74.633,13.756],[74.626,13.795],[74.616,13.834],[74.603,13.872],[74.59,13.91],[74.571,13.945],[74.537,13.967],[74.512,13.998],[74.508,14.038],[74.493,14.076],[74.485,14.115],[74.477,14.155],[74.467,14.196],[74.443,14.229],[74.43,14.267],[74.418,14.306],[74.408,14.345],[74.402,14.385],[74.383,14.42],[74.376,14.461],[74.361,14.498],[74.373,14.536],[74.343,14.563],[74.356,14.524],[74.316,14.519],[74.308,14.558],[74.292,14.595],[74.27,14.629],[74.277,14.668],[74.262,14.706],[74.245,14.742],[74.206,14.737],[74.168,14.752],[74.14,14.78],[74.102,14.795],[74.125,14.828],[74.109,14.865],[74.113,14.911],[74.154,14.917],[74.18,14.953],[74.212,14.921],[74.244,14.957],[74.266,14.993],[74.289,15.027],[74.287,15.069],[74.291,15.117],[74.311,15.162],[74.316,15.203],[74.279,15.237],[74.283,15.281],[74.334,15.283],[74.323,15.33],[74.313,15.375],[74.281,15.409],[74.28,15.451],[74.256,15.49],[74.284,15.519],[74.27,15.561],[74.265,15.602],[74.256,15.647],[74.213,15.649],[74.183,15.677],[74.147,15.649],[74.105,15.659],[74.139,15.686],[74.143,15.727],[74.197,15.75],[74.222,15.782],[74.244,15.744],[74.285,15.743],[74.324,15.757],[74.365,15.774],[74.366,15.815],[74.345,15.852],[74.371,15.89],[74.393,15.852],[74.399,15.896],[74.435,15.951],[74.45,15.993],[74.467,16.03],[74.436,16.057],[74.396,16.04],[74.38,16.077],[74.416,16.096],[74.46,16.103],[74.491,16.142],[74.502,16.185],[74.503,16.231],[74.463,16.242],[74.423,16.257],[74.39,16.29],[74.352,16.274],[74.332,16.311],[74.324,16.354],[74.34,16.391],[74.341,16.433],[74.307,16.46],[74.301,16.5],[74.26,16.491],[74.272,16.533],[74.312,16.507],[74.324,16.551],[74.366,16.557],[74.402,16.575],[74.441,16.599],[74.464,16.634],[74.51,16.631],[74.551,16.633],[74.55,16.592],[74.569,16.556],[74.617,16.568],[74.641,16.605],[74.69,16.604],[74.661,16.638],[74.696,16.675],[74.698,16.715],[74.748,16.722],[74.779,16.749],[74.85,16.76],[74.893,16.769],[74.916,16.81],[74.912,16.856],[74.949,16.88],[74.937,16.921],[74.975,16.935],[75.03,16.942],[75.083,16.947],[75.107,16.91],[75.138,16.878],[75.181,16.868],[75.216,16.84],[75.249,16.865],[75.287,16.883],[75.284,16.943],[75.338,16.954],[75.395,16.976],[75.439,16.971],[75.482,16.976],[75.511,16.947],[75.558,16.964],[75.57,17.006],[75.61,16.999],[75.636,16.966],[75.678,16.964],[75.673,17.026],[75.681,17.071],[75.674,17.114],[75.643,17.148],[75.631,17.186],[75.664,17.214],[75.66,17.261],[75.628,17.288],[75.616,17.329],[75.579,17.383],[75.617,17.399],[75.619,17.439],[75.636,17.478],[75.678,17.458],[75.687,17.417],[75.729,17.42],[75.77,17.407],[75.802,17.37],[75.82,17.407],[75.859,17.389],[75.896,17.37],[75.931,17.324],[75.972,17.336],[76.015,17.351],[76.06,17.354],[76.102,17.362],[76.146,17.348],[76.164,17.3],[76.172,17.349],[76.229,17.363],[76.27,17.357],[76.305,17.328],[76.344,17.35],[76.352,17.311],[76.393,17.336],[76.362,17.375],[76.37,17.423],[76.331,17.462],[76.372,17.486],[76.365,17.529],[76.334,17.563],[76.359,17.596],[76.416,17.604],[76.429,17.644],[76.489,17.661],[76.486,17.714],[76.525,17.735],[76.56,17.763],[76.569,17.704],[76.604,17.756],[76.637,17.724],[76.663,17.688],[76.701,17.707],[76.728,17.737],[76.712,17.775],[76.763,17.787],[76.788,17.826],[76.755,17.857],[76.741,17.898],[76.797,17.869],[76.832,17.891],[76.872,17.895],[76.913,17.914],[76.917,17.96],[76.918,18.002],[76.939,18.037],[76.95,18.082],[76.923,18.116],[76.933,18.158],[76.971,18.187],[77.024,18.163],[77.069,18.149],[77.116,18.168],[77.131,18.206],[77.157,18.253],[77.192,18.274],[77.2,18.319],[77.231,18.366],[77.24,18.409],[77.295,18.433],[77.333,18.448],[77.337,18.435]]]]}},{"type":"Feature","properties":{"NAME_1":"Kerala","state":"Kerala"},"geometry":{"type":"MultiPolygon","coordinates":[[[[76.467,9.541],[76.467,9.541],[76.468,9.541],[76.468,9.54],[76.469,9.54],[76.469,9.54],[76.47,9.54],[76.47,9.54],[76.471,9.54],[76.471,9.54],[76.472,9.54],[76.472,9.539],[76.472,9.539],[76.472,9.539],[76.473,9.539],[76.473,9.539],[76.474,9.539],[76.474,9.538],[76.475,9.538],[76.475,9.538],[76.476,9.538],[76.476,9.538],[76.477,9.538],[76.477,9.538],[76.478,9.538],[76.478,9.537],[76.478,9.537],[76.478,9.537],[76.479,9.537],[76.479,9.537],[76.479,9.537],[76.479,9.53],[76.479,9.53],[76.479,9.53],[76.471,9.53],[76.471,9.53],[76.468,9.53],[76.468,9.529],[76.467,9.529],[76.467,9.53],[76.467,9.53],[76.467,9.53],[76.466,9.53],[76.466,9.535],[76.466,9.535],[76.466,9.536],[76.466,9.536],[76.466,9.539],[76.466,9.539],[76.466,9.541],[76.467,9.541]]],[[[76.404,9.542],[76.404,9.54],[76.405,9.54],[76.405,9.537],[76.405,9.537],[76.405,9.528],[76.402,9.528],[76.402,9.527],[76.383,9.527],[76.383,9.528],[76.383,9.528],[76.383,9.529],[76.383,9.529],[76.383,9.529],[76.383,9.529],[76.383,9.53],[76.383,9.53],[76.383,9.531],[76.383,9.531],[76.383,9.532],[76.383,9.532],[76.383,9.533],[76.382,9.533],[76.382,9.534],[76.382,9.534],[76.382,9.534],[76.383,9.534],[76.383,9.534],[76.384,9.534],[76.384,9.535],[76.385,9.535],[76.385,9.535],[76.385,9.535],[76.385,9.535],[76.386,9.535],[76.386,9.535],[76.387,9.535],[76.387,9.536],[76.388,9.536],[76.388,9.536],[76.388,9.536],[76.388,9.536],[76.389,9.536],[76.389,9.537],[76.39,9.537],[76.39,9.537],[76.391,9.537],[76.391,9.537],[76.392,9.537],[76.392,9.537],[76.392,9.537],[76.392,9.538],[76.393,9.538],[76.393,9.538],[76.394,9.538],[76.394,9.538],[76.395,9.538],[76.395,9.538],[76.395,9.538],[76.395,9.539],[76.396,9.539],[76.396,9.539],[76.397,9.539],[76.397,9.539],[76.398,9.539],[76.398,9.54],[76.398,9.54],[76.398,9.54],[76.399,9.54],[76.399,9.54],[76.4,9.54],[76.4,9.54],[76.401,9.54],[76.401,9.541],[76.402,9.541],[76.402,9.541],[76.402,9.541],[76.402,9.541],[76.403,9.541],[76.403,9.542],[76.404,9.542]]],[[[76.435,9.552],[76.435,9.551],[76.435,9.551],[76.435,9.548],[76.435,9.548],[76.435,9.547],[76.435,9.54],[76.434,9.54],[76.434,9.532],[76.434,9.532],[76.434,9.528],[76.428,9.528],[76.428,9.528],[76.421,9.528],[76.421,9.528],[76.415,9.528],[76.415,9.528],[76.406,9.528],[76.406,9.53],[76.406,9.53],[76.406,9.535],[76.406,9.535],[76.406,9.54],[76.405,9.54],[76.405,9.542],[76.406,9.542],[76.406,9.542],[76.407,9.542],[76.407,9.543],[76.407,9.543],[76.407,9.543],[76.408,9.543],[76.408,9.543],[76.409,9.543],[76.409,9.543],[76.41,9.543],[76.41,9.544],[76.411,9.544],[76.411,9.544],[76.412,9.544],[76.412,9.544],[76.412,9.544],[76.413,9.544],[76.413,9.545],[76.413,9.545],[76.413,9.545],[76.414,9.545],[76.414,9.545],[76.415,9.545],[76.415,9.545],[76.416,9.545],[76.416,9.546],[76.417,9.546],[76.417,9.546],[76.418,9.546],[76.418,9.546],[76.418,9.546],[76.418,9.547],[76.419,9.547],[76.419,9.547],[76.42,9.547],[76.42,9.547],[76.421,9.547],[76.421,9.547],[76.422,9.547],[76.422,9.548],[76.422,9.548],[76.422,9.548],[76.423,9.548],[76.423,9.548],[76.424,9.548],[76.424,9.548],[76.425,9.548],[76.425,9.549],[76.425,9.549],[76.425,9.549],[76.426,9.549],[76.426,9.549],[76.427,9.549],[76.427,9.55],[76.428,9.55],[76.428,9.55],[76.429,9.55],[76.429,9.55],[76.43,9.55],[76.43,9.55],[76.431,9.55],[76.431,9.551],[76.432,9.551],[76.432,9.551],[76.433,9.551],[76.433,9.551],[76.434,9.551],[76.434,9.552],[76.435,9.552]]],[[[76.437,9.552],[76.437,9.551],[76.437,9.551],[76.437,9.551],[76.438,9.551],[76.438,9.551],[76.438,9.551],[76.438,9.55],[76.439,9.55],[76.439,9.55],[76.44,9.55],[76.44,9.55],[76.441,9.55],[76.441,9.55],[76.441,9.55],[76.441,9.549],[76.442,9.549],[76.442,9.549],[76.442,9.549],[76.443,9.549],[76.443,9.549],[76.444,9.549],[76.444,9.548],[76.445,9.548],[76.445,9.548],[76.445,9.548],[76.445,9.548],[76.445,9.548],[76.445,9.548],[76.447,9.548],[76.447,9.547],[76.448,9.547],[76.448,9.547],[76.449,9.547],[76.449,9.547],[76.45,9.547],[76.45,9.547],[76.45,9.547],[76.45,9.546],[76.451,9.546],[76.451,9.546],[76.452,9.546],[76.452,9.546],[76.453,9.546],[76.453,9.545],[76.454,9.545],[76.454,9.545],[76.455,9.545],[76.455,9.545],[76.456,9.545],[76.456,9.545],[76.457,9.545],[76.457,9.544],[76.457,9.544],[76.457,9.544],[76.458,9.544],[76.458,9.544],[76.458,9.544],[76.458,9.543],[76.459,9.543],[76.459,9.543],[76.46,9.543],[76.46,9.543],[76.461,9.543],[76.461,9.543],[76.462,9.543],[76.462,9.542],[76.463,9.542],[76.463,9.542],[76.463,9.542],[76.463,9.542],[76.464,9.542],[76.464,9.542],[76.465,9.542],[76.465,9.54],[76.465,9.54],[76.465,9.538],[76.465,9.538],[76.465,9.537],[76.464,9.537],[76.464,9.536],[76.465,9.536],[76.465,9.535],[76.464,9.535],[76.464,9.534],[76.465,9.534],[76.465,9.53],[76.464,9.53],[76.464,9.53],[76.463,9.53],[76.463,9.53],[76.462,9.53],[76.462,9.53],[76.46,9.53],[76.46,9.53],[76.458,9.53],[76.458,9.529],[76.454,9.529],[76.454,9.53],[76.453,9.53],[76.453,9.529],[76.447,9.529],[76.447,9.529],[76.445,9.529],[76.445,9.529],[76.444,9.529],[76.444,9.529],[76.442,9.529],[76.442,9.529],[76.44,9.529],[76.44,9.528],[76.44,9.528],[76.44,9.528],[76.439,9.528],[76.439,9.528],[76.438,9.528],[76.438,9.528],[76.437,9.528],[76.437,9.528],[76.437,9.528],[76.437,9.528],[76.436,9.528],[76.436,9.528],[76.435,9.528],[76.435,9.538],[76.436,9.538],[76.436,9.546],[76.436,9.546],[76.436,9.548],[76.436,9.552],[76.437,9.552]]],[[[76.414,9.563],[76.414,9.563],[76.415,9.563],[76.415,9.562],[76.415,9.562],[76.415,9.561],[76.415,9.561],[76.415,9.56],[76.415,9.56],[76.415,9.56],[76.415,9.56],[76.415,9.56],[76.415,9.56],[76.415,9.559],[76.416,9.559],[76.416,9.558],[76.416,9.558],[76.416,9.558],[76.417,9.558],[76.417,9.557],[76.418,9.557],[76.418,9.557],[76.419,9.557],[76.419,9.557],[76.42,9.557],[76.42,9.557],[76.42,9.557],[76.42,9.557],[76.421,9.557],[76.421,9.557],[76.422,9.557],[76.422,9.556],[76.422,9.556],[76.422,9.556],[76.423,9.556],[76.423,9.556],[76.423,9.556],[76.423,9.555],[76.424,9.555],[76.424,9.554],[76.424,9.554],[76.424,9.553],[76.424,9.553],[76.424,9.553],[76.425,9.553],[76.425,9.552],[76.425,9.552],[76.425,9.552],[76.425,9.552],[76.425,9.551],[76.426,9.551],[76.426,9.55],[76.425,9.55],[76.425,9.55],[76.424,9.55],[76.424,9.549],[76.423,9.549],[76.423,9.549],[76.422,9.549],[76.422,9.549],[76.422,9.549],[76.422,9.548],[76.421,9.548],[76.421,9.548],[76.42,9.548],[76.42,9.548],[76.419,9.548],[76.419,9.548],[76.418,9.548],[76.418,9.547],[76.417,9.547],[76.417,9.547],[76.417,9.547],[76.417,9.547],[76.416,9.547],[76.416,9.547],[76.415,9.547],[76.415,9.546],[76.414,9.546],[76.414,9.546],[76.413,9.546],[76.413,9.546],[76.413,9.546],[76.413,9.545],[76.412,9.545],[76.412,9.545],[76.412,9.545],[76.412,9.545],[76.411,9.545],[76.411,9.545],[76.411,9.545],[76.41,9.545],[76.41,9.544],[76.409,9.544],[76.409,9.544],[76.408,9.544],[76.408,9.544],[76.408,9.544],[76.408,9.543],[76.407,9.543],[76.407,9.543],[76.406,9.543],[76.406,9.543],[76.405,9.543],[76.405,9.543],[76.404,9.543],[76.404,9.542],[76.403,9.542],[76.403,9.542],[76.402,9.542],[76.402,9.542],[76.401,9.542],[76.401,9.542],[76.4,9.542],[76.4,9.541],[76.4,9.541],[76.4,9.541],[76.399,9.541],[76.399,9.541],[76.398,9.541],[76.398,9.54],[76.398,9.54],[76.398,9.54],[76.397,9.54],[76.397,9.54],[76.396,9.54],[76.396,9.54],[76.395,9.54],[76.395,9.539],[76.395,9.539],[76.395,9.539],[76.394,9.539],[76.394,9.539],[76.393,9.539],[76.393,9.538],[76.392,9.538],[76.392,9.538],[76.392,9.538],[76.392,9.538],[76.391,9.538],[76.391,9.538],[76.39,9.538],[76.39,9.537],[76.39,9.537],[76.39,9.537],[76.389,9.537],[76.389,9.537],[76.388,9.537],[76.388,9.537],[76.387,9.537],[76.387,9.536],[76.387,9.536],[76.387,9.536],[76.386,9.536],[76.386,9.536],[76.385,9.536],[76.385,9.535],[76.385,9.535],[76.385,9.535],[76.384,9.535],[76.384,9.535],[76.383,9.535],[76.383,9.537],[76.383,9.537],[76.383,9.537],[76.383,9.541],[76.382,9.541],[76.382,9.542],[76.382,9.542],[76.382,9.543],[76.383,9.543],[76.383,9.543],[76.383,9.543],[76.383,9.544],[76.384,9.544],[76.384,9.544],[76.385,9.544],[76.385,9.544],[76.385,9.544],[76.385,9.545],[76.386,9.545],[76.386,9.545],[76.387,9.545],[76.387,9.545],[76.387,9.545],[76.387,9.545],[76.388,9.545],[76.388,9.546],[76.388,9.546],[76.388,9.546],[76.389,9.546],[76.389,9.546],[76.39,9.546],[76.39,9.547],[76.39,9.547],[76.39,9.547],[76.391,9.547],[76.391,9.547],[76.391,9.547],[76.391,9.547],[76.392,9.547],[76.392,9.548],[76.392,9.548],[76.392,9.548],[76.393,9.548],[76.393,9.548],[76.393,9.548],[76.393,9.548],[76.394,9.548],[76.394,9.549],[76.395,9.549],[76.395,9.549],[76.395,9.549],[76.395,9.549],[76.396,9.549],[76.396,9.55],[76.396,9.55],[76.396,9.55],[76.397,9.55],[76.397,9.55],[76.397,9.55],[76.397,9.55],[76.398,9.55],[76.398,9.551],[76.398,9.551],[76.398,9.551],[76.399,9.551],[76.399,9.551],[76.4,9.551],[76.4,9.552],[76.4,9.552],[76.4,9.552],[76.4,9.552],[76.4,9.552],[76.401,9.552],[76.401,9.552],[76.402,9.552],[76.402,9.553],[76.402,9.553],[76.402,9.553],[76.402,9.553],[76.403,9.553],[76.403,9.553],[76.403,9.553],[76.403,9.553],[76.404,9.553],[76.404,9.554],[76.405,9.554],[76.405,9.557],[76.404,9.557],[76.404,9.558],[76.405,9.558],[76.405,9.559],[76.404,9.559],[76.404,9.559],[76.404,9.559],[76.404,9.56],[76.405,9.56],[76.405,9.56],[76.405,9.56],[76.405,9.56],[76.405,9.56],[76.405,9.56],[76.406,9.56],[76.406,9.561],[76.407,9.561],[76.407,9.561],[76.407,9.561],[76.407,9.561],[76.408,9.561],[76.408,9.561],[76.408,9.562],[76.409,9.562],[76.409,9.562],[76.41,9.562],[76.41,9.562],[76.411,9.562],[76.411,9.562],[76.412,9.562],[76.412,9.563],[76.413,9.563],[76.413,9.563],[76.413,9.563],[76.413,9.563],[76.414,9.563]]],[[[76.385,9.621],[76.385,9.62],[76.386,9.62],[76.386,9.62],[76.386,9.62],[76.386,9.62],[76.387,9.62],[76.387,9.62],[76.387,9.62],[76.387,9.62],[76.387,9.62],[76.387,9.62],[76.388,9.62],[76.388,9.619],[76.388,9.619],[76.388,9.619],[76.388,9.619],[76.388,9.618],[76.387,9.618],[76.387,9.617],[76.387,9.617],[76.387,9.617],[76.387,9.617],[76.387,9.616],[76.387,9.616],[76.387,9.615],[76.386,9.615],[76.386,9.616],[76.386,9.616],[76.386,9.615],[76.385,9.615],[76.385,9.614],[76.385,9.614],[76.385,9.614],[76.385,9.614],[76.385,9.613],[76.385,9.613],[76.385,9.614],[76.384,9.614],[76.384,9.615],[76.384,9.615],[76.384,9.615],[76.383,9.615],[76.383,9.615],[76.383,9.615],[76.383,9.616],[76.382,9.616],[76.382,9.616],[76.382,9.616],[76.382,9.616],[76.382,9.616],[76.382,9.618],[76.382,9.618],[76.382,9.618],[76.382,9.618],[76.382,9.619],[76.383,9.619],[76.383,9.619],[76.384,9.619],[76.384,9.62],[76.384,9.62],[76.384,9.62],[76.385,9.62],[76.385,9.62],[76.385,9.62],[76.385,9.621],[76.385,9.621]]],[[[76.381,9.715],[76.381,9.715],[76.381,9.715],[76.381,9.715],[76.381,9.717],[76.381,9.717],[76.381,9.717],[76.382,9.717],[76.382,9.717],[76.382,9.717],[76.382,9.715],[76.381,9.715],[76.381,9.715]]],[[[76.372,9.758],[76.372,9.758],[76.372,9.758],[76.372,9.756],[76.372,9.756],[76.372,9.755],[76.372,9.755],[76.372,9.755],[76.372,9.755],[76.372,9.755],[76.372,9.754],[76.372,9.754],[76.372,9.754],[76.373,9.754],[76.373,9.753],[76.373,9.753],[76.373,9.752],[76.373,9.752],[76.373,9.752],[76.373,9.752],[76.373,9.751],[76.372,9.751],[76.372,9.752],[76.372,9.752],[76.372,9.752],[76.372,9.752],[76.372,9.753],[76.371,9.753],[76.371,9.753],[76.371,9.753],[76.371,9.755],[76.371,9.755],[76.371,9.755],[76.37,9.755],[76.37,9.756],[76.37,9.757],[76.37,9.757],[76.37,9.758],[76.37,9.758],[76.37,9.758],[76.371,9.758],[76.371,9.758],[76.372,9.758]]],[[[76.324,9.826],[76.324,9.825],[76.325,9.825],[76.325,9.825],[76.325,9.825],[76.325,9.824],[76.325,9.824],[76.325,9.824],[76.325,9.824],[76.325,9.823],[76.326,9.823],[76.326,9.823],[76.326,9.823],[76.326,9.822],[76.327,9.822],[76.327,9.823],[76.327,9.823],[76.327,9.823],[76.327,9.823],[76.327,9.823],[76.328,9.823],[76.328,9.823],[76.328,9.823],[76.328,9.822],[76.328,9.822],[76.328,9.821],[76.327,9.821],[76.327,9.82],[76.328,9.82],[76.328,9.818],[76.328,9.818],[76.328,9.818],[76.328,9.818],[76.328,9.818],[76.329,9.818],[76.329,9.817],[76.329,9.817],[76.329,9.817],[76.328,9.817],[76.328,9.816],[76.329,9.816],[76.329,9.816],[76.328,9.816],[76.328,9.816],[76.328,9.816],[76.328,9.815],[76.328,9.815],[76.328,9.814],[76.328,9.814],[76.328,9.812],[76.327,9.812],[76.327,9.81],[76.327,9.81],[76.327,9.81],[76.327,9.81],[76.327,9.809],[76.327,9.809],[76.327,9.808],[76.327,9.808],[76.327,9.808],[76.327,9.808],[76.327,9.808],[76.325,9.808],[76.325,9.807],[76.324,9.807],[76.324,9.808],[76.324,9.808],[76.324,9.808],[76.323,9.808],[76.323,9.809],[76.323,9.809],[76.323,9.811],[76.323,9.811],[76.323,9.812],[76.323,9.812],[76.323,9.813],[76.323,9.813],[76.323,9.815],[76.323,9.815],[76.323,9.817],[76.323,9.817],[76.323,9.822],[76.323,9.822],[76.323,9.823],[76.323,9.823],[76.323,9.824],[76.323,9.824],[76.323,9.825],[76.323,9.825],[76.323,9.825],[76.323,9.825],[76.323,9.826],[76.324,9.826]]],[[[76.372,9.826],[76.372,9.825],[76.373,9.825],[76.373,9.825],[76.373,9.825],[76.373,9.825],[76.373,9.825],[76.373,9.825],[76.373,9.825],[76.373,9.822],[76.372,9.822],[76.372,9.822],[76.372,9.822],[76.372,9.823],[76.372,9.823],[76.372,9.825],[76.372,9.825],[76.372,9.826],[76.372,9.826]]],[[[76.368,9.827],[76.368,9.827],[76.37,9.827],[76.37,9.826],[76.37,9.826],[76.37,9.826],[76.37,9.826],[76.37,9.825],[76.37,9.825],[76.37,9.824],[76.37,9.824],[76.37,9.824],[76.37,9.824],[76.37,9.824],[76.37,9.824],[76.37,9.825],[76.369,9.825],[76.369,9.825],[76.368,9.825],[76.368,9.825],[76.367,9.825],[76.367,9.825],[76.367,9.825],[76.367,9.826],[76.367,9.826],[76.367,9.827],[76.368,9.827]]],[[[76.378,9.84],[76.378,9.839],[76.379,9.839],[76.379,9.838],[76.379,9.838],[76.379,9.838],[76.379,9.838],[76.379,9.837],[76.379,9.837],[76.379,9.837],[76.378,9.837],[76.378,9.837],[76.377,9.837],[76.377,9.837],[76.376,9.837],[76.376,9.837],[76.377,9.837],[76.377,9.838],[76.377,9.838],[76.377,9.838],[76.377,9.838],[76.377,9.839],[76.377,9.839],[76.377,9.839],[76.378,9.839],[76.378,9.84],[76.378,9.84]]],[[[76.378,9.842],[76.378,9.841],[76.377,9.841],[76.377,9.84],[76.377,9.84],[76.377,9.84],[76.377,9.84],[76.377,9.84],[76.377,9.84],[76.377,9.839],[76.376,9.839],[76.376,9.839],[76.376,9.839],[76.376,9.839],[76.376,9.839],[76.376,9.838],[76.375,9.838],[76.375,9.838],[76.375,9.838],[76.375,9.838],[76.375,9.838],[76.375,9.838],[76.374,9.838],[76.374,9.838],[76.374,9.838],[76.374,9.839],[76.373,9.839],[76.373,9.839],[76.373,9.839],[76.373,9.84],[76.373,9.84],[76.373,9.84],[76.373,9.84],[76.373,9.841],[76.373,9.841],[76.373,9.841],[76.373,9.841],[76.373,9.841],[76.376,9.841],[76.376,9.842],[76.378,9.842]]],[[[76.289,9.847],[76.289,9.847],[76.29,9.847],[76.29,9.847],[76.29,9.847],[76.29,9.846],[76.29,9.846],[76.29,9.846],[76.29,9.846],[76.29,9.845],[76.29,9.845],[76.29,9.845],[76.289,9.845],[76.289,9.844],[76.289,9.844],[76.289,9.844],[76.288,9.844],[76.288,9.844],[76.288,9.844],[76.288,9.845],[76.288,9.845],[76.288,9.846],[76.288,9.846],[76.288,9.847],[76.288,9.847],[76.288,9.847],[76.288,9.847],[76.288,9.847],[76.289,9.847]]],[[[76.35,9.875],[76.37,9.84],[76.349,9.874],[76.35,9.875]]],[[[76.308,9.922],[76.308,9.921],[76.309,9.921],[76.309,9.921],[76.309,9.921],[76.309,9.92],[76.309,9.92],[76.309,9.92],[76.31,9.92],[76.31,9.919],[76.31,9.919],[76.31,9.919],[76.31,9.919],[76.31,9.918],[76.31,9.918],[76.31,9.917],[76.311,9.917],[76.311,9.917],[76.311,9.917],[76.311,9.917],[76.311,9.917],[76.311,9.916],[76.312,9.916],[76.312,9.916],[76.312,9.916],[76.312,9.916],[76.312,9.916],[76.312,9.915],[76.313,9.915],[76.313,9.913],[76.312,9.913],[76.312,9.912],[76.312,9.912],[76.312,9.912],[76.312,9.912],[76.312,9.911],[76.312,9.911],[76.312,9.91],[76.311,9.91],[76.311,9.91],[76.311,9.91],[76.311,9.909],[76.311,9.909],[76.311,9.908],[76.312,9.908],[76.312,9.908],[76.312,9.908],[76.312,9.908],[76.312,9.908],[76.312,9.907],[76.312,9.907],[76.312,9.907],[76.313,9.907],[76.313,9.907],[76.313,9.907],[76.313,9.907],[76.313,9.907],[76.313,9.906],[76.314,9.906],[76.314,9.906],[76.314,9.906],[76.314,9.906],[76.314,9.906],[76.314,9.905],[76.315,9.905],[76.315,9.905],[76.315,9.905],[76.315,9.905],[76.315,9.905],[76.315,9.905],[76.316,9.905],[76.316,9.904],[76.316,9.904],[76.316,9.904],[76.316,9.904],[76.316,9.903],[76.317,9.903],[76.317,9.903],[76.317,9.903],[76.317,9.903],[76.317,9.903],[76.317,9.902],[76.317,9.902],[76.317,9.901],[76.317,9.901],[76.317,9.9],[76.316,9.9],[76.316,9.9],[76.316,9.9],[76.316,9.899],[76.316,9.899],[76.316,9.898],[76.315,9.898],[76.315,9.897],[76.316,9.897],[76.316,9.895],[76.316,9.895],[76.316,9.895],[76.316,9.895],[76.316,9.894],[76.317,9.894],[76.317,9.893],[76.317,9.893],[76.317,9.893],[76.317,9.893],[76.317,9.892],[76.317,9.892],[76.317,9.89],[76.318,9.89],[76.318,9.887],[76.317,9.887],[76.317,9.887],[76.316,9.887],[76.316,9.887],[76.315,9.887],[76.315,9.887],[76.313,9.887],[76.313,9.887],[76.312,9.887],[76.31,9.887],[76.31,9.888],[76.31,9.888],[76.31,9.888],[76.31,9.888],[76.31,9.888],[76.31,9.888],[76.31,9.889],[76.309,9.889],[76.309,9.89],[76.309,9.89],[76.309,9.891],[76.309,9.891],[76.309,9.892],[76.308,9.892],[76.308,9.892],[76.308,9.892],[76.308,9.893],[76.308,9.893],[76.308,9.894],[76.308,9.894],[76.308,9.895],[76.308,9.895],[76.307,9.895],[76.307,9.897],[76.307,9.897],[76.307,9.898],[76.307,9.898],[76.307,9.898],[76.307,9.898],[76.307,9.899],[76.306,9.899],[76.306,9.9],[76.306,9.9],[76.306,9.9],[76.306,9.9],[76.306,9.901],[76.305,9.901],[76.305,9.901],[76.305,9.901],[76.305,9.902],[76.305,9.902],[76.305,9.902],[76.305,9.902],[76.305,9.903],[76.304,9.903],[76.304,9.904],[76.305,9.904],[76.305,9.905],[76.305,9.905],[76.305,9.906],[76.305,9.906],[76.305,9.907],[76.304,9.907],[76.304,9.909],[76.305,9.909],[76.305,9.91],[76.305,9.91],[76.305,9.911],[76.305,9.911],[76.305,9.912],[76.305,9.912],[76.305,9.913],[76.306,9.913],[76.306,9.915],[76.305,9.915],[76.305,9.915],[76.305,9.915],[76.305,9.916],[76.305,9.916],[76.305,9.918],[76.305,9.918],[76.305,9.92],[76.305,9.92],[76.305,9.92],[76.305,9.92],[76.305,9.92],[76.305,9.92],[76.305,9.92],[76.306,9.92],[76.306,9.921],[76.306,9.921],[76.306,9.921],[76.307,9.921],[76.307,9.921],[76.308,9.921],[76.308,9.922],[76.308,9.922]]],[[[76.261,9.971],[76.287,9.941],[76.258,9.968],[76.261,9.971]]],[[[76.272,9.973],[76.272,9.972],[76.273,9.972],[76.273,9.972],[76.272,9.972],[76.272,9.972],[76.272,9.972],[76.272,9.971],[76.271,9.971],[76.271,9.971],[76.27,9.971],[76.27,9.971],[76.269,9.971],[76.269,9.972],[76.269,9.972],[76.269,9.972],[76.269,9.972],[76.269,9.973],[76.27,9.973],[76.27,9.972],[76.271,9.972],[76.271,9.973],[76.272,9.973],[76.272,9.973],[76.272,9.973]]],[[[76.244,9.981],[76.244,9.978],[76.244,9.978],[76.244,9.978],[76.243,9.978],[76.243,9.978],[76.243,9.978],[76.243,9.98],[76.243,9.98],[76.243,9.98],[76.243,9.98],[76.243,9.981],[76.244,9.981],[76.244,9.981],[76.244,9.981]]],[[[76.268,10.003],[76.268,10.003],[76.268,10.003],[76.268,10.002],[76.269,10.002],[76.269,10.002],[76.269,10.002],[76.269,10.001],[76.269,10.001],[76.269,10.001],[76.27,10.001],[76.27,10.0],[76.27,10.0],[76.27,10.0],[76.27,9.999],[76.27,9.999],[76.27,9.998],[76.269,9.998],[76.269,9.997],[76.269,9.997],[76.269,9.997],[76.268,9.997],[76.268,9.997],[76.268,9.997],[76.268,10.0],[76.268,10.0],[76.268,10.0],[76.267,10.0],[76.267,10.001],[76.267,10.001],[76.267,10.002],[76.267,10.002],[76.267,10.003],[76.267,10.003],[76.267,10.003],[76.268,10.003]]],[[[76.242,10.014],[76.242,10.014],[76.242,10.014],[76.242,10.014],[76.243,10.014],[76.243,10.013],[76.243,10.013],[76.243,10.013],[76.244,10.013],[76.244,10.012],[76.244,10.012],[76.244,10.012],[76.244,10.012],[76.244,10.012],[76.245,10.012],[76.245,10.011],[76.245,10.011],[76.245,10.01],[76.245,10.01],[76.245,10.01],[76.246,10.01],[76.246,10.01],[76.246,10.01],[76.246,10.01],[76.247,10.01],[76.247,10.009],[76.248,10.009],[76.248,10.009],[76.248,10.009],[76.248,10.009],[76.249,10.009],[76.249,10.008],[76.249,10.008],[76.249,10.008],[76.25,10.008],[76.25,10.008],[76.251,10.008],[76.251,10.007],[76.251,10.007],[76.251,10.007],[76.252,10.007],[76.252,10.007],[76.252,10.007],[76.252,10.007],[76.252,10.007],[76.252,10.006],[76.253,10.006],[76.253,10.006],[76.253,10.006],[76.253,10.005],[76.253,10.005],[76.253,10.003],[76.254,10.003],[76.254,10.001],[76.254,10.001],[76.254,10.001],[76.254,10.001],[76.254,10.0],[76.255,10.0],[76.255,10.0],[76.255,10.0],[76.255,10.0],[76.255,9.999],[76.255,9.999],[76.255,9.998],[76.255,9.998],[76.255,9.998],[76.256,9.998],[76.256,9.997],[76.256,9.997],[76.256,9.997],[76.256,9.997],[76.256,9.996],[76.257,9.996],[76.257,9.995],[76.257,9.995],[76.257,9.995],[76.257,9.995],[76.257,9.994],[76.257,9.994],[76.257,9.994],[76.257,9.994],[76.257,9.994],[76.257,9.994],[76.257,9.992],[76.258,9.992],[76.258,9.992],[76.258,9.992],[76.258,9.991],[76.258,9.991],[76.258,9.991],[76.258,9.991],[76.258,9.99],[76.259,9.99],[76.259,9.99],[76.258,9.99],[76.258,9.987],[76.259,9.987],[76.259,9.985],[76.259,9.985],[76.259,9.984],[76.259,9.984],[76.259,9.983],[76.26,9.983],[76.26,9.983],[76.26,9.983],[76.26,9.982],[76.26,9.982],[76.26,9.982],[76.26,9.982],[76.26,9.981],[76.26,9.981],[76.26,9.981],[76.259,9.981],[76.259,9.98],[76.258,9.98],[76.258,9.98],[76.258,9.98],[76.258,9.98],[76.258,9.98],[76.258,9.98],[76.257,9.98],[76.257,9.979],[76.257,9.979],[76.257,9.979],[76.256,9.979],[76.256,9.979],[76.255,9.979],[76.255,9.978],[76.255,9.978],[76.255,9.978],[76.254,9.978],[76.254,9.978],[76.253,9.978],[76.253,9.977],[76.253,9.977],[76.253,9.977],[76.252,9.977],[76.252,9.977],[76.252,9.977],[76.252,9.977],[76.251,9.977],[76.251,9.976],[76.25,9.976],[76.25,9.976],[76.248,9.976],[76.248,9.976],[76.247,9.976],[76.247,9.977],[76.247,9.977],[76.247,9.977],[76.247,9.984],[76.246,9.984],[76.246,9.984],[76.246,9.987],[76.246,9.987],[76.246,9.988],[76.246,9.988],[76.246,9.989],[76.245,9.989],[76.245,9.99],[76.245,9.99],[76.245,9.991],[76.245,9.991],[76.245,9.992],[76.245,9.992],[76.245,9.993],[76.244,9.993],[76.244,9.994],[76.244,9.995],[76.244,9.995],[76.244,9.996],[76.244,9.996],[76.244,9.997],[76.243,9.997],[76.243,9.998],[76.243,9.998],[76.243,9.998],[76.243,9.998],[76.243,10.0],[76.243,10.0],[76.244,10.0],[76.244,10.0],[76.244,10.0],[76.244,10.001],[76.244,10.001],[76.244,10.002],[76.243,10.002],[76.243,10.004],[76.244,10.004],[76.244,10.004],[76.243,10.004],[76.243,10.004],[76.243,10.004],[76.243,10.005],[76.243,10.005],[76.243,10.005],[76.243,10.005],[76.243,10.005],[76.242,10.005],[76.242,10.005],[76.242,10.005],[76.242,10.006],[76.242,10.006],[76.242,10.006],[76.242,10.006],[76.242,10.007],[76.241,10.007],[76.241,10.008],[76.241,10.008],[76.241,10.01],[76.241,10.01],[76.241,10.011],[76.24,10.011],[76.24,10.012],[76.24,10.012],[76.24,10.013],[76.24,10.013],[76.24,10.014],[76.24,10.014],[76.24,10.014],[76.241,10.014],[76.241,10.014],[76.241,10.014],[76.241,10.014],[76.242,10.014]]],[[[76.253,10.017],[76.253,10.014],[76.253,10.014],[76.253,10.013],[76.254,10.013],[76.254,10.013],[76.253,10.013],[76.253,10.013],[76.254,10.013],[76.254,10.012],[76.252,10.012],[76.252,10.013],[76.251,10.013],[76.251,10.013],[76.251,10.013],[76.251,10.014],[76.25,10.014],[76.25,10.014],[76.252,10.014],[76.252,10.014],[76.252,10.014],[76.252,10.015],[76.252,10.015],[76.252,10.016],[76.252,10.016],[76.252,10.017],[76.253,10.017]]],[[[76.262,10.03],[76.262,10.029],[76.262,10.029],[76.262,10.029],[76.261,10.029],[76.261,10.029],[76.261,10.029],[76.261,10.028],[76.26,10.028],[76.26,10.027],[76.26,10.027],[76.26,10.027],[76.26,10.027],[76.26,10.026],[76.259,10.026],[76.259,10.025],[76.258,10.025],[76.258,10.026],[76.258,10.026],[76.258,10.027],[76.259,10.027],[76.259,10.028],[76.259,10.028],[76.259,10.028],[76.259,10.028],[76.259,10.029],[76.26,10.029],[76.26,10.029],[76.26,10.029],[76.26,10.03],[76.26,10.03],[76.26,10.03],[76.262,10.03]]],[[[76.266,10.031],[76.266,10.03],[76.266,10.03],[76.266,10.028],[76.266,10.028],[76.266,10.027],[76.266,10.027],[76.266,10.027],[76.267,10.027],[76.267,10.026],[76.267,10.026],[76.267,10.025],[76.267,10.025],[76.267,10.023],[76.266,10.023],[76.266,10.023],[76.264,10.023],[76.264,10.022],[76.263,10.022],[76.263,10.022],[76.263,10.022],[76.263,10.022],[76.263,10.022],[76.263,10.021],[76.264,10.021],[76.264,10.021],[76.264,10.021],[76.264,10.02],[76.264,10.02],[76.264,10.02],[76.265,10.02],[76.265,10.02],[76.265,10.02],[76.265,10.019],[76.265,10.019],[76.265,10.019],[76.265,10.019],[76.265,10.018],[76.263,10.018],[76.263,10.019],[76.262,10.019],[76.262,10.019],[76.262,10.019],[76.262,10.019],[76.262,10.019],[76.262,10.02],[76.261,10.02],[76.261,10.02],[76.261,10.02],[76.261,10.02],[76.26,10.02],[76.26,10.021],[76.26,10.021],[76.26,10.021],[76.259,10.021],[76.259,10.022],[76.259,10.022],[76.259,10.022],[76.258,10.022],[76.258,10.022],[76.258,10.022],[76.258,10.023],[76.258,10.023],[76.258,10.024],[76.258,10.024],[76.258,10.024],[76.259,10.024],[76.259,10.025],[76.259,10.025],[76.259,10.025],[76.26,10.025],[76.26,10.025],[76.26,10.025],[76.26,10.025],[76.26,10.025],[76.26,10.026],[76.261,10.026],[76.261,10.027],[76.261,10.027],[76.261,10.028],[76.262,10.028],[76.262,10.028],[76.262,10.028],[76.262,10.029],[76.262,10.029],[76.262,10.029],[76.263,10.029],[76.263,10.029],[76.262,10.029],[76.262,10.03],[76.262,10.03],[76.262,10.03],[76.262,10.03],[76.262,10.03],[76.266,10.03],[76.266,10.031],[76.266,10.031]]],[[[76.24,10.102],[76.24,10.102],[76.24,10.102],[76.24,10.102],[76.241,10.102],[76.241,10.102],[76.241,10.102],[76.241,10.101],[76.242,10.101],[76.242,10.101],[76.242,10.101],[76.242,10.101],[76.243,10.101],[76.243,10.1],[76.243,10.1],[76.243,10.099],[76.243,10.099],[76.243,10.099],[76.243,10.099],[76.243,10.099],[76.244,10.099],[76.244,10.098],[76.245,10.098],[76.245,10.098],[76.245,10.098],[76.245,10.098],[76.245,10.098],[76.245,10.098],[76.245,10.098],[76.245,10.097],[76.246,10.097],[76.246,10.097],[76.246,10.097],[76.246,10.097],[76.247,10.097],[76.247,10.096],[76.247,10.096],[76.247,10.095],[76.247,10.095],[76.247,10.095],[76.247,10.095],[76.247,10.094],[76.248,10.094],[76.248,10.093],[76.248,10.093],[76.248,10.093],[76.248,10.093],[76.248,10.091],[76.248,10.091],[76.248,10.091],[76.247,10.091],[76.247,10.092],[76.247,10.092],[76.247,10.092],[76.247,10.092],[76.247,10.093],[76.247,10.093],[76.247,10.093],[76.246,10.093],[76.246,10.094],[76.246,10.094],[76.246,10.095],[76.245,10.095],[76.245,10.096],[76.245,10.096],[76.245,10.097],[76.244,10.097],[76.244,10.097],[76.243,10.097],[76.243,10.097],[76.243,10.097],[76.243,10.097],[76.242,10.097],[76.242,10.097],[76.242,10.097],[76.242,10.092],[76.24,10.092],[76.24,10.093],[76.241,10.093],[76.241,10.095],[76.24,10.095],[76.24,10.096],[76.24,10.096],[76.24,10.096],[76.24,10.096],[76.24,10.097],[76.241,10.097],[76.241,10.097],[76.242,10.097],[76.242,10.098],[76.243,10.098],[76.243,10.098],[76.243,10.098],[76.243,10.098],[76.242,10.098],[76.242,10.098],[76.239,10.098],[76.239,10.099],[76.239,10.099],[76.239,10.099],[76.239,10.099],[76.239,10.1],[76.239,10.1],[76.239,10.1],[76.239,10.1],[76.239,10.1],[76.238,10.1],[76.238,10.101],[76.238,10.101],[76.238,10.101],[76.238,10.101],[76.238,10.102],[76.238,10.102],[76.238,10.102],[76.239,10.102],[76.239,10.102],[76.24,10.102]]],[[[76.052,10.535],[76.052,10.535],[76.052,10.535],[76.052,10.534],[76.052,10.534],[76.052,10.534],[76.051,10.534],[76.051,10.533],[76.05,10.533],[76.05,10.534],[76.049,10.534],[76.049,10.534],[76.05,10.534],[76.05,10.535],[76.05,10.535],[76.05,10.535],[76.05,10.535],[76.05,10.535],[76.051,10.535],[76.051,10.535],[76.052,10.535]]],[[[76.051,10.539],[76.051,10.539],[76.051,10.539],[76.051,10.538],[76.052,10.538],[76.052,10.537],[76.051,10.537],[76.051,10.537],[76.051,10.537],[76.051,10.536],[76.05,10.536],[76.05,10.536],[76.049,10.536],[76.049,10.537],[76.049,10.537],[76.049,10.538],[76.05,10.538],[76.05,10.539],[76.051,10.539]]],[[[75.838,11.134],[75.838,11.134],[75.838,11.134],[75.838,11.134],[75.838,11.134],[75.838,11.133],[75.838,11.133],[75.838,11.133],[75.838,11.132],[75.838,11.132],[75.838,11.131],[75.837,11.131],[75.837,11.131],[75.837,11.131],[75.837,11.13],[75.837,11.13],[75.837,11.129],[75.837,11.129],[75.837,11.129],[75.836,11.129],[75.836,11.128],[75.836,11.128],[75.836,11.128],[75.835,11.128],[75.835,11.128],[75.835,11.128],[75.835,11.127],[75.834,11.127],[75.834,11.127],[75.833,11.127],[75.833,11.127],[75.832,11.127],[75.832,11.127],[75.832,11.127],[75.832,11.127],[75.831,11.127],[75.831,11.128],[75.831,11.128],[75.831,11.129],[75.83,11.129],[75.83,11.129],[75.83,11.129],[75.83,11.13],[75.832,11.13],[75.832,11.13],[75.832,11.13],[75.832,11.131],[75.833,11.131],[75.833,11.131],[75.833,11.131],[75.833,11.132],[75.833,11.132],[75.833,11.132],[75.833,11.132],[75.833,11.132],[75.834,11.132],[75.834,11.132],[75.834,11.132],[75.834,11.133],[75.835,11.133],[75.835,11.133],[75.835,11.133],[75.835,11.133],[75.836,11.133],[75.836,11.134],[75.836,11.134],[75.836,11.134],[75.837,11.134],[75.837,11.134],[75.838,11.134]]],[[[75.811,11.162],[75.811,11.162],[75.812,11.162],[75.812,11.161],[75.811,11.161],[75.811,11.16],[75.811,11.16],[75.811,11.159],[75.81,11.159],[75.81,11.16],[75.81,11.16],[75.81,11.162],[75.811,11.162],[75.811,11.162],[75.811,11.162]]],[[[75.366,11.942],[75.366,11.942],[75.366,11.942],[75.366,11.941],[75.366,11.941],[75.366,11.94],[75.365,11.94],[75.365,11.94],[75.365,11.94],[75.365,11.94],[75.365,11.94],[75.365,11.939],[75.365,11.939],[75.365,11.939],[75.364,11.939],[75.364,11.938],[75.364,11.938],[75.364,11.938],[75.364,11.938],[75.364,11.939],[75.364,11.939],[75.364,11.939],[75.364,11.939],[75.364,11.94],[75.365,11.94],[75.365,11.941],[75.365,11.941],[75.365,11.942],[75.365,11.942],[75.365,11.942],[75.366,11.942],[75.366,11.942],[75.366,11.942],[75.366,11.942],[75.366,11.942],[75.366,11.943],[75.367,11.943],[75.367,11.943],[75.367,11.943],[75.367,11.942],[75.366,11.942]]],[[[75.368,11.943],[75.368,11.942],[75.368,11.942],[75.368,11.942],[75.368,11.942],[75.368,11.941],[75.368,11.941],[75.368,11.94],[75.368,11.94],[75.368,11.94],[75.367,11.94],[75.367,11.939],[75.367,11.939],[75.367,11.938],[75.367,11.938],[75.367,11.938],[75.366,11.938],[75.366,11.937],[75.366,11.937],[75.366,11.937],[75.366,11.937],[75.366,11.937],[75.365,11.937],[75.365,11.936],[75.365,11.936],[75.365,11.936],[75.364,11.936],[75.364,11.937],[75.365,11.937],[75.365,11.938],[75.365,11.938],[75.365,11.939],[75.365,11.939],[75.365,11.939],[75.366,11.939],[75.366,11.94],[75.366,11.94],[75.366,11.94],[75.366,11.94],[75.366,11.94],[75.367,11.94],[75.367,11.942],[75.367,11.942],[75.367,11.942],[75.367,11.942],[75.367,11.943],[75.367,11.943],[75.367,11.943],[75.368,11.943]]],[[[75.301,11.963],[75.301,11.963],[75.301,11.963],[75.301,11.963],[75.302,11.963],[75.302,11.962],[75.302,11.962],[75.302,11.962],[75.302,11.962],[75.302,11.961],[75.302,11.961],[75.302,11.96],[75.302,11.96],[75.302,11.96],[75.302,11.96],[75.302,11.96],[75.301,11.96],[75.301,11.961],[75.301,11.961],[75.301,11.962],[75.3,11.962],[75.3,11.962],[75.3,11.962],[75.3,11.963],[75.3,11.963],[75.3,11.963],[75.301,11.963]]],[[[75.297,11.968],[75.297,11.968],[75.297,11.968],[75.297,11.968],[75.297,11.968],[75.297,11.968],[75.297,11.968],[75.297,11.967],[75.298,11.967],[75.298,11.967],[75.298,11.967],[75.298,11.967],[75.298,11.967],[75.298,11.966],[75.298,11.966],[75.298,11.966],[75.299,11.966],[75.299,11.965],[75.298,11.965],[75.298,11.965],[75.298,11.965],[75.298,11.965],[75.298,11.965],[75.298,11.966],[75.297,11.966],[75.297,11.966],[75.297,11.966],[75.297,11.966],[75.297,11.966],[75.297,11.967],[75.296,11.967],[75.296,11.967],[75.296,11.967],[75.296,11.968],[75.295,11.968],[75.295,11.968],[75.295,11.968],[75.295,11.968],[75.296,11.968],[75.296,11.968],[75.297,11.968]]],[[[75.285,11.987],[75.285,11.987],[75.286,11.987],[75.286,11.987],[75.287,11.987],[75.287,11.986],[75.287,11.986],[75.287,11.986],[75.288,11.986],[75.288,11.986],[75.288,11.985],[75.288,11.985],[75.288,11.983],[75.288,11.983],[75.288,11.983],[75.289,11.983],[75.289,11.982],[75.289,11.982],[75.289,11.982],[75.289,11.982],[75.289,11.982],[75.29,11.982],[75.29,11.982],[75.29,11.982],[75.29,11.981],[75.29,11.981],[75.29,11.981],[75.29,11.981],[75.29,11.98],[75.291,11.98],[75.291,11.979],[75.291,11.979],[75.291,11.979],[75.291,11.979],[75.291,11.978],[75.292,11.978],[75.292,11.978],[75.292,11.978],[75.292,11.978],[75.292,11.978],[75.292,11.977],[75.292,11.977],[75.292,11.977],[75.293,11.977],[75.293,11.977],[75.293,11.977],[75.293,11.976],[75.293,11.976],[75.293,11.976],[75.293,11.976],[75.293,11.975],[75.294,11.975],[75.294,11.975],[75.294,11.975],[75.294,11.974],[75.294,11.974],[75.294,11.974],[75.295,11.974],[75.295,11.973],[75.295,11.973],[75.295,11.972],[75.295,11.972],[75.295,11.972],[75.295,11.972],[75.295,11.971],[75.296,11.971],[75.296,11.97],[75.296,11.97],[75.296,11.969],[75.295,11.969],[75.295,11.97],[75.295,11.97],[75.295,11.97],[75.295,11.97],[75.295,11.969],[75.294,11.969],[75.294,11.97],[75.294,11.97],[75.294,11.97],[75.293,11.97],[75.293,11.97],[75.293,11.97],[75.293,11.97],[75.292,11.97],[75.292,11.971],[75.292,11.971],[75.292,11.971],[75.292,11.971],[75.292,11.972],[75.292,11.972],[75.292,11.972],[75.291,11.972],[75.291,11.972],[75.291,11.972],[75.291,11.973],[75.291,11.973],[75.291,11.973],[75.29,11.973],[75.29,11.974],[75.29,11.974],[75.29,11.974],[75.29,11.974],[75.29,11.975],[75.289,11.975],[75.289,11.975],[75.289,11.975],[75.289,11.977],[75.289,11.977],[75.289,11.978],[75.288,11.978],[75.288,11.978],[75.288,11.978],[75.288,11.978],[75.288,11.978],[75.288,11.979],[75.288,11.979],[75.288,11.98],[75.287,11.98],[75.287,11.98],[75.287,11.98],[75.287,11.981],[75.287,11.981],[75.287,11.981],[75.287,11.981],[75.287,11.982],[75.286,11.982],[75.286,11.983],[75.286,11.983],[75.286,11.984],[75.285,11.984],[75.285,11.985],[75.285,11.985],[75.285,11.986],[75.285,11.986],[75.285,11.987],[75.285,11.987],[75.285,11.987],[75.285,11.987]]],[[[75.298,12.017],[75.298,12.016],[75.298,12.016],[75.298,12.016],[75.298,12.016],[75.298,12.016],[75.297,12.016],[75.297,12.015],[75.297,12.015],[75.297,12.015],[75.297,12.015],[75.297,12.014],[75.296,12.014],[75.296,12.014],[75.296,12.014],[75.296,12.013],[75.296,12.013],[75.296,12.013],[75.295,12.013],[75.295,12.013],[75.294,12.013],[75.294,12.013],[75.291,12.013],[75.291,12.013],[75.29,12.013],[75.29,12.013],[75.29,12.013],[75.29,12.013],[75.289,12.013],[75.289,12.014],[75.289,12.014],[75.289,12.014],[75.288,12.014],[75.288,12.014],[75.288,12.014],[75.288,12.015],[75.289,12.015],[75.289,12.015],[75.289,12.015],[75.289,12.015],[75.29,12.015],[75.29,12.015],[75.291,12.015],[75.291,12.014],[75.291,12.014],[75.291,12.014],[75.292,12.014],[75.292,12.014],[75.292,12.014],[75.292,12.014],[75.293,12.014],[75.293,12.016],[75.293,12.016],[75.293,12.015],[75.294,12.015],[75.294,12.016],[75.295,12.016],[75.295,12.016],[75.295,12.016],[75.295,12.016],[75.296,12.016],[75.296,12.017],[75.296,12.017],[75.296,12.017],[75.296,12.017],[75.296,12.017],[75.298,12.017]]],[[[75.298,12.024],[75.298,12.023],[75.298,12.023],[75.298,12.023],[75.3,12.023],[75.3,12.022],[75.3,12.022],[75.3,12.022],[75.298,12.022],[75.298,12.022],[75.297,12.022],[75.297,12.021],[75.297,12.021],[75.297,12.022],[75.296,12.022],[75.296,12.022],[75.296,12.022],[75.296,12.022],[75.295,12.022],[75.295,12.023],[75.296,12.023],[75.296,12.024],[75.298,12.024]]],[[[75.158,12.109],[75.175,12.073],[75.157,12.109],[75.158,12.109]]],[[[75.163,12.115],[75.163,12.115],[75.164,12.115],[75.164,12.115],[75.164,12.115],[75.164,12.115],[75.165,12.115],[75.165,12.114],[75.165,12.114],[75.165,12.114],[75.166,12.114],[75.166,12.113],[75.167,12.113],[75.167,12.113],[75.167,12.113],[75.167,12.113],[75.168,12.113],[75.168,12.112],[75.169,12.112],[75.169,12.112],[75.169,12.112],[75.169,12.112],[75.169,12.112],[75.169,12.112],[75.17,12.112],[75.17,12.111],[75.17,12.111],[75.17,12.111],[75.17,12.111],[75.17,12.11],[75.171,12.11],[75.171,12.109],[75.171,12.109],[75.171,12.109],[75.171,12.109],[75.171,12.108],[75.17,12.108],[75.17,12.107],[75.17,12.107],[75.17,12.107],[75.17,12.107],[75.17,12.106],[75.17,12.106],[75.17,12.106],[75.169,12.106],[75.169,12.105],[75.169,12.105],[75.169,12.104],[75.169,12.104],[75.169,12.104],[75.169,12.104],[75.169,12.104],[75.169,12.104],[75.169,12.103],[75.17,12.103],[75.17,12.103],[75.17,12.103],[75.17,12.102],[75.17,12.102],[75.17,12.101],[75.17,12.101],[75.17,12.101],[75.171,12.101],[75.171,12.101],[75.172,12.101],[75.172,12.099],[75.171,12.099],[75.171,12.098],[75.171,12.098],[75.171,12.098],[75.171,12.098],[75.171,12.098],[75.17,12.098],[75.17,12.098],[75.17,12.098],[75.17,12.097],[75.17,12.097],[75.17,12.097],[75.17,12.097],[75.17,12.096],[75.169,12.096],[75.169,12.096],[75.168,12.096],[75.168,12.097],[75.168,12.097],[75.168,12.097],[75.168,12.097],[75.168,12.097],[75.168,12.097],[75.168,12.098],[75.167,12.098],[75.167,12.098],[75.167,12.098],[75.167,12.1],[75.167,12.1],[75.167,12.102],[75.166,12.102],[75.166,12.102],[75.166,12.102],[75.166,12.103],[75.166,12.103],[75.166,12.103],[75.166,12.103],[75.166,12.103],[75.165,12.103],[75.165,12.104],[75.165,12.104],[75.165,12.105],[75.165,12.105],[75.165,12.105],[75.164,12.105],[75.164,12.105],[75.164,12.105],[75.164,12.105],[75.163,12.105],[75.163,12.106],[75.163,12.106],[75.163,12.107],[75.163,12.107],[75.163,12.108],[75.163,12.108],[75.163,12.108],[75.162,12.108],[75.162,12.108],[75.162,12.108],[75.162,12.109],[75.162,12.109],[75.162,12.11],[75.162,12.11],[75.162,12.11],[75.162,12.11],[75.162,12.11],[75.162,12.11],[75.162,12.111],[75.162,12.111],[75.162,12.111],[75.161,12.111],[75.161,12.111],[75.161,12.111],[75.161,12.112],[75.16,12.112],[75.16,12.114],[75.161,12.114],[75.161,12.115],[75.161,12.115],[75.161,12.115],[75.162,12.115],[75.162,12.115],[75.163,12.115],[75.163,12.115],[75.163,12.115]]],[[[75.194,12.116],[75.194,12.116],[75.194,12.116],[75.194,12.115],[75.195,12.115],[75.195,12.114],[75.194,12.114],[75.194,12.114],[75.194,12.114],[75.194,12.113],[75.193,12.113],[75.193,12.114],[75.192,12.114],[75.192,12.114],[75.192,12.114],[75.192,12.115],[75.192,12.115],[75.192,12.116],[75.193,12.116],[75.193,12.116],[75.193,12.116],[75.193,12.116],[75.194,12.116]]],[[[75.154,12.143],[75.154,12.142],[75.154,12.142],[75.154,12.142],[75.155,12.142],[75.155,12.141],[75.155,12.141],[75.155,12.141],[75.155,12.141],[75.155,12.14],[75.155,12.14],[75.155,12.14],[75.156,12.14],[75.156,12.14],[75.156,12.14],[75.156,12.14],[75.157,12.14],[75.157,12.14],[75.157,12.14],[75.157,12.14],[75.158,12.14],[75.158,12.139],[75.158,12.139],[75.158,12.139],[75.159,12.139],[75.159,12.138],[75.159,12.138],[75.159,12.138],[75.159,12.138],[75.159,12.137],[75.16,12.137],[75.16,12.137],[75.16,12.137],[75.16,12.136],[75.161,12.136],[75.161,12.136],[75.161,12.136],[75.161,12.136],[75.161,12.136],[75.161,12.135],[75.162,12.135],[75.162,12.135],[75.162,12.135],[75.162,12.134],[75.162,12.134],[75.162,12.133],[75.162,12.133],[75.162,12.133],[75.162,12.133],[75.162,12.132],[75.161,12.132],[75.161,12.131],[75.161,12.131],[75.161,12.131],[75.16,12.131],[75.16,12.131],[75.16,12.131],[75.16,12.13],[75.16,12.13],[75.16,12.128],[75.16,12.128],[75.16,12.127],[75.16,12.127],[75.16,12.126],[75.159,12.126],[75.159,12.125],[75.16,12.125],[75.16,12.125],[75.159,12.125],[75.159,12.125],[75.159,12.123],[75.159,12.123],[75.159,12.123],[75.159,12.123],[75.159,12.122],[75.159,12.122],[75.159,12.122],[75.159,12.122],[75.159,12.121],[75.158,12.121],[75.158,12.121],[75.158,12.121],[75.158,12.121],[75.158,12.121],[75.158,12.123],[75.158,12.123],[75.158,12.124],[75.157,12.124],[75.157,12.125],[75.157,12.125],[75.157,12.125],[75.157,12.125],[75.157,12.125],[75.156,12.125],[75.156,12.126],[75.156,12.126],[75.156,12.126],[75.156,12.126],[75.156,12.127],[75.155,12.127],[75.155,12.127],[75.155,12.127],[75.155,12.128],[75.155,12.128],[75.155,12.129],[75.154,12.129],[75.154,12.13],[75.154,12.13],[75.154,12.131],[75.153,12.131],[75.153,12.132],[75.153,12.132],[75.153,12.132],[75.153,12.132],[75.153,12.133],[75.152,12.133],[75.152,12.133],[75.152,12.133],[75.152,12.134],[75.152,12.134],[75.152,12.134],[75.152,12.134],[75.152,12.135],[75.151,12.135],[75.151,12.136],[75.151,12.136],[75.151,12.136],[75.151,12.136],[75.151,12.137],[75.151,12.137],[75.151,12.138],[75.151,12.138],[75.151,12.138],[75.15,12.138],[75.15,12.139],[75.15,12.139],[75.15,12.14],[75.15,12.14],[75.15,12.141],[75.15,12.141],[75.15,12.142],[75.151,12.142],[75.151,12.142],[75.151,12.142],[75.151,12.142],[75.152,12.142],[75.152,12.142],[75.152,12.142],[75.152,12.143],[75.153,12.143],[75.153,12.142],[75.153,12.142],[75.153,12.143],[75.154,12.143]]],[[[75.135,12.186],[75.151,12.148],[75.134,12.184],[75.135,12.186]]],[[[75.132,12.192],[75.132,12.191],[75.132,12.191],[75.132,12.191],[75.133,12.191],[75.133,12.191],[75.133,12.191],[75.133,12.19],[75.133,12.19],[75.133,12.19],[75.134,12.19],[75.134,12.19],[75.134,12.19],[75.134,12.189],[75.134,12.189],[75.134,12.188],[75.134,12.188],[75.134,12.187],[75.133,12.187],[75.133,12.188],[75.133,12.188],[75.133,12.188],[75.133,12.188],[75.133,12.188],[75.132,12.188],[75.132,12.189],[75.132,12.189],[75.132,12.189],[75.132,12.189],[75.132,12.19],[75.132,12.19],[75.132,12.191],[75.131,12.191],[75.131,12.192],[75.132,12.192]]],[[[75.13,12.198],[75.13,12.198],[75.131,12.198],[75.131,12.198],[75.131,12.198],[75.131,12.197],[75.132,12.197],[75.132,12.196],[75.131,12.196],[75.131,12.195],[75.131,12.195],[75.131,12.195],[75.13,12.195],[75.13,12.195],[75.13,12.195],[75.13,12.195],[75.129,12.195],[75.129,12.197],[75.13,12.197],[75.13,12.198],[75.13,12.198],[75.13,12.198],[75.13,12.198]]],[[[75.127,12.205],[75.14,12.167],[75.15,12.128],[75.135,12.166],[75.125,12.205],[75.127,12.205]]],[[[74.996,12.788],[74.995,12.745],[75.014,12.708],[75.056,12.703],[75.045,12.663],[75.085,12.67],[75.127,12.673],[75.143,12.633],[75.183,12.627],[75.21,12.597],[75.231,12.561],[75.259,12.591],[75.298,12.598],[75.277,12.564],[75.28,12.523],[75.31,12.496],[75.341,12.465],[75.377,12.486],[75.42,12.48],[75.392,12.445],[75.366,12.407],[75.397,12.375],[75.414,12.334],[75.422,12.291],[75.467,12.295],[75.494,12.265],[75.52,12.233],[75.538,12.195],[75.57,12.165],[75.608,12.149],[75.644,12.127],[75.662,12.091],[75.702,12.1],[75.717,12.062],[75.758,12.077],[75.8,12.071],[75.8,12.03],[75.824,11.995],[75.851,11.957],[75.89,11.938],[75.931,11.931],[75.973,11.928],[76.014,11.933],[76.067,11.958],[76.108,11.971],[76.109,11.928],[76.107,11.876],[76.149,11.861],[76.196,11.856],[76.212,11.814],[76.253,11.8],[76.295,11.778],[76.318,11.74],[76.372,11.736],[76.417,11.726],[76.402,11.683],[76.428,11.648],[76.38,11.622],[76.35,11.583],[76.309,11.57],[76.271,11.593],[76.226,11.564],[76.243,11.524],[76.241,11.475],[76.286,11.469],[76.321,11.445],[76.361,11.448],[76.41,11.434],[76.439,11.391],[76.51,11.361],[76.541,11.327],[76.522,11.281],[76.488,11.252],[76.446,11.23],[76.453,11.18],[76.488,11.203],[76.536,11.189],[76.578,11.197],[76.623,11.186],[76.668,11.211],[76.71,11.218],[76.714,11.178],[76.691,11.145],[76.729,11.125],[76.739,11.084],[76.755,11.039],[76.712,11.032],[76.68,10.999],[76.66,10.96],[76.653,10.92],[76.693,10.902],[76.731,10.884],[76.773,10.882],[76.818,10.862],[76.845,10.827],[76.882,10.801],[76.894,10.761],[76.879,10.72],[76.862,10.681],[76.875,10.639],[76.831,10.626],[76.815,10.588],[76.826,10.543],[76.825,10.503],[76.817,10.438],[76.823,10.394],[76.836,10.353],[76.824,10.312],[76.858,10.289],[76.885,10.255],[76.909,10.223],[76.952,10.22],[76.994,10.228],[77.039,10.248],[77.061,10.286],[77.101,10.304],[77.148,10.334],[77.189,10.346],[77.214,10.306],[77.247,10.258],[77.27,10.224],[77.264,10.18],[77.257,10.136],[77.221,10.115],[77.188,10.093],[77.213,10.058],[77.242,10.026],[77.245,9.986],[77.25,9.943],[77.217,9.906],[77.199,9.866],[77.209,9.815],[77.211,9.766],[77.208,9.722],[77.186,9.678],[77.166,9.638],[77.175,9.597],[77.215,9.579],[77.255,9.565],[77.304,9.593],[77.351,9.589],[77.338,9.55],[77.361,9.516],[77.396,9.497],[77.377,9.459],[77.334,9.431],[77.328,9.39],[77.31,9.335],[77.284,9.301],[77.268,9.262],[77.261,9.217],[77.237,9.179],[77.246,9.139],[77.217,9.108],[77.19,9.075],[77.17,9.034],[77.132,9.012],[77.158,8.978],[77.181,8.942],[77.202,8.907],[77.227,8.872],[77.247,8.832],[77.224,8.798],[77.199,8.766],[77.171,8.733],[77.183,8.69],[77.195,8.649],[77.228,8.613],[77.252,8.571],[77.258,8.528],[77.232,8.496],[77.192,8.499],[77.205,8.456],[77.18,8.419],[77.154,8.377],[77.151,8.335],[77.112,8.316],[77.072,8.312],[77.041,8.338],[77.008,8.362],[76.975,8.385],[76.959,8.422],[76.934,8.453],[76.908,8.483],[76.882,8.514],[76.857,8.545],[76.832,8.576],[76.807,8.608],[76.781,8.639],[76.756,8.67],[76.731,8.702],[76.705,8.733],[76.683,8.767],[76.659,8.798],[76.636,8.831],[76.608,8.861],[76.574,8.882],[76.544,8.909],[76.535,8.948],[76.524,8.987],[76.514,9.026],[76.497,9.063],[76.48,9.1],[76.485,9.139],[76.458,9.169],[76.442,9.207],[76.425,9.243],[76.437,9.205],[76.455,9.169],[76.433,9.204],[76.416,9.24],[76.399,9.276],[76.381,9.312],[76.366,9.35],[76.349,9.386],[76.337,9.424],[76.325,9.465],[76.315,9.505],[76.308,9.544],[76.302,9.584],[76.296,9.624],[76.292,9.667],[76.288,9.707],[76.284,9.748],[76.277,9.788],[76.27,9.832],[76.262,9.872],[76.253,9.912],[76.24,9.95],[76.273,9.928],[76.297,9.896],[76.26,9.912],[76.267,9.872],[76.284,9.835],[76.296,9.874],[76.318,9.841],[76.326,9.802],[76.339,9.763],[76.345,9.724],[76.34,9.764],[76.33,9.804],[76.319,9.843],[76.354,9.824],[76.364,9.785],[76.37,9.745],[76.364,9.704],[76.394,9.678],[76.38,9.639],[76.366,9.601],[76.357,9.562],[76.367,9.522],[76.414,9.527],[76.459,9.528],[76.5,9.529],[76.466,9.55],[76.427,9.555],[76.424,9.596],[76.417,9.636],[76.407,9.675],[76.384,9.708],[76.39,9.748],[76.372,9.784],[76.39,9.82],[76.379,9.859],[76.362,9.896],[76.328,9.916],[76.295,9.938],[76.277,9.975],[76.273,10.015],[76.251,10.049],[76.26,10.089],[76.23,10.116],[76.242,10.078],[76.218,10.11],[76.226,10.069],[76.238,10.031],[76.24,9.991],[76.214,10.021],[76.2,10.059],[76.19,10.098],[76.18,10.137],[76.166,10.175],[76.198,10.15],[76.18,10.186],[76.151,10.215],[76.139,10.254],[76.128,10.293],[76.117,10.332],[76.102,10.37],[76.088,10.408],[76.072,10.444],[76.054,10.481],[76.04,10.518],[76.044,10.558],[76.036,10.519],[76.016,10.555],[75.999,10.591],[75.983,10.628],[75.967,10.664],[75.95,10.702],[75.933,10.738],[75.918,10.775],[75.905,10.814],[75.897,10.853],[75.888,10.893],[75.88,10.933],[75.87,10.972],[75.859,11.011],[75.849,11.05],[75.838,11.09],[75.838,11.13],[75.806,11.155],[75.792,11.193],[75.778,11.231],[75.765,11.269],[75.751,11.307],[75.735,11.344],[75.721,11.382],[75.702,11.417],[75.679,11.45],[75.642,11.466],[75.615,11.496],[75.601,11.533],[75.592,11.572],[75.574,11.608],[75.559,11.646],[75.542,11.682],[75.518,11.715],[75.491,11.744],[75.488,11.784],[75.448,11.782],[75.424,11.814],[75.397,11.844],[75.359,11.859],[75.336,11.892],[75.312,11.925],[75.352,11.931],[75.389,11.915],[75.374,11.952],[75.335,11.943],[75.304,11.971],[75.278,12.002],[75.318,12.011],[75.335,12.047],[75.296,12.059],[75.309,12.103],[75.352,12.109],[75.392,12.126],[75.348,12.135],[75.293,12.116],[75.247,12.104],[75.223,12.064],[75.231,12.025],[75.191,12.029],[75.181,12.068],[75.193,12.106],[75.164,12.134],[75.147,12.17],[75.131,12.207],[75.106,12.239],[75.09,12.277],[75.075,12.314],[75.061,12.352],[75.041,12.387],[75.015,12.418],[74.997,12.454],[74.979,12.49],[74.963,12.527],[74.948,12.564],[74.933,12.601],[74.918,12.639],[74.902,12.676],[74.883,12.711],[74.868,12.748],[74.908,12.763],[74.954,12.779],[74.996,12.788]]]]}},{"type":"Feature","properties":{"NAME_1":"Lakshadweep","state":"Lakshadweep"},"geometry":{"type":"MultiPolygon","coordinates":[[[[73.01,8.28],[73.01,8.28],[73.01,8.28],[73.01,8.28],[73.011,8.28],[73.011,8.28],[73.011,8.28],[73.011,8.279],[73.012,8.279],[73.012,8.279],[73.012,8.279],[73.012,8.279],[73.013,8.279],[73.013,8.277],[73.013,8.277],[73.013,8.277],[73.012,8.277],[73.012,8.277],[73.012,8.277],[73.012,8.277],[73.011,8.277],[73.011,8.277],[73.011,8.277],[73.011,8.277],[73.011,8.277],[73.011,8.277],[73.01,8.277],[73.01,8.278],[73.01,8.278],[73.01,8.279],[73.01,8.279],[73.01,8.28],[73.01,8.28]]],[[[73.081,8.328],[73.067,8.29],[73.032,8.267],[73.062,8.293],[73.081,8.328]]],[[[72.29,10.05],[72.29,10.049],[72.29,10.049],[72.29,10.048],[72.29,10.048],[72.29,10.048],[72.289,10.048],[72.289,10.048],[72.289,10.048],[72.289,10.047],[72.288,10.047],[72.288,10.046],[72.288,10.046],[72.288,10.046],[72.288,10.046],[72.288,10.044],[72.288,10.044],[72.288,10.043],[72.287,10.043],[72.287,10.042],[72.287,10.042],[72.287,10.041],[72.287,10.041],[72.287,10.041],[72.287,10.041],[72.287,10.04],[72.286,10.04],[72.286,10.04],[72.286,10.04],[72.286,10.04],[72.286,10.04],[72.286,10.04],[72.285,10.04],[72.285,10.039],[72.285,10.039],[72.285,10.039],[72.285,10.039],[72.285,10.039],[72.284,10.039],[72.284,10.038],[72.284,10.038],[72.284,10.038],[72.283,10.038],[72.283,10.038],[72.282,10.038],[72.282,10.038],[72.282,10.038],[72.282,10.038],[72.281,10.038],[72.281,10.039],[72.282,10.039],[72.282,10.04],[72.282,10.04],[72.282,10.041],[72.282,10.041],[72.282,10.041],[72.282,10.041],[72.282,10.041],[72.283,10.041],[72.283,10.042],[72.283,10.042],[72.283,10.042],[72.283,10.042],[72.283,10.042],[72.283,10.042],[72.283,10.043],[72.284,10.043],[72.284,10.043],[72.284,10.043],[72.284,10.044],[72.284,10.044],[72.284,10.044],[72.285,10.044],[72.285,10.044],[72.285,10.044],[72.285,10.045],[72.285,10.045],[72.285,10.045],[72.285,10.045],[72.285,10.045],[72.286,10.045],[72.286,10.046],[72.286,10.046],[72.286,10.046],[72.286,10.046],[72.286,10.047],[72.287,10.047],[72.287,10.047],[72.287,10.047],[72.287,10.047],[72.287,10.047],[72.287,10.048],[72.287,10.048],[72.287,10.048],[72.288,10.048],[72.288,10.048],[72.288,10.048],[72.288,10.049],[72.289,10.049],[72.289,10.049],[72.289,10.049],[72.289,10.05],[72.29,10.05]]],[[[73.633,10.07],[73.633,10.07],[73.634,10.07],[73.634,10.069],[73.633,10.069],[73.633,10.068],[73.632,10.068],[73.632,10.068],[73.632,10.068],[73.632,10.068],[73.632,10.068],[73.632,10.068],[73.631,10.068],[73.631,10.067],[73.63,10.067],[73.63,10.068],[73.63,10.068],[73.63,10.068],[73.63,10.068],[73.63,10.069],[73.63,10.069],[73.63,10.069],[73.631,10.069],[73.631,10.069],[73.632,10.069],[73.632,10.07],[73.632,10.07],[73.632,10.07],[73.632,10.07],[73.632,10.07],[73.633,10.07],[73.633,10.07],[73.633,10.07]]],[[[73.629,10.075],[73.629,10.075],[73.629,10.075],[73.629,10.075],[73.63,10.075],[73.63,10.074],[73.629,10.074],[73.629,10.073],[73.629,10.073],[73.629,10.073],[73.629,10.073],[73.629,10.073],[73.628,10.073],[73.628,10.072],[73.628,10.072],[73.628,10.072],[73.628,10.072],[73.628,10.072],[73.627,10.072],[73.627,10.072],[73.626,10.072],[73.626,10.072],[73.626,10.072],[73.626,10.072],[73.626,10.073],[73.626,10.073],[73.626,10.073],[73.625,10.073],[73.625,10.073],[73.626,10.073],[73.626,10.073],[73.626,10.073],[73.626,10.073],[73.626,10.074],[73.627,10.074],[73.627,10.074],[73.627,10.074],[73.627,10.074],[73.628,10.074],[73.628,10.075],[73.628,10.075],[73.628,10.075],[73.629,10.075]]],[[[73.652,10.104],[73.648,10.063],[73.651,10.104],[73.652,10.104]]],[[[72.328,10.137],[72.328,10.136],[72.328,10.136],[72.328,10.136],[72.328,10.136],[72.328,10.135],[72.329,10.135],[72.329,10.133],[72.329,10.133],[72.329,10.133],[72.329,10.133],[72.329,10.132],[72.33,10.132],[72.33,10.132],[72.33,10.132],[72.33,10.131],[72.33,10.131],[72.33,10.131],[72.33,10.131],[72.33,10.131],[72.331,10.131],[72.331,10.13],[72.331,10.13],[72.331,10.129],[72.331,10.129],[72.331,10.128],[72.332,10.128],[72.332,10.127],[72.332,10.127],[72.332,10.127],[72.332,10.125],[72.331,10.125],[72.331,10.125],[72.331,10.125],[72.331,10.126],[72.33,10.126],[72.33,10.126],[72.33,10.126],[72.33,10.127],[72.328,10.127],[72.328,10.126],[72.327,10.126],[72.327,10.127],[72.326,10.127],[72.326,10.127],[72.326,10.127],[72.326,10.128],[72.326,10.128],[72.326,10.129],[72.327,10.129],[72.327,10.13],[72.327,10.13],[72.327,10.132],[72.327,10.132],[72.327,10.133],[72.326,10.133],[72.326,10.135],[72.327,10.135],[72.327,10.136],[72.327,10.136],[72.327,10.136],[72.327,10.136],[72.327,10.136],[72.327,10.136],[72.327,10.137],[72.328,10.137]]],[[[73.661,10.156],[73.661,10.156],[73.661,10.156],[73.661,10.155],[73.662,10.155],[73.662,10.154],[73.662,10.153],[73.662,10.153],[73.662,10.151],[73.662,10.151],[73.662,10.15],[73.662,10.15],[73.662,10.149],[73.663,10.149],[73.663,10.148],[73.663,10.148],[73.663,10.147],[73.663,10.147],[73.663,10.147],[73.663,10.147],[73.663,10.146],[73.664,10.146],[73.664,10.145],[73.664,10.145],[73.664,10.145],[73.664,10.145],[73.664,10.144],[73.665,10.144],[73.665,10.143],[73.665,10.143],[73.665,10.142],[73.665,10.142],[73.665,10.14],[73.665,10.14],[73.665,10.138],[73.665,10.138],[73.665,10.138],[73.664,10.138],[73.664,10.137],[73.664,10.137],[73.664,10.136],[73.664,10.136],[73.664,10.135],[73.663,10.135],[73.663,10.134],[73.663,10.134],[73.663,10.133],[73.663,10.133],[73.663,10.132],[73.663,10.132],[73.663,10.131],[73.662,10.131],[73.662,10.13],[73.662,10.13],[73.662,10.13],[73.661,10.13],[73.661,10.13],[73.661,10.13],[73.661,10.131],[73.661,10.131],[73.661,10.132],[73.662,10.132],[73.662,10.133],[73.662,10.133],[73.662,10.134],[73.662,10.134],[73.662,10.135],[73.662,10.135],[73.662,10.136],[73.663,10.136],[73.663,10.138],[73.663,10.138],[73.663,10.141],[73.663,10.141],[73.663,10.143],[73.663,10.143],[73.663,10.144],[73.663,10.144],[73.663,10.145],[73.662,10.145],[73.662,10.146],[73.662,10.146],[73.662,10.146],[73.662,10.146],[73.662,10.147],[73.662,10.147],[73.662,10.148],[73.661,10.148],[73.661,10.149],[73.661,10.149],[73.661,10.15],[73.661,10.15],[73.661,10.151],[73.66,10.151],[73.66,10.152],[73.66,10.152],[73.66,10.153],[73.66,10.153],[73.66,10.153],[73.659,10.153],[73.659,10.153],[73.659,10.153],[73.659,10.153],[73.659,10.153],[73.658,10.153],[73.658,10.154],[73.659,10.154],[73.659,10.155],[73.659,10.155],[73.659,10.155],[73.659,10.155],[73.659,10.155],[73.66,10.155],[73.66,10.156],[73.66,10.156],[73.66,10.156],[73.661,10.156]]],[[[72.642,10.577],[72.642,10.577],[72.645,10.577],[72.645,10.577],[72.646,10.577],[72.646,10.577],[72.646,10.577],[72.646,10.576],[72.647,10.576],[72.647,10.576],[72.647,10.576],[72.647,10.576],[72.647,10.576],[72.647,10.575],[72.647,10.575],[72.647,10.575],[72.648,10.575],[72.648,10.575],[72.648,10.575],[72.648,10.574],[72.648,10.574],[72.648,10.573],[72.648,10.573],[72.648,10.573],[72.649,10.573],[72.649,10.573],[72.649,10.573],[72.649,10.572],[72.649,10.572],[72.649,10.571],[72.65,10.571],[72.65,10.571],[72.65,10.57],[72.65,10.57],[72.65,10.57],[72.65,10.57],[72.65,10.568],[72.65,10.568],[72.65,10.567],[72.65,10.567],[72.65,10.565],[72.649,10.565],[72.649,10.564],[72.649,10.564],[72.649,10.562],[72.649,10.562],[72.649,10.562],[72.648,10.562],[72.648,10.561],[72.648,10.561],[72.648,10.561],[72.648,10.561],[72.648,10.561],[72.647,10.561],[72.647,10.56],[72.647,10.56],[72.647,10.56],[72.647,10.56],[72.647,10.56],[72.645,10.56],[72.645,10.559],[72.645,10.559],[72.645,10.56],[72.644,10.56],[72.644,10.559],[72.644,10.559],[72.644,10.559],[72.644,10.559],[72.643,10.559],[72.643,10.559],[72.643,10.558],[72.643,10.558],[72.642,10.558],[72.642,10.558],[72.641,10.558],[72.641,10.558],[72.641,10.558],[72.641,10.558],[72.64,10.558],[72.64,10.557],[72.639,10.557],[72.639,10.557],[72.64,10.557],[72.64,10.557],[72.639,10.557],[72.639,10.557],[72.638,10.557],[72.638,10.556],[72.636,10.556],[72.636,10.556],[72.636,10.556],[72.636,10.556],[72.635,10.556],[72.635,10.555],[72.635,10.555],[72.635,10.555],[72.634,10.555],[72.634,10.555],[72.634,10.555],[72.634,10.555],[72.633,10.555],[72.633,10.554],[72.633,10.554],[72.633,10.554],[72.633,10.554],[72.633,10.553],[72.633,10.553],[72.633,10.553],[72.632,10.553],[72.632,10.553],[72.631,10.553],[72.631,10.552],[72.631,10.552],[72.631,10.552],[72.63,10.552],[72.63,10.552],[72.63,10.552],[72.63,10.552],[72.63,10.552],[72.63,10.551],[72.629,10.551],[72.629,10.551],[72.629,10.551],[72.629,10.551],[72.628,10.551],[72.628,10.55],[72.628,10.55],[72.628,10.55],[72.628,10.55],[72.628,10.55],[72.627,10.55],[72.627,10.55],[72.627,10.55],[72.627,10.549],[72.627,10.549],[72.627,10.549],[72.626,10.549],[72.626,10.549],[72.625,10.549],[72.625,10.548],[72.625,10.548],[72.625,10.548],[72.625,10.548],[72.625,10.548],[72.625,10.548],[72.625,10.548],[72.624,10.548],[72.624,10.547],[72.624,10.547],[72.624,10.547],[72.624,10.547],[72.624,10.547],[72.623,10.547],[72.623,10.546],[72.623,10.546],[72.623,10.546],[72.623,10.546],[72.623,10.546],[72.623,10.546],[72.623,10.545],[72.622,10.545],[72.622,10.545],[72.622,10.545],[72.622,10.545],[72.622,10.545],[72.622,10.544],[72.622,10.544],[72.622,10.544],[72.621,10.544],[72.621,10.543],[72.621,10.543],[72.621,10.543],[72.621,10.543],[72.621,10.543],[72.62,10.543],[72.62,10.543],[72.62,10.543],[72.62,10.542],[72.62,10.542],[72.62,10.542],[72.62,10.542],[72.62,10.542],[72.619,10.542],[72.619,10.542],[72.619,10.542],[72.619,10.541],[72.618,10.541],[72.618,10.541],[72.618,10.541],[72.618,10.541],[72.617,10.541],[72.617,10.54],[72.616,10.54],[72.616,10.541],[72.615,10.541],[72.615,10.541],[72.615,10.541],[72.615,10.542],[72.615,10.542],[72.615,10.543],[72.616,10.543],[72.616,10.543],[72.616,10.543],[72.616,10.543],[72.616,10.543],[72.616,10.544],[72.617,10.544],[72.617,10.545],[72.617,10.545],[72.617,10.545],[72.617,10.545],[72.617,10.545],[72.618,10.545],[72.618,10.545],[72.618,10.545],[72.618,10.546],[72.619,10.546],[72.619,10.546],[72.62,10.546],[72.62,10.546],[72.62,10.546],[72.62,10.547],[72.621,10.547],[72.622,10.547],[72.622,10.547],[72.623,10.547],[72.623,10.547],[72.623,10.547],[72.623,10.548],[72.623,10.548],[72.623,10.548],[72.624,10.548],[72.624,10.548],[72.624,10.548],[72.624,10.549],[72.624,10.549],[72.624,10.55],[72.625,10.55],[72.625,10.55],[72.625,10.55],[72.625,10.551],[72.625,10.551],[72.625,10.551],[72.625,10.551],[72.625,10.552],[72.626,10.552],[72.626,10.552],[72.626,10.552],[72.626,10.552],[72.626,10.552],[72.626,10.553],[72.627,10.553],[72.627,10.553],[72.627,10.553],[72.627,10.554],[72.627,10.554],[72.627,10.555],[72.627,10.555],[72.627,10.555],[72.628,10.555],[72.628,10.555],[72.628,10.555],[72.628,10.556],[72.628,10.556],[72.628,10.556],[72.628,10.556],[72.628,10.557],[72.629,10.557],[72.629,10.557],[72.629,10.557],[72.629,10.557],[72.63,10.557],[72.63,10.558],[72.63,10.558],[72.63,10.558],[72.63,10.558],[72.63,10.559],[72.63,10.559],[72.63,10.559],[72.631,10.559],[72.631,10.56],[72.631,10.56],[72.631,10.56],[72.631,10.56],[72.631,10.561],[72.632,10.561],[72.632,10.561],[72.632,10.561],[72.632,10.562],[72.632,10.562],[72.632,10.562],[72.632,10.562],[72.632,10.562],[72.633,10.562],[72.633,10.563],[72.633,10.563],[72.633,10.563],[72.633,10.563],[72.633,10.563],[72.633,10.563],[72.633,10.564],[72.634,10.564],[72.634,10.565],[72.634,10.565],[72.634,10.565],[72.634,10.565],[72.634,10.566],[72.635,10.566],[72.635,10.567],[72.635,10.567],[72.635,10.567],[72.635,10.567],[72.635,10.567],[72.635,10.567],[72.635,10.568],[72.636,10.568],[72.636,10.568],[72.636,10.568],[72.636,10.569],[72.636,10.569],[72.636,10.57],[72.637,10.57],[72.637,10.57],[72.637,10.57],[72.637,10.571],[72.637,10.571],[72.637,10.572],[72.637,10.572],[72.637,10.572],[72.638,10.572],[72.638,10.573],[72.638,10.573],[72.638,10.573],[72.638,10.573],[72.638,10.574],[72.638,10.574],[72.638,10.574],[72.638,10.576],[72.639,10.576],[72.639,10.577],[72.639,10.577],[72.639,10.577],[72.64,10.577],[72.64,10.577],[72.64,10.577],[72.64,10.577],[72.641,10.577],[72.642,10.577]]],[[[72.169,10.815],[72.169,10.813],[72.169,10.813],[72.169,10.813],[72.169,10.813],[72.169,10.812],[72.169,10.812],[72.169,10.812],[72.168,10.812],[72.168,10.812],[72.167,10.812],[72.167,10.812],[72.167,10.812],[72.167,10.812],[72.167,10.812],[72.167,10.812],[72.165,10.812],[72.165,10.813],[72.165,10.813],[72.165,10.813],[72.166,10.813],[72.166,10.813],[72.166,10.813],[72.166,10.814],[72.167,10.814],[72.167,10.814],[72.167,10.814],[72.167,10.814],[72.168,10.814],[72.168,10.815],[72.168,10.815],[72.168,10.815],[72.169,10.815]]],[[[72.173,10.82],[72.173,10.819],[72.172,10.819],[72.172,10.818],[72.172,10.818],[72.172,10.818],[72.172,10.818],[72.172,10.817],[72.171,10.817],[72.171,10.818],[72.171,10.818],[72.171,10.818],[72.172,10.818],[72.172,10.819],[72.172,10.819],[72.172,10.819],[72.172,10.819],[72.172,10.82],[72.172,10.82],[72.172,10.82],[72.173,10.82]]],[[[73.678,10.822],[73.678,10.821],[73.677,10.821],[73.677,10.82],[73.677,10.82],[73.677,10.82],[73.677,10.82],[73.677,10.819],[73.677,10.819],[73.677,10.818],[73.677,10.818],[73.677,10.818],[73.677,10.818],[73.677,10.818],[73.677,10.818],[73.677,10.818],[73.678,10.818],[73.678,10.818],[73.678,10.818],[73.678,10.818],[73.68,10.818],[73.68,10.818],[73.681,10.818],[73.681,10.818],[73.682,10.818],[73.682,10.818],[73.683,10.818],[73.683,10.818],[73.687,10.818],[73.687,10.818],[73.687,10.818],[73.687,10.817],[73.688,10.817],[73.688,10.818],[73.689,10.818],[73.689,10.818],[73.69,10.818],[73.69,10.818],[73.692,10.818],[73.692,10.818],[73.692,10.818],[73.692,10.818],[73.695,10.818],[73.695,10.818],[73.695,10.818],[73.695,10.818],[73.696,10.818],[73.696,10.818],[73.698,10.818],[73.698,10.818],[73.7,10.818],[73.7,10.817],[73.701,10.817],[73.701,10.817],[73.702,10.817],[73.702,10.817],[73.702,10.817],[73.702,10.816],[73.703,10.816],[73.703,10.815],[73.702,10.815],[73.702,10.815],[73.702,10.815],[73.702,10.814],[73.702,10.814],[73.702,10.814],[73.702,10.814],[73.702,10.813],[73.701,10.813],[73.701,10.813],[73.701,10.813],[73.701,10.813],[73.7,10.813],[73.7,10.813],[73.699,10.813],[73.699,10.812],[73.698,10.812],[73.698,10.812],[73.697,10.812],[73.697,10.812],[73.697,10.812],[73.697,10.812],[73.695,10.812],[73.695,10.811],[73.694,10.811],[73.694,10.811],[73.694,10.811],[73.694,10.811],[73.693,10.811],[73.693,10.81],[73.692,10.81],[73.692,10.81],[73.692,10.81],[73.692,10.81],[73.691,10.81],[73.691,10.81],[73.69,10.81],[73.69,10.809],[73.689,10.809],[73.689,10.809],[73.688,10.809],[73.688,10.809],[73.687,10.809],[73.687,10.808],[73.687,10.808],[73.687,10.808],[73.687,10.808],[73.687,10.808],[73.687,10.808],[73.687,10.808],[73.686,10.808],[73.686,10.807],[73.685,10.807],[73.685,10.807],[73.683,10.807],[73.683,10.807],[73.682,10.807],[73.682,10.807],[73.682,10.807],[73.682,10.806],[73.681,10.806],[73.681,10.806],[73.679,10.806],[73.679,10.806],[73.678,10.806],[73.678,10.805],[73.676,10.805],[73.676,10.805],[73.675,10.805],[73.675,10.805],[73.673,10.805],[73.673,10.805],[73.673,10.805],[73.673,10.805],[73.672,10.805],[73.672,10.805],[73.672,10.805],[73.672,10.805],[73.671,10.805],[73.671,10.805],[73.671,10.805],[73.671,10.805],[73.67,10.805],[73.67,10.805],[73.668,10.805],[73.668,10.805],[73.667,10.805],[73.667,10.806],[73.667,10.806],[73.667,10.806],[73.666,10.806],[73.666,10.806],[73.665,10.806],[73.665,10.807],[73.665,10.807],[73.665,10.807],[73.664,10.807],[73.664,10.807],[73.664,10.807],[73.664,10.807],[73.664,10.807],[73.663,10.807],[73.663,10.808],[73.663,10.808],[73.663,10.808],[73.663,10.808],[73.663,10.808],[73.662,10.808],[73.662,10.808],[73.662,10.808],[73.662,10.809],[73.662,10.809],[73.662,10.81],[73.662,10.81],[73.662,10.81],[73.661,10.81],[73.661,10.811],[73.661,10.811],[73.661,10.812],[73.661,10.812],[73.661,10.813],[73.66,10.813],[73.66,10.813],[73.66,10.813],[73.66,10.816],[73.66,10.816],[73.66,10.817],[73.661,10.817],[73.661,10.817],[73.661,10.817],[73.661,10.817],[73.661,10.817],[73.661,10.817],[73.662,10.817],[73.662,10.818],[73.662,10.818],[73.662,10.818],[73.663,10.818],[73.663,10.818],[73.663,10.818],[73.663,10.818],[73.664,10.818],[73.664,10.819],[73.668,10.819],[73.668,10.819],[73.668,10.819],[73.668,10.819],[73.669,10.819],[73.669,10.818],[73.67,10.818],[73.67,10.818],[73.672,10.818],[73.672,10.818],[73.672,10.818],[73.672,10.818],[73.675,10.818],[73.675,10.818],[73.675,10.818],[73.675,10.818],[73.675,10.818],[73.675,10.818],[73.675,10.818],[73.675,10.819],[73.676,10.819],[73.676,10.819],[73.676,10.819],[73.676,10.821],[73.676,10.821],[73.676,10.821],[73.677,10.821],[73.677,10.822],[73.678,10.822]]],[[[72.173,10.82],[72.19,10.857],[72.173,10.82],[72.173,10.82]]],[[[72.291,10.946],[72.291,10.945],[72.29,10.945],[72.29,10.945],[72.289,10.945],[72.289,10.945],[72.289,10.945],[72.289,10.944],[72.288,10.944],[72.288,10.944],[72.288,10.944],[72.288,10.943],[72.288,10.943],[72.288,10.942],[72.289,10.942],[72.289,10.941],[72.289,10.941],[72.289,10.941],[72.289,10.941],[72.289,10.94],[72.29,10.94],[72.29,10.939],[72.29,10.939],[72.29,10.939],[72.29,10.939],[72.29,10.938],[72.29,10.938],[72.29,10.938],[72.291,10.938],[72.291,10.937],[72.291,10.937],[72.291,10.936],[72.291,10.936],[72.291,10.936],[72.29,10.936],[72.29,10.936],[72.29,10.936],[72.29,10.935],[72.29,10.935],[72.29,10.935],[72.288,10.935],[72.288,10.935],[72.286,10.935],[72.286,10.935],[72.285,10.935],[72.285,10.935],[72.284,10.935],[72.284,10.936],[72.284,10.936],[72.284,10.938],[72.284,10.938],[72.284,10.94],[72.285,10.94],[72.285,10.941],[72.285,10.941],[72.285,10.942],[72.285,10.942],[72.285,10.943],[72.285,10.943],[72.285,10.944],[72.286,10.944],[72.286,10.945],[72.286,10.945],[72.286,10.945],[72.286,10.945],[72.286,10.945],[72.287,10.945],[72.287,10.946],[72.287,10.946],[72.287,10.946],[72.291,10.946]]],[[[72.327,10.953],[72.327,10.952],[72.326,10.952],[72.326,10.952],[72.326,10.952],[72.326,10.952],[72.326,10.952],[72.326,10.951],[72.325,10.951],[72.325,10.951],[72.325,10.951],[72.325,10.951],[72.324,10.951],[72.324,10.95],[72.324,10.95],[72.324,10.95],[72.324,10.95],[72.324,10.95],[72.323,10.95],[72.323,10.95],[72.323,10.95],[72.323,10.949],[72.323,10.949],[72.323,10.949],[72.322,10.949],[72.322,10.948],[72.322,10.948],[72.322,10.948],[72.322,10.948],[72.322,10.948],[72.321,10.948],[72.321,10.947],[72.321,10.947],[72.321,10.947],[72.321,10.947],[72.321,10.947],[72.32,10.947],[72.32,10.947],[72.32,10.947],[72.32,10.946],[72.32,10.946],[72.32,10.946],[72.32,10.946],[72.32,10.945],[72.319,10.945],[72.319,10.945],[72.319,10.945],[72.319,10.945],[72.318,10.945],[72.318,10.945],[72.318,10.945],[72.318,10.944],[72.318,10.944],[72.318,10.944],[72.318,10.944],[72.318,10.944],[72.317,10.944],[72.317,10.943],[72.317,10.943],[72.317,10.943],[72.316,10.943],[72.316,10.943],[72.315,10.943],[72.315,10.943],[72.314,10.943],[72.314,10.943],[72.314,10.943],[72.314,10.943],[72.313,10.943],[72.313,10.945],[72.314,10.945],[72.314,10.946],[72.313,10.946],[72.313,10.947],[72.314,10.947],[72.314,10.947],[72.314,10.947],[72.314,10.948],[72.314,10.948],[72.314,10.948],[72.315,10.948],[72.315,10.948],[72.315,10.948],[72.315,10.948],[72.315,10.948],[72.315,10.949],[72.317,10.949],[72.317,10.949],[72.319,10.949],[72.319,10.949],[72.32,10.949],[72.32,10.95],[72.321,10.95],[72.321,10.95],[72.322,10.95],[72.322,10.95],[72.322,10.95],[72.322,10.95],[72.322,10.95],[72.322,10.951],[72.323,10.951],[72.323,10.951],[72.323,10.951],[72.323,10.952],[72.325,10.952],[72.325,10.952],[72.325,10.952],[72.325,10.952],[72.325,10.952],[72.325,10.952],[72.326,10.952],[72.326,10.953],[72.326,10.953],[72.326,10.953],[72.327,10.953]]],[[[72.334,10.958],[72.334,10.958],[72.334,10.958],[72.334,10.956],[72.334,10.956],[72.334,10.956],[72.334,10.956],[72.334,10.955],[72.333,10.955],[72.333,10.955],[72.332,10.955],[72.332,10.956],[72.332,10.956],[72.332,10.957],[72.332,10.957],[72.332,10.958],[72.332,10.958],[72.332,10.958],[72.334,10.958]]],[[[72.732,11.136],[72.732,11.136],[72.732,11.136],[72.732,11.136],[72.733,11.136],[72.733,11.135],[72.733,11.135],[72.733,11.135],[72.734,11.135],[72.734,11.135],[72.734,11.135],[72.734,11.134],[72.734,11.134],[72.734,11.133],[72.734,11.133],[72.734,11.131],[72.734,11.131],[72.734,11.13],[72.733,11.13],[72.733,11.129],[72.733,11.129],[72.733,11.129],[72.733,11.129],[72.733,11.128],[72.733,11.128],[72.733,11.128],[72.733,11.127],[72.732,11.127],[72.732,11.127],[72.732,11.127],[72.732,11.126],[72.732,11.126],[72.732,11.126],[72.732,11.126],[72.732,11.125],[72.731,11.125],[72.731,11.124],[72.731,11.124],[72.731,11.124],[72.731,11.124],[72.731,11.123],[72.73,11.123],[72.73,11.123],[72.73,11.123],[72.73,11.123],[72.73,11.123],[72.73,11.122],[72.73,11.122],[72.73,11.122],[72.729,11.122],[72.729,11.121],[72.729,11.121],[72.729,11.121],[72.729,11.12],[72.729,11.12],[72.729,11.12],[72.729,11.12],[72.729,11.12],[72.728,11.12],[72.728,11.119],[72.728,11.119],[72.728,11.119],[72.727,11.119],[72.727,11.118],[72.727,11.118],[72.727,11.118],[72.727,11.118],[72.727,11.118],[72.727,11.118],[72.727,11.118],[72.726,11.118],[72.726,11.117],[72.726,11.117],[72.726,11.117],[72.725,11.117],[72.725,11.117],[72.725,11.117],[72.725,11.116],[72.725,11.116],[72.725,11.116],[72.724,11.116],[72.724,11.116],[72.724,11.116],[72.724,11.115],[72.723,11.115],[72.723,11.115],[72.723,11.115],[72.723,11.115],[72.723,11.115],[72.723,11.115],[72.723,11.115],[72.723,11.114],[72.722,11.114],[72.722,11.114],[72.722,11.114],[72.722,11.114],[72.722,11.114],[72.722,11.113],[72.721,11.113],[72.721,11.113],[72.721,11.113],[72.721,11.113],[72.72,11.113],[72.72,11.112],[72.72,11.112],[72.72,11.112],[72.72,11.112],[72.72,11.112],[72.721,11.112],[72.721,11.112],[72.721,11.112],[72.721,11.111],[72.721,11.111],[72.721,11.111],[72.72,11.111],[72.72,11.111],[72.72,11.111],[72.72,11.111],[72.719,11.111],[72.719,11.112],[72.72,11.112],[72.72,11.112],[72.718,11.112],[72.718,11.113],[72.718,11.113],[72.718,11.113],[72.718,11.113],[72.718,11.114],[72.717,11.114],[72.717,11.114],[72.717,11.114],[72.717,11.114],[72.717,11.114],[72.717,11.115],[72.717,11.115],[72.717,11.115],[72.716,11.115],[72.716,11.115],[72.716,11.115],[72.716,11.116],[72.716,11.116],[72.716,11.116],[72.715,11.116],[72.715,11.117],[72.715,11.117],[72.715,11.118],[72.715,11.118],[72.715,11.122],[72.716,11.122],[72.716,11.122],[72.716,11.122],[72.716,11.123],[72.716,11.123],[72.716,11.124],[72.716,11.124],[72.716,11.125],[72.716,11.125],[72.716,11.125],[72.717,11.125],[72.717,11.126],[72.717,11.126],[72.717,11.126],[72.717,11.126],[72.717,11.127],[72.718,11.127],[72.718,11.127],[72.718,11.127],[72.718,11.128],[72.718,11.128],[72.718,11.128],[72.718,11.128],[72.718,11.128],[72.719,11.128],[72.719,11.128],[72.72,11.128],[72.72,11.129],[72.72,11.129],[72.72,11.129],[72.72,11.129],[72.72,11.13],[72.72,11.13],[72.72,11.13],[72.721,11.13],[72.721,11.13],[72.721,11.13],[72.721,11.13],[72.722,11.13],[72.722,11.131],[72.722,11.131],[72.722,11.131],[72.722,11.131],[72.722,11.131],[72.723,11.131],[72.723,11.132],[72.723,11.132],[72.723,11.132],[72.723,11.132],[72.723,11.132],[72.724,11.132],[72.724,11.132],[72.725,11.132],[72.725,11.133],[72.725,11.133],[72.725,11.133],[72.725,11.133],[72.725,11.133],[72.726,11.133],[72.726,11.133],[72.726,11.133],[72.726,11.134],[72.726,11.134],[72.726,11.134],[72.727,11.134],[72.727,11.134],[72.727,11.134],[72.727,11.135],[72.728,11.135],[72.728,11.135],[72.728,11.135],[72.728,11.135],[72.728,11.135],[72.728,11.135],[72.729,11.135],[72.729,11.136],[72.729,11.136],[72.729,11.136],[72.73,11.136],[72.73,11.136],[72.732,11.136]]],[[[72.106,11.213],[72.106,11.213],[72.106,11.213],[72.106,11.212],[72.106,11.212],[72.106,11.211],[72.106,11.211],[72.106,11.21],[72.106,11.21],[72.106,11.209],[72.105,11.209],[72.105,11.209],[72.105,11.209],[72.105,11.208],[72.105,11.208],[72.105,11.209],[72.104,11.209],[72.104,11.208],[72.104,11.208],[72.104,11.208],[72.103,11.208],[72.103,11.209],[72.104,11.209],[72.104,11.209],[72.104,11.209],[72.104,11.211],[72.104,11.211],[72.104,11.212],[72.105,11.212],[72.105,11.212],[72.105,11.212],[72.105,11.213],[72.106,11.213]]],[[[72.103,11.215],[72.103,11.215],[72.103,11.215],[72.103,11.215],[72.104,11.215],[72.104,11.214],[72.104,11.214],[72.104,11.214],[72.105,11.214],[72.105,11.214],[72.105,11.214],[72.105,11.213],[72.105,11.213],[72.105,11.213],[72.104,11.213],[72.104,11.213],[72.104,11.213],[72.104,11.213],[72.103,11.213],[72.103,11.213],[72.103,11.213],[72.103,11.213],[72.102,11.213],[72.102,11.214],[72.102,11.214],[72.102,11.214],[72.101,11.214],[72.101,11.214],[72.1,11.214],[72.1,11.215],[72.1,11.215],[72.1,11.215],[72.103,11.215]]],[[[72.79,11.26],[72.779,11.22],[72.763,11.183],[72.773,11.222],[72.789,11.259],[72.79,11.26]]],[[[73.001,11.488],[73.001,11.488],[73.002,11.488],[73.002,11.487],[73.002,11.487],[73.002,11.486],[73.002,11.486],[73.002,11.485],[73.002,11.485],[73.002,11.485],[73.001,11.485],[73.001,11.485],[73.001,11.485],[73.001,11.485],[73.001,11.485],[73.001,11.487],[73.0,11.487],[73.0,11.488],[73.001,11.488],[73.001,11.488],[73.001,11.488]]],[[[73.0,11.498],[73.0,11.497],[73.0,11.497],[73.0,11.498],[73.002,11.498],[73.002,11.497],[73.002,11.497],[73.002,11.497],[73.002,11.497],[73.002,11.497],[73.002,11.497],[73.003,11.497],[73.003,11.497],[73.003,11.497],[73.003,11.496],[73.003,11.496],[73.003,11.496],[73.004,11.496],[73.004,11.495],[73.004,11.495],[73.004,11.495],[73.004,11.495],[73.004,11.495],[73.005,11.495],[73.005,11.494],[73.005,11.494],[73.005,11.493],[73.005,11.493],[73.005,11.493],[73.005,11.493],[73.005,11.493],[73.006,11.493],[73.006,11.493],[73.006,11.493],[73.006,11.492],[73.006,11.492],[73.006,11.492],[73.007,11.492],[73.007,11.492],[73.007,11.492],[73.007,11.491],[73.007,11.491],[73.007,11.491],[73.007,11.491],[73.007,11.49],[73.008,11.49],[73.008,11.49],[73.008,11.49],[73.008,11.489],[73.008,11.489],[73.008,11.489],[73.008,11.489],[73.008,11.488],[73.009,11.488],[73.009,11.487],[73.009,11.487],[73.009,11.486],[73.009,11.486],[73.009,11.485],[73.01,11.485],[73.01,11.484],[73.009,11.484],[73.009,11.482],[73.01,11.482],[73.01,11.482],[73.01,11.482],[73.01,11.48],[73.01,11.48],[73.01,11.48],[73.01,11.48],[73.01,11.478],[73.01,11.478],[73.01,11.477],[73.01,11.477],[73.01,11.475],[73.011,11.475],[73.011,11.474],[73.011,11.474],[73.011,11.473],[73.011,11.473],[73.011,11.472],[73.012,11.472],[73.012,11.472],[73.011,11.472],[73.011,11.471],[73.011,11.471],[73.011,11.47],[73.011,11.47],[73.011,11.47],[73.01,11.47],[73.01,11.47],[73.01,11.47],[73.01,11.469],[73.01,11.469],[73.01,11.469],[73.01,11.469],[73.01,11.469],[73.009,11.469],[73.009,11.468],[73.009,11.468],[73.009,11.468],[73.008,11.468],[73.008,11.468],[73.008,11.468],[73.008,11.468],[73.007,11.468],[73.007,11.468],[73.007,11.468],[73.007,11.468],[73.007,11.468],[73.007,11.47],[73.007,11.47],[73.007,11.47],[73.007,11.47],[73.007,11.471],[73.007,11.471],[73.007,11.472],[73.007,11.472],[73.007,11.473],[73.007,11.473],[73.007,11.473],[73.007,11.473],[73.007,11.474],[73.006,11.474],[73.006,11.475],[73.006,11.475],[73.006,11.475],[73.006,11.475],[73.006,11.476],[73.005,11.476],[73.005,11.477],[73.005,11.477],[73.005,11.478],[73.005,11.478],[73.005,11.479],[73.005,11.479],[73.005,11.479],[73.004,11.479],[73.004,11.48],[73.004,11.48],[73.004,11.481],[73.004,11.481],[73.004,11.483],[73.003,11.483],[73.003,11.485],[73.003,11.485],[73.003,11.485],[73.003,11.488],[73.003,11.488],[73.003,11.488],[73.003,11.488],[73.003,11.488],[73.002,11.488],[73.002,11.489],[73.002,11.489],[73.002,11.49],[73.002,11.491],[73.002,11.491],[73.002,11.491],[73.002,11.492],[73.002,11.492],[73.002,11.492],[73.001,11.492],[73.001,11.492],[73.0,11.492],[73.0,11.492],[73.0,11.492],[73.0,11.492],[73.0,11.492],[73.0,11.492],[72.999,11.492],[72.999,11.492],[72.999,11.492],[72.999,11.493],[72.998,11.493],[72.998,11.493],[72.998,11.493],[72.998,11.494],[72.998,11.494],[72.998,11.494],[72.998,11.494],[72.998,11.495],[72.997,11.495],[72.997,11.495],[72.997,11.495],[72.997,11.495],[72.997,11.495],[72.997,11.497],[72.997,11.497],[72.997,11.497],[72.997,11.497],[72.997,11.497],[72.998,11.497],[72.998,11.497],[72.998,11.497],[72.998,11.498],[72.999,11.498],[72.999,11.498],[73.0,11.498]]],[[[72.186,11.601],[72.186,11.601],[72.187,11.601],[72.187,11.6],[72.187,11.6],[72.187,11.6],[72.187,11.6],[72.187,11.6],[72.188,11.6],[72.188,11.6],[72.188,11.6],[72.188,11.599],[72.188,11.599],[72.188,11.599],[72.189,11.599],[72.189,11.599],[72.189,11.599],[72.189,11.598],[72.189,11.598],[72.189,11.598],[72.19,11.598],[72.19,11.597],[72.189,11.597],[72.189,11.596],[72.189,11.596],[72.189,11.596],[72.186,11.596],[72.186,11.596],[72.186,11.596],[72.186,11.597],[72.185,11.597],[72.185,11.597],[72.185,11.597],[72.185,11.597],[72.185,11.597],[72.185,11.598],[72.185,11.598],[72.185,11.598],[72.184,11.598],[72.184,11.6],[72.185,11.6],[72.185,11.601],[72.185,11.601],[72.185,11.601],[72.185,11.601],[72.185,11.601],[72.186,11.601]]],[[[72.714,11.706],[72.714,11.706],[72.714,11.706],[72.714,11.705],[72.715,11.705],[72.715,11.705],[72.715,11.705],[72.715,11.705],[72.715,11.705],[72.715,11.704],[72.715,11.704],[72.715,11.704],[72.716,11.704],[72.716,11.703],[72.716,11.703],[72.716,11.703],[72.716,11.703],[72.716,11.702],[72.717,11.702],[72.717,11.702],[72.717,11.702],[72.717,11.699],[72.717,11.699],[72.717,11.699],[72.717,11.699],[72.717,11.698],[72.717,11.698],[72.717,11.697],[72.717,11.697],[72.717,11.697],[72.717,11.697],[72.717,11.696],[72.717,11.695],[72.717,11.695],[72.717,11.694],[72.717,11.693],[72.717,11.693],[72.717,11.692],[72.716,11.692],[72.716,11.692],[72.716,11.692],[72.716,11.691],[72.716,11.691],[72.716,11.69],[72.715,11.69],[72.715,11.69],[72.715,11.69],[72.715,11.69],[72.715,11.69],[72.715,11.689],[72.715,11.689],[72.715,11.689],[72.714,11.689],[72.714,11.688],[72.714,11.688],[72.714,11.688],[72.714,11.688],[72.714,11.688],[72.714,11.688],[72.714,11.688],[72.713,11.688],[72.713,11.687],[72.713,11.687],[72.713,11.687],[72.713,11.687],[72.713,11.687],[72.713,11.687],[72.713,11.687],[72.712,11.687],[72.712,11.686],[72.712,11.686],[72.712,11.686],[72.712,11.686],[72.712,11.685],[72.712,11.685],[72.712,11.685],[72.711,11.685],[72.711,11.685],[72.711,11.685],[72.711,11.684],[72.711,11.684],[72.711,11.684],[72.71,11.684],[72.71,11.683],[72.71,11.683],[72.71,11.683],[72.71,11.683],[72.71,11.682],[72.71,11.682],[72.71,11.682],[72.709,11.682],[72.709,11.682],[72.709,11.682],[72.709,11.682],[72.709,11.682],[72.709,11.681],[72.708,11.681],[72.708,11.681],[72.708,11.681],[72.708,11.681],[72.707,11.681],[72.707,11.68],[72.706,11.68],[72.706,11.681],[72.705,11.681],[72.705,11.681],[72.705,11.681],[72.705,11.681],[72.704,11.681],[72.704,11.682],[72.704,11.682],[72.704,11.684],[72.705,11.684],[72.705,11.684],[72.705,11.684],[72.705,11.684],[72.706,11.684],[72.706,11.685],[72.707,11.685],[72.707,11.685],[72.707,11.685],[72.707,11.685],[72.707,11.685],[72.707,11.685],[72.707,11.685],[72.707,11.686],[72.708,11.686],[72.708,11.687],[72.708,11.687],[72.708,11.688],[72.708,11.688],[72.708,11.688],[72.708,11.688],[72.708,11.69],[72.709,11.69],[72.709,11.691],[72.709,11.691],[72.709,11.692],[72.709,11.692],[72.709,11.692],[72.71,11.692],[72.71,11.693],[72.71,11.693],[72.71,11.694],[72.71,11.694],[72.71,11.694],[72.709,11.694],[72.709,11.695],[72.71,11.695],[72.71,11.695],[72.71,11.695],[72.71,11.695],[72.711,11.695],[72.711,11.695],[72.711,11.695],[72.711,11.695],[72.711,11.695],[72.711,11.696],[72.712,11.696],[72.712,11.696],[72.712,11.696],[72.712,11.697],[72.712,11.697],[72.712,11.698],[72.712,11.698],[72.712,11.698],[72.713,11.698],[72.713,11.7],[72.713,11.7],[72.713,11.701],[72.713,11.701],[72.713,11.701],[72.713,11.701],[72.713,11.702],[72.714,11.702],[72.714,11.702],[72.714,11.702],[72.714,11.702],[72.714,11.702],[72.714,11.702],[72.715,11.702],[72.715,11.703],[72.715,11.703],[72.715,11.703],[72.715,11.703],[72.715,11.704],[72.714,11.704],[72.714,11.705],[72.714,11.705],[72.714,11.705],[72.714,11.705],[72.714,11.705],[72.713,11.705],[72.713,11.706],[72.714,11.706]]]]}},{"type":"Feature","properties":{"NAME_1":"Madhya Pradesh","state":"Madhya Pradesh"},"geometry":{"type":"Polygon","coordinates":[[[78.365,26.869],[78.386,26.828],[78.426,26.832],[78.451,26.798],[78.492,26.788],[78.534,26.772],[78.575,26.756],[78.616,26.772],[78.659,26.769],[78.69,26.796],[78.731,26.783],[78.771,26.764],[78.811,26.765],[78.841,26.726],[78.877,26.704],[78.931,26.704],[78.938,26.663],[78.974,26.683],[78.987,26.644],[79.004,26.606],[78.98,26.574],[79.013,26.549],[79.039,26.516],[79.047,26.461],[79.089,26.451],[79.117,26.417],[79.09,26.388],[79.117,26.354],[79.115,26.313],[79.086,26.284],[79.047,26.271],[79.041,26.229],[79.01,26.203],[79.001,26.16],[78.96,26.154],[78.97,26.112],[79.004,26.09],[78.976,26.06],[78.946,26.031],[78.943,25.991],[78.93,25.952],[78.894,25.926],[78.884,25.876],[78.847,25.861],[78.864,25.816],[78.816,25.831],[78.796,25.796],[78.766,25.759],[78.778,25.714],[78.809,25.678],[78.806,25.633],[78.766,25.613],[78.724,25.608],[78.677,25.594],[78.649,25.566],[78.609,25.589],[78.576,25.565],[78.536,25.567],[78.491,25.582],[78.457,25.555],[78.412,25.542],[78.412,25.498],[78.386,25.454],[78.344,25.446],[78.332,25.405],[78.296,25.375],[78.327,25.349],[78.308,25.311],[78.345,25.283],[78.357,25.244],[78.392,25.222],[78.409,25.182],[78.446,25.167],[78.431,25.124],[78.39,25.127],[78.358,25.102],[78.325,25.072],[78.338,25.027],[78.31,24.991],[78.263,24.953],[78.229,24.924],[78.2,24.896],[78.163,24.871],[78.192,24.84],[78.218,24.792],[78.22,24.747],[78.251,24.706],[78.268,24.667],[78.268,24.622],[78.264,24.579],[78.237,24.546],[78.242,24.505],[78.27,24.476],[78.281,24.437],[78.315,24.413],[78.35,24.39],[78.335,24.345],[78.342,24.305],[78.377,24.278],[78.419,24.289],[78.44,24.326],[78.472,24.357],[78.498,24.393],[78.553,24.361],[78.588,24.341],[78.62,24.312],[78.654,24.274],[78.693,24.237],[78.732,24.254],[78.768,24.218],[78.788,24.181],[78.824,24.201],[78.863,24.214],[78.879,24.254],[78.913,24.286],[78.945,24.331],[78.967,24.37],[78.981,24.418],[78.947,24.443],[78.909,24.467],[78.949,24.486],[78.944,24.527],[78.93,24.564],[78.906,24.602],[78.882,24.64],[78.839,24.628],[78.802,24.608],[78.752,24.602],[78.746,24.643],[78.759,24.682],[78.769,24.724],[78.763,24.767],[78.778,24.805],[78.767,24.849],[78.732,24.872],[78.696,24.895],[78.659,24.918],[78.625,24.962],[78.635,25.004],[78.642,25.061],[78.606,25.094],[78.596,25.149],[78.57,25.202],[78.566,25.249],[78.528,25.275],[78.489,25.292],[78.454,25.271],[78.478,25.309],[78.519,25.306],[78.531,25.349],[78.576,25.352],[78.561,25.396],[78.599,25.415],[78.634,25.438],[78.675,25.438],[78.657,25.401],[78.696,25.386],[78.721,25.354],[78.764,25.358],[78.76,25.402],[78.795,25.427],[78.755,25.434],[78.725,25.463],[78.736,25.504],[78.773,25.483],[78.815,25.472],[78.831,25.432],[78.857,25.467],[78.831,25.498],[78.876,25.524],[78.897,25.559],[78.942,25.551],[78.917,25.517],[78.936,25.48],[78.906,25.45],[78.947,25.443],[78.968,25.397],[78.939,25.353],[78.897,25.365],[78.939,25.389],[78.891,25.389],[78.845,25.361],[78.827,25.32],[78.787,25.31],[78.806,25.271],[78.835,25.233],[78.858,25.266],[78.867,25.311],[78.885,25.347],[78.925,25.338],[78.97,25.291],[78.941,25.263],[78.896,25.25],[78.882,25.211],[78.873,25.172],[78.908,25.194],[78.942,25.218],[78.982,25.199],[78.972,25.243],[78.993,25.278],[79.029,25.249],[79.057,25.219],[79.025,25.187],[79.022,25.143],[79.063,25.163],[79.103,25.171],[79.125,25.13],[79.169,25.112],[79.185,25.151],[79.206,25.114],[79.244,25.141],[79.291,25.131],[79.302,25.175],[79.278,25.211],[79.323,25.223],[79.341,25.259],[79.298,25.276],[79.257,25.279],[79.268,25.319],[79.304,25.34],[79.345,25.334],[79.331,25.294],[79.358,25.264],[79.392,25.285],[79.427,25.258],[79.473,25.282],[79.445,25.248],[79.436,25.205],[79.392,25.18],[79.384,25.14],[79.426,25.138],[79.468,25.134],[79.472,25.087],[79.513,25.1],[79.529,25.137],[79.56,25.176],[79.59,25.147],[79.633,25.133],[79.674,25.136],[79.718,25.134],[79.763,25.13],[79.805,25.111],[79.849,25.097],[79.852,25.14],[79.862,25.179],[79.863,25.219],[79.894,25.246],[79.932,25.26],[79.977,25.265],[80.008,25.301],[80.021,25.343],[80.062,25.342],[80.107,25.344],[80.145,25.36],[80.183,25.382],[80.227,25.411],[80.274,25.425],[80.309,25.392],[80.304,25.353],[80.311,25.311],[80.338,25.279],[80.363,25.247],[80.402,25.221],[80.422,25.181],[80.387,25.163],[80.349,25.141],[80.323,25.107],[80.295,25.069],[80.271,25.034],[80.312,25.006],[80.353,25.02],[80.366,25.058],[80.407,25.063],[80.444,25.081],[80.47,25.045],[80.495,25.08],[80.539,25.07],[80.579,25.088],[80.601,25.123],[80.629,25.093],[80.668,25.087],[80.705,25.061],[80.751,25.064],[80.733,25.101],[80.701,25.128],[80.74,25.137],[80.782,25.137],[80.821,25.126],[80.842,25.168],[80.878,25.196],[80.906,25.164],[80.873,25.134],[80.867,25.094],[80.847,25.053],[80.842,25.013],[80.819,24.974],[80.835,24.935],[80.875,24.941],[80.912,24.962],[80.95,24.946],[80.991,24.937],[81.043,24.953],[81.08,24.938],[81.111,24.911],[81.152,24.916],[81.161,24.959],[81.199,24.935],[81.212,24.978],[81.231,25.018],[81.252,25.053],[81.254,25.093],[81.26,25.141],[81.291,25.167],[81.308,25.126],[81.32,25.168],[81.357,25.152],[81.389,25.124],[81.43,25.134],[81.459,25.093],[81.501,25.101],[81.472,25.133],[81.511,25.148],[81.533,25.185],[81.577,25.191],[81.613,25.171],[81.592,25.136],[81.632,25.103],[81.596,25.082],[81.632,25.061],[81.676,25.066],[81.705,25.038],[81.746,25.036],[81.789,25.01],[81.829,25.019],[81.867,25.0],[81.898,24.975],[81.912,24.931],[81.896,24.893],[81.927,24.861],[81.957,24.832],[81.998,24.847],[82.037,24.833],[82.082,24.822],[82.112,24.792],[82.159,24.792],[82.188,24.821],[82.209,24.781],[82.173,24.74],[82.214,24.729],[82.241,24.768],[82.241,24.727],[82.229,24.675],[82.269,24.682],[82.296,24.643],[82.335,24.623],[82.386,24.597],[82.404,24.636],[82.402,24.684],[82.445,24.696],[82.487,24.676],[82.524,24.657],[82.574,24.663],[82.63,24.687],[82.685,24.687],[82.695,24.644],[82.743,24.644],[82.768,24.611],[82.801,24.553],[82.746,24.542],[82.716,24.513],[82.731,24.47],[82.726,24.426],[82.708,24.389],[82.747,24.373],[82.763,24.33],[82.757,24.276],[82.75,24.236],[82.735,24.183],[82.72,24.139],[82.679,24.157],[82.701,24.097],[82.738,24.079],[82.743,24.035],[82.783,24.007],[82.8,23.967],[82.754,23.936],[82.707,23.925],[82.668,23.908],[82.658,23.866],[82.606,23.836],[82.566,23.825],[82.54,23.791],[82.497,23.785],[82.464,23.811],[82.423,23.806],[82.38,23.807],[82.339,23.806],[82.298,23.808],[82.255,23.822],[82.212,23.824],[82.174,23.839],[82.134,23.818],[82.089,23.818],[82.045,23.821],[82.012,23.852],[81.972,23.858],[81.932,23.868],[81.894,23.844],[81.853,23.824],[81.812,23.809],[81.745,23.831],[81.715,23.862],[81.682,23.89],[81.662,23.926],[81.625,23.907],[81.611,23.867],[81.631,23.831],[81.643,23.792],[81.669,23.757],[81.687,23.721],[81.649,23.683],[81.613,23.661],[81.604,23.621],[81.575,23.592],[81.602,23.554],[81.605,23.511],[81.644,23.5],[81.682,23.527],[81.717,23.548],[81.763,23.551],[81.805,23.546],[81.827,23.511],[81.87,23.515],[81.909,23.535],[81.945,23.5],[81.961,23.46],[81.972,23.42],[82.016,23.424],[82.023,23.384],[82.063,23.392],[82.104,23.387],[82.138,23.362],[82.179,23.327],[82.189,23.285],[82.16,23.253],[82.146,23.214],[82.138,23.168],[82.13,23.125],[82.086,23.109],[82.046,23.099],[82.01,23.081],[81.969,23.079],[81.926,23.062],[81.932,23.017],[81.942,22.975],[81.906,22.94],[81.875,22.913],[81.836,22.886],[81.796,22.88],[81.765,22.841],[81.776,22.8],[81.778,22.758],[81.747,22.726],[81.763,22.685],[81.749,22.646],[81.707,22.65],[81.663,22.633],[81.642,22.592],[81.619,22.559],[81.57,22.55],[81.528,22.54],[81.493,22.52],[81.461,22.494],[81.418,22.474],[81.389,22.445],[81.381,22.485],[81.348,22.514],[81.316,22.49],[81.275,22.499],[81.24,22.459],[81.194,22.462],[81.148,22.456],[81.11,22.441],[81.103,22.391],[81.116,22.344],[81.115,22.303],[81.092,22.268],[81.055,22.244],[81.016,22.22],[81.013,22.177],[81.016,22.133],[80.973,22.124],[81.004,22.097],[80.993,22.058],[80.958,22.097],[80.925,22.121],[80.895,22.077],[80.87,22.039],[80.859,21.998],[80.843,21.958],[80.831,21.92],[80.837,21.879],[80.833,21.837],[80.828,21.797],[80.81,21.758],[80.77,21.752],[80.731,21.739],[80.725,21.698],[80.708,21.662],[80.722,21.623],[80.71,21.585],[80.724,21.547],[80.724,21.506],[80.728,21.463],[80.702,21.431],[80.692,21.388],[80.67,21.354],[80.638,21.325],[80.597,21.323],[80.561,21.343],[80.533,21.375],[80.496,21.393],[80.456,21.399],[80.423,21.375],[80.39,21.401],[80.41,21.436],[80.39,21.471],[80.374,21.509],[80.342,21.537],[80.32,21.574],[80.283,21.595],[80.252,21.622],[80.212,21.624],[80.171,21.624],[80.133,21.606],[80.096,21.587],[80.068,21.558],[80.028,21.557],[79.994,21.535],[79.947,21.555],[79.916,21.524],[79.872,21.53],[79.825,21.547],[79.792,21.581],[79.745,21.598],[79.699,21.592],[79.658,21.577],[79.617,21.557],[79.576,21.543],[79.534,21.548],[79.511,21.583],[79.505,21.623],[79.491,21.664],[79.459,21.687],[79.416,21.691],[79.362,21.68],[79.322,21.688],[79.277,21.7],[79.229,21.724],[79.218,21.681],[79.186,21.654],[79.141,21.64],[79.099,21.619],[79.051,21.604],[79.01,21.601],[78.962,21.606],[78.923,21.593],[78.904,21.555],[78.936,21.519],[78.896,21.501],[78.852,21.496],[78.81,21.491],[78.772,21.467],[78.73,21.471],[78.688,21.479],[78.644,21.484],[78.601,21.487],[78.565,21.506],[78.528,21.525],[78.486,21.512],[78.445,21.502],[78.428,21.538],[78.413,21.578],[78.389,21.611],[78.361,21.578],[78.319,21.576],[78.271,21.593],[78.239,21.565],[78.181,21.559],[78.178,21.514],[78.143,21.482],[78.101,21.461],[78.064,21.439],[78.02,21.421],[77.98,21.403],[77.939,21.387],[77.899,21.378],[77.855,21.391],[77.818,21.409],[77.777,21.388],[77.738,21.367],[77.696,21.378],[77.652,21.39],[77.611,21.394],[77.576,21.37],[77.529,21.379],[77.487,21.378],[77.477,21.421],[77.457,21.467],[77.431,21.502],[77.424,21.543],[77.465,21.556],[77.507,21.551],[77.553,21.536],[77.595,21.533],[77.57,21.57],[77.57,21.611],[77.558,21.656],[77.542,21.701],[77.508,21.735],[77.476,21.762],[77.427,21.76],[77.376,21.757],[77.326,21.757],[77.286,21.763],[77.263,21.724],[77.223,21.704],[77.184,21.725],[77.133,21.722],[77.084,21.719],[77.034,21.701],[76.997,21.682],[76.912,21.615],[76.861,21.612],[76.823,21.593],[76.784,21.578],[76.786,21.535],[76.792,21.49],[76.757,21.45],[76.732,21.409],[76.668,21.369],[76.629,21.34],[76.649,21.3],[76.659,21.253],[76.631,21.216],[76.587,21.199],[76.541,21.196],[76.498,21.196],[76.477,21.161],[76.453,21.124],[76.412,21.107],[76.383,21.08],[76.335,21.077],[76.286,21.076],[76.235,21.094],[76.189,21.09],[76.151,21.115],[76.132,21.153],[76.169,21.174],[76.162,21.217],[76.159,21.259],[76.135,21.292],[76.116,21.339],[76.088,21.37],[76.047,21.355],[76.0,21.375],[75.959,21.396],[75.917,21.39],[75.876,21.398],[75.833,21.383],[75.792,21.389],[75.746,21.392],[75.695,21.39],[75.655,21.382],[75.609,21.395],[75.572,21.378],[75.529,21.385],[75.485,21.391],[75.444,21.391],[75.404,21.384],[75.361,21.403],[75.321,21.392],[75.277,21.409],[75.236,21.417],[75.196,21.423],[75.157,21.438],[75.115,21.46],[75.093,21.501],[75.076,21.538],[75.032,21.569],[74.997,21.59],[74.958,21.601],[74.919,21.613],[74.884,21.632],[74.845,21.622],[74.805,21.615],[74.765,21.616],[74.725,21.624],[74.688,21.638],[74.65,21.655],[74.61,21.663],[74.576,21.685],[74.553,21.718],[74.513,21.723],[74.518,21.764],[74.504,21.807],[74.517,21.856],[74.527,21.903],[74.497,21.946],[74.46,21.963],[74.436,21.999],[74.396,22.024],[74.37,21.994],[74.335,21.974],[74.297,21.958],[74.266,21.934],[74.225,21.93],[74.185,21.931],[74.152,21.954],[74.128,21.994],[74.125,22.036],[74.163,22.061],[74.17,22.101],[74.13,22.098],[74.127,22.138],[74.124,22.178],[74.114,22.219],[74.073,22.23],[74.069,22.272],[74.067,22.317],[74.072,22.36],[74.112,22.372],[74.134,22.332],[74.176,22.325],[74.206,22.354],[74.24,22.377],[74.281,22.394],[74.259,22.429],[74.221,22.442],[74.198,22.475],[74.173,22.442],[74.131,22.436],[74.103,22.468],[74.086,22.505],[74.046,22.497],[74.042,22.537],[74.084,22.55],[74.122,22.536],[74.163,22.537],[74.196,22.56],[74.227,22.591],[74.254,22.623],[74.29,22.643],[74.331,22.644],[74.373,22.637],[74.39,22.678],[74.401,22.72],[74.421,22.757],[74.44,22.793],[74.469,22.824],[74.475,22.865],[74.464,22.907],[74.424,22.92],[74.382,22.91],[74.354,22.947],[74.365,22.99],[74.349,23.03],[74.323,23.063],[74.36,23.08],[74.388,23.11],[74.433,23.106],[74.491,23.088],[74.535,23.102],[74.566,23.135],[74.608,23.145],[74.642,23.173],[74.688,23.197],[74.735,23.206],[74.695,23.223],[74.702,23.267],[74.652,23.261],[74.615,23.285],[74.577,23.297],[74.536,23.31],[74.544,23.359],[74.573,23.419],[74.613,23.452],[74.652,23.463],[74.688,23.492],[74.734,23.501],[74.771,23.536],[74.812,23.538],[74.851,23.557],[74.875,23.59],[74.906,23.623],[74.924,23.669],[74.923,23.714],[74.932,23.756],[74.928,23.798],[74.913,23.837],[74.907,23.877],[74.917,23.918],[74.938,23.956],[74.973,23.991],[74.993,24.03],[74.979,24.072],[74.96,24.11],[74.925,24.145],[74.899,24.178],[74.88,24.216],[74.894,24.262],[74.853,24.27],[74.79,24.272],[74.753,24.289],[74.784,24.317],[74.782,24.358],[74.805,24.395],[74.835,24.43],[74.857,24.463],[74.822,24.488],[74.782,24.485],[74.735,24.504],[74.75,24.543],[74.752,24.586],[74.786,24.61],[74.793,24.652],[74.813,24.686],[74.783,24.718],[74.803,24.755],[74.799,24.796],[74.829,24.746],[74.849,24.709],[74.873,24.676],[74.91,24.66],[74.952,24.67],[74.99,24.706],[74.993,24.753],[75.016,24.786],[74.97,24.791],[74.929,24.795],[74.885,24.802],[74.841,24.803],[74.857,24.843],[74.84,24.881],[74.824,24.929],[74.846,24.974],[74.867,24.937],[74.907,24.929],[74.924,24.892],[74.964,24.874],[75.013,24.874],[75.057,24.871],[75.115,24.887],[75.118,24.946],[75.147,24.98],[75.169,25.013],[75.174,25.054],[75.218,25.041],[75.266,25.043],[75.31,25.046],[75.354,25.037],[75.319,25.007],[75.334,24.967],[75.318,24.907],[75.3,24.947],[75.278,24.913],[75.294,24.871],[75.335,24.887],[75.399,24.888],[75.364,24.843],[75.324,24.824],[75.284,24.85],[75.242,24.861],[75.244,24.902],[75.203,24.888],[75.226,24.855],[75.206,24.81],[75.188,24.77],[75.217,24.722],[75.262,24.733],[75.304,24.721],[75.351,24.717],[75.396,24.705],[75.438,24.696],[75.483,24.698],[75.527,24.718],[75.569,24.72],[75.609,24.69],[75.659,24.702],[75.712,24.745],[75.76,24.765],[75.805,24.756],[75.839,24.73],[75.834,24.686],[75.844,24.639],[75.835,24.598],[75.877,24.6],[75.911,24.577],[75.925,24.538],[75.891,24.51],[75.907,24.47],[75.875,24.43],[75.829,24.423],[75.815,24.465],[75.776,24.454],[75.755,24.409],[75.738,24.366],[75.756,24.327],[75.797,24.314],[75.813,24.277],[75.805,24.23],[75.768,24.208],[75.753,24.164],[75.779,24.125],[75.831,24.108],[75.813,24.072],[75.78,24.036],[75.762,23.998],[75.726,23.979],[75.686,23.991],[75.673,24.031],[75.639,24.005],[75.597,23.999],[75.561,24.024],[75.514,24.049],[75.492,24.005],[75.462,23.968],[75.456,23.925],[75.5,23.901],[75.538,23.877],[75.567,23.848],[75.585,23.809],[75.626,23.8],[75.667,23.788],[75.703,23.817],[75.726,23.853],[75.698,23.888],[75.74,23.894],[75.762,23.857],[75.803,23.871],[75.841,23.888],[75.886,23.889],[75.927,23.902],[75.967,23.93],[75.98,23.969],[75.961,24.004],[75.995,24.032],[76.033,24.064],[76.08,24.084],[76.123,24.092],[76.137,24.131],[76.129,24.175],[76.142,24.224],[76.148,24.264],[76.17,24.303],[76.202,24.277],[76.206,24.233],[76.248,24.228],[76.287,24.218],[76.318,24.251],[76.358,24.246],[76.4,24.223],[76.442,24.222],[76.484,24.215],[76.51,24.179],[76.555,24.168],[76.567,24.207],[76.597,24.235],[76.63,24.265],[76.671,24.271],[76.688,24.232],[76.674,24.193],[76.712,24.167],[76.755,24.172],[76.791,24.126],[76.835,24.131],[76.877,24.138],[76.911,24.177],[76.945,24.203],[76.916,24.232],[76.874,24.271],[76.859,24.312],[76.838,24.355],[76.848,24.396],[76.851,24.437],[76.847,24.488],[76.819,24.525],[76.853,24.551],[76.889,24.527],[76.915,24.488],[76.953,24.464],[76.993,24.473],[77.024,24.501],[77.051,24.537],[77.064,24.585],[77.06,24.638],[77.037,24.683],[77.004,24.714],[76.968,24.736],[76.922,24.749],[76.868,24.75],[76.836,24.785],[76.809,24.815],[76.842,24.84],[76.895,24.84],[76.933,24.854],[76.912,24.893],[76.892,24.929],[76.867,24.965],[76.86,25.007],[76.901,25.034],[76.953,25.048],[76.984,25.078],[77.025,25.072],[77.068,25.06],[77.114,25.069],[77.158,25.088],[77.197,25.117],[77.242,25.113],[77.284,25.104],[77.328,25.093],[77.369,25.108],[77.389,25.151],[77.408,25.19],[77.392,25.231],[77.36,25.261],[77.373,25.299],[77.336,25.326],[77.355,25.364],[77.358,25.409],[77.317,25.433],[77.273,25.412],[77.235,25.385],[77.217,25.337],[77.182,25.313],[77.136,25.324],[77.093,25.337],[77.053,25.321],[77.018,25.302],[76.959,25.297],[76.915,25.309],[76.873,25.324],[76.826,25.327],[76.773,25.316],[76.74,25.348],[76.681,25.345],[76.644,25.376],[76.603,25.389],[76.589,25.431],[76.56,25.473],[76.538,25.51],[76.522,25.55],[76.516,25.607],[76.499,25.648],[76.482,25.689],[76.503,25.729],[76.522,25.766],[76.535,25.809],[76.567,25.84],[76.593,25.874],[76.636,25.896],[76.674,25.912],[76.715,25.901],[76.756,25.916],[76.795,25.944],[76.818,25.984],[76.83,26.03],[76.864,26.052],[76.888,26.093],[76.929,26.103],[76.969,26.124],[77.0,26.153],[77.035,26.182],[77.085,26.187],[77.109,26.225],[77.153,26.238],[77.194,26.236],[77.238,26.263],[77.29,26.296],[77.312,26.334],[77.347,26.36],[77.395,26.367],[77.437,26.368],[77.434,26.409],[77.475,26.415],[77.523,26.415],[77.559,26.441],[77.599,26.454],[77.639,26.489],[77.678,26.505],[77.721,26.509],[77.744,26.545],[77.798,26.55],[77.824,26.584],[77.851,26.616],[77.889,26.633],[77.924,26.665],[77.969,26.677],[78.012,26.7],[78.056,26.686],[78.087,26.724],[78.116,26.755],[78.095,26.789],[78.14,26.794],[78.18,26.797],[78.203,26.832],[78.248,26.824],[78.276,26.86],[78.316,26.869],[78.363,26.871],[78.365,26.869]]]}},{"type":"Feature","properties":{"NAME_1":"Maharashtra","state":"Maharashtra"},"geometry":{"type":"MultiPolygon","coordinates":[[[[73.456,15.89],[73.456,15.89],[73.456,15.89],[73.456,15.889],[73.457,15.889],[73.457,15.889],[73.457,15.889],[73.457,15.887],[73.456,15.887],[73.456,15.887],[73.456,15.887],[73.456,15.888],[73.456,15.888],[73.456,15.888],[73.455,15.888],[73.455,15.888],[73.455,15.888],[73.455,15.888],[73.455,15.888],[73.455,15.89],[73.455,15.89],[73.455,15.89],[73.456,15.89]]],[[[73.463,15.89],[73.463,15.89],[73.463,15.89],[73.463,15.89],[73.464,15.89],[73.464,15.89],[73.464,15.89],[73.464,15.889],[73.465,15.889],[73.465,15.887],[73.464,15.887],[73.464,15.887],[73.464,15.887],[73.464,15.887],[73.463,15.887],[73.463,15.888],[73.463,15.888],[73.463,15.888],[73.463,15.888],[73.463,15.889],[73.462,15.889],[73.462,15.889],[73.462,15.889],[73.462,15.89],[73.462,15.89],[73.462,15.89],[73.462,15.89],[73.462,15.89],[73.463,15.89]]],[[[73.466,15.896],[73.466,15.896],[73.467,15.896],[73.467,15.895],[73.467,15.895],[73.467,15.895],[73.467,15.895],[73.467,15.895],[73.468,15.895],[73.468,15.894],[73.467,15.894],[73.467,15.893],[73.466,15.893],[73.466,15.894],[73.466,15.894],[73.466,15.894],[73.466,15.894],[73.466,15.894],[73.465,15.894],[73.465,15.895],[73.465,15.895],[73.465,15.896],[73.465,15.896],[73.465,15.896],[73.466,15.896]]],[[[73.46,16.046],[73.46,16.045],[73.46,16.045],[73.46,16.045],[73.461,16.045],[73.461,16.045],[73.462,16.045],[73.462,16.045],[73.462,16.045],[73.462,16.044],[73.462,16.044],[73.462,16.043],[73.462,16.043],[73.462,16.043],[73.462,16.043],[73.462,16.043],[73.462,16.043],[73.462,16.041],[73.462,16.041],[73.462,16.041],[73.462,16.041],[73.462,16.04],[73.462,16.04],[73.462,16.04],[73.462,16.04],[73.462,16.039],[73.461,16.039],[73.461,16.039],[73.46,16.039],[73.46,16.039],[73.46,16.039],[73.46,16.039],[73.46,16.039],[73.46,16.04],[73.459,16.04],[73.459,16.04],[73.459,16.04],[73.459,16.04],[73.458,16.04],[73.458,16.04],[73.457,16.04],[73.457,16.041],[73.457,16.041],[73.457,16.042],[73.457,16.042],[73.457,16.043],[73.458,16.043],[73.458,16.043],[73.458,16.043],[73.458,16.043],[73.458,16.043],[73.458,16.044],[73.458,16.044],[73.458,16.044],[73.459,16.044],[73.459,16.046],[73.46,16.046]]],[[[73.443,16.103],[73.443,16.102],[73.443,16.102],[73.443,16.102],[73.444,16.102],[73.444,16.102],[73.444,16.102],[73.444,16.102],[73.444,16.102],[73.444,16.1],[73.444,16.1],[73.444,16.1],[73.444,16.1],[73.444,16.1],[73.443,16.1],[73.443,16.1],[73.443,16.1],[73.443,16.1],[73.443,16.1],[73.443,16.1],[73.443,16.1],[73.443,16.101],[73.442,16.101],[73.442,16.103],[73.443,16.103]]],[[[73.084,17.819],[73.084,17.818],[73.085,17.818],[73.085,17.818],[73.085,17.818],[73.085,17.818],[73.085,17.818],[73.085,17.818],[73.085,17.818],[73.085,17.817],[73.086,17.817],[73.086,17.817],[73.086,17.817],[73.086,17.817],[73.086,17.817],[73.086,17.816],[73.085,17.816],[73.085,17.815],[73.085,17.815],[73.085,17.815],[73.085,17.815],[73.085,17.814],[73.084,17.814],[73.084,17.814],[73.083,17.814],[73.083,17.814],[73.083,17.814],[73.083,17.815],[73.083,17.815],[73.083,17.816],[73.083,17.816],[73.083,17.817],[73.083,17.817],[73.083,17.817],[73.083,17.817],[73.083,17.817],[73.082,17.817],[73.082,17.818],[73.083,17.818],[73.083,17.818],[73.083,17.818],[73.083,17.819],[73.084,17.819]]],[[[73.038,18.052],[73.038,18.052],[73.038,18.052],[73.038,18.051],[73.039,18.051],[73.039,18.05],[73.038,18.05],[73.038,18.05],[73.037,18.05],[73.037,18.051],[73.037,18.051],[73.037,18.052],[73.037,18.052],[73.037,18.052],[73.038,18.052],[73.038,18.052],[73.038,18.052]]],[[[72.966,18.301],[72.966,18.3],[72.967,18.3],[72.967,18.3],[72.967,18.3],[72.967,18.3],[72.967,18.3],[72.967,18.299],[72.967,18.299],[72.967,18.299],[72.967,18.299],[72.967,18.299],[72.966,18.299],[72.966,18.298],[72.963,18.298],[72.963,18.299],[72.963,18.299],[72.963,18.299],[72.963,18.299],[72.963,18.3],[72.963,18.3],[72.963,18.3],[72.963,18.3],[72.963,18.301],[72.964,18.301],[72.964,18.301],[72.965,18.301],[72.965,18.301],[72.966,18.301]]],[[[73.079,18.31],[73.079,18.31],[73.079,18.31],[73.079,18.31],[73.08,18.31],[73.08,18.309],[73.08,18.309],[73.08,18.309],[73.08,18.309],[73.08,18.309],[73.08,18.309],[73.08,18.308],[73.08,18.308],[73.08,18.307],[73.079,18.307],[73.079,18.306],[73.079,18.306],[73.079,18.306],[73.078,18.306],[73.078,18.306],[73.078,18.306],[73.078,18.305],[73.078,18.305],[73.078,18.305],[73.077,18.305],[73.077,18.305],[73.076,18.305],[73.076,18.305],[73.076,18.305],[73.076,18.306],[73.076,18.306],[73.076,18.306],[73.075,18.306],[73.075,18.307],[73.076,18.307],[73.076,18.308],[73.076,18.308],[73.076,18.308],[73.077,18.308],[73.077,18.309],[73.077,18.309],[73.077,18.309],[73.078,18.309],[73.078,18.31],[73.078,18.31],[73.078,18.31],[73.078,18.31],[73.078,18.31],[73.079,18.31]]],[[[73.082,18.322],[73.082,18.321],[73.082,18.321],[73.082,18.321],[73.082,18.321],[73.082,18.319],[73.082,18.319],[73.082,18.319],[73.081,18.319],[73.081,18.319],[73.08,18.319],[73.08,18.32],[73.081,18.32],[73.081,18.32],[73.081,18.32],[73.081,18.321],[73.081,18.321],[73.081,18.322],[73.082,18.322],[73.082,18.322],[73.082,18.322],[73.082,18.322],[73.082,18.322]]],[[[72.865,18.636],[72.865,18.635],[72.865,18.635],[72.865,18.635],[72.865,18.635],[72.865,18.634],[72.865,18.634],[72.865,18.633],[72.865,18.633],[72.865,18.633],[72.864,18.633],[72.864,18.633],[72.863,18.633],[72.863,18.633],[72.864,18.633],[72.864,18.634],[72.864,18.634],[72.864,18.635],[72.864,18.635],[72.864,18.636],[72.865,18.636]]],[[[72.813,18.707],[72.813,18.706],[72.813,18.706],[72.813,18.706],[72.813,18.706],[72.813,18.705],[72.814,18.705],[72.814,18.705],[72.814,18.705],[72.814,18.705],[72.815,18.705],[72.815,18.705],[72.815,18.705],[72.815,18.704],[72.815,18.704],[72.815,18.703],[72.814,18.703],[72.814,18.703],[72.814,18.703],[72.814,18.702],[72.813,18.702],[72.813,18.703],[72.812,18.703],[72.812,18.703],[72.812,18.703],[72.812,18.705],[72.812,18.705],[72.812,18.706],[72.812,18.706],[72.812,18.707],[72.813,18.707]]],[[[72.843,18.708],[72.843,18.708],[72.843,18.708],[72.843,18.707],[72.843,18.707],[72.843,18.706],[72.842,18.706],[72.842,18.706],[72.842,18.706],[72.842,18.705],[72.841,18.705],[72.841,18.706],[72.842,18.706],[72.842,18.707],[72.842,18.707],[72.842,18.708],[72.842,18.708],[72.842,18.708],[72.843,18.708]]],[[[72.902,18.964],[72.902,18.964],[72.902,18.964],[72.902,18.964],[72.903,18.964],[72.903,18.963],[72.903,18.963],[72.903,18.963],[72.904,18.963],[72.904,18.962],[72.904,18.962],[72.904,18.961],[72.905,18.961],[72.905,18.961],[72.906,18.961],[72.906,18.961],[72.906,18.961],[72.906,18.96],[72.906,18.96],[72.906,18.959],[72.907,18.959],[72.907,18.959],[72.908,18.959],[72.908,18.959],[72.908,18.959],[72.908,18.96],[72.908,18.96],[72.908,18.958],[72.909,18.958],[72.909,18.956],[72.908,18.956],[72.908,18.954],[72.909,18.954],[72.909,18.953],[72.908,18.953],[72.908,18.954],[72.908,18.954],[72.908,18.955],[72.908,18.955],[72.908,18.956],[72.908,18.956],[72.908,18.957],[72.908,18.957],[72.908,18.958],[72.906,18.958],[72.906,18.957],[72.905,18.957],[72.905,18.957],[72.904,18.957],[72.904,18.957],[72.904,18.957],[72.904,18.957],[72.903,18.957],[72.903,18.956],[72.903,18.956],[72.903,18.955],[72.903,18.955],[72.903,18.955],[72.902,18.955],[72.902,18.954],[72.902,18.954],[72.902,18.953],[72.902,18.953],[72.902,18.952],[72.902,18.952],[72.902,18.951],[72.901,18.951],[72.901,18.949],[72.901,18.949],[72.901,18.948],[72.901,18.948],[72.901,18.945],[72.9,18.945],[72.9,18.943],[72.902,18.943],[72.902,18.943],[72.901,18.943],[72.901,18.943],[72.901,18.943],[72.901,18.942],[72.901,18.942],[72.901,18.942],[72.9,18.942],[72.9,18.942],[72.9,18.942],[72.9,18.941],[72.9,18.941],[72.9,18.941],[72.899,18.941],[72.899,18.942],[72.899,18.942],[72.899,18.943],[72.899,18.943],[72.899,18.944],[72.9,18.944],[72.9,18.946],[72.9,18.946],[72.9,18.948],[72.9,18.948],[72.9,18.95],[72.9,18.95],[72.9,18.951],[72.901,18.951],[72.901,18.953],[72.901,18.953],[72.901,18.954],[72.901,18.954],[72.901,18.955],[72.902,18.955],[72.902,18.956],[72.902,18.956],[72.902,18.956],[72.902,18.956],[72.902,18.957],[72.902,18.957],[72.902,18.958],[72.902,18.958],[72.902,18.958],[72.902,18.958],[72.902,18.959],[72.902,18.959],[72.902,18.959],[72.901,18.959],[72.901,18.959],[72.901,18.959],[72.901,18.96],[72.901,18.96],[72.901,18.96],[72.9,18.96],[72.9,18.96],[72.9,18.96],[72.9,18.961],[72.899,18.961],[72.899,18.962],[72.899,18.962],[72.899,18.962],[72.899,18.962],[72.899,18.962],[72.9,18.962],[72.9,18.963],[72.9,18.963],[72.9,18.963],[72.9,18.963],[72.9,18.964],[72.9,18.964],[72.9,18.964],[72.902,18.964]]],[[[72.939,18.972],[72.939,18.972],[72.94,18.972],[72.94,18.972],[72.94,18.972],[72.94,18.971],[72.94,18.971],[72.94,18.971],[72.941,18.971],[72.941,18.97],[72.941,18.97],[72.941,18.97],[72.942,18.97],[72.942,18.97],[72.942,18.97],[72.942,18.969],[72.942,18.969],[72.942,18.969],[72.942,18.969],[72.942,18.968],[72.942,18.968],[72.942,18.968],[72.942,18.968],[72.942,18.968],[72.942,18.968],[72.942,18.966],[72.942,18.966],[72.942,18.965],[72.942,18.965],[72.942,18.965],[72.942,18.964],[72.941,18.964],[72.941,18.964],[72.941,18.964],[72.941,18.964],[72.941,18.964],[72.941,18.963],[72.94,18.963],[72.94,18.963],[72.94,18.963],[72.94,18.962],[72.94,18.962],[72.94,18.962],[72.94,18.962],[72.94,18.961],[72.939,18.961],[72.939,18.961],[72.939,18.961],[72.939,18.96],[72.939,18.96],[72.939,18.96],[72.938,18.96],[72.938,18.96],[72.938,18.96],[72.938,18.959],[72.938,18.959],[72.938,18.959],[72.938,18.959],[72.938,18.958],[72.937,18.958],[72.937,18.958],[72.937,18.958],[72.937,18.957],[72.937,18.957],[72.937,18.956],[72.937,18.956],[72.937,18.955],[72.936,18.955],[72.936,18.954],[72.936,18.954],[72.936,18.954],[72.936,18.954],[72.936,18.953],[72.935,18.953],[72.935,18.952],[72.934,18.952],[72.934,18.952],[72.934,18.952],[72.934,18.953],[72.933,18.953],[72.933,18.954],[72.933,18.954],[72.933,18.954],[72.933,18.954],[72.933,18.954],[72.933,18.954],[72.933,18.955],[72.93,18.955],[72.93,18.955],[72.93,18.955],[72.93,18.955],[72.929,18.955],[72.929,18.955],[72.929,18.955],[72.929,18.956],[72.929,18.956],[72.929,18.956],[72.928,18.956],[72.928,18.957],[72.928,18.957],[72.928,18.957],[72.928,18.957],[72.928,18.958],[72.927,18.958],[72.927,18.958],[72.927,18.958],[72.927,18.958],[72.927,18.958],[72.927,18.958],[72.926,18.958],[72.926,18.958],[72.925,18.958],[72.925,18.959],[72.925,18.959],[72.925,18.959],[72.925,18.959],[72.925,18.959],[72.925,18.96],[72.924,18.96],[72.924,18.963],[72.924,18.963],[72.925,18.963],[72.925,18.964],[72.925,18.964],[72.925,18.964],[72.925,18.964],[72.925,18.965],[72.925,18.965],[72.925,18.965],[72.926,18.965],[72.926,18.966],[72.927,18.966],[72.927,18.967],[72.927,18.967],[72.927,18.967],[72.927,18.967],[72.927,18.967],[72.928,18.967],[72.928,18.968],[72.928,18.968],[72.928,18.968],[72.929,18.968],[72.929,18.968],[72.93,18.968],[72.93,18.968],[72.931,18.968],[72.931,18.969],[72.931,18.969],[72.931,18.969],[72.932,18.969],[72.932,18.97],[72.932,18.97],[72.932,18.97],[72.933,18.97],[72.933,18.97],[72.934,18.97],[72.934,18.97],[72.935,18.97],[72.935,18.971],[72.935,18.971],[72.935,18.971],[72.936,18.971],[72.936,18.971],[72.936,18.971],[72.936,18.972],[72.937,18.972],[72.937,18.972],[72.937,18.972],[72.937,18.972],[72.938,18.972],[72.938,18.972],[72.939,18.972],[72.939,18.972],[72.939,18.972]]],[[[73.026,19.0],[73.026,19.0],[73.027,19.0],[73.027,18.999],[73.027,18.999],[73.027,18.999],[73.028,18.999],[73.028,18.999],[73.028,18.999],[73.028,18.998],[73.028,18.998],[73.028,18.996],[73.029,18.996],[73.029,18.995],[73.028,18.995],[73.028,18.993],[73.028,18.993],[73.028,18.993],[73.027,18.993],[73.027,18.995],[73.027,18.995],[73.027,18.995],[73.027,18.995],[73.027,18.995],[73.027,18.995],[73.027,18.996],[73.026,18.996],[73.026,18.997],[73.026,18.997],[73.026,18.997],[73.026,18.997],[73.026,19.0],[73.026,19.0]]],[[[72.782,19.135],[72.782,19.135],[72.783,19.135],[72.783,19.135],[72.783,19.135],[72.783,19.132],[72.782,19.132],[72.782,19.133],[72.781,19.133],[72.781,19.133],[72.78,19.133],[72.78,19.133],[72.78,19.133],[72.78,19.134],[72.78,19.134],[72.78,19.134],[72.781,19.134],[72.781,19.135],[72.781,19.135],[72.781,19.135],[72.781,19.135],[72.781,19.135],[72.782,19.135]]],[[[72.731,19.468],[72.731,19.468],[72.732,19.468],[72.732,19.468],[72.732,19.468],[72.732,19.467],[72.733,19.467],[72.733,19.467],[72.733,19.467],[72.733,19.467],[72.734,19.467],[72.734,19.467],[72.735,19.467],[72.735,19.467],[72.736,19.467],[72.736,19.466],[72.737,19.466],[72.737,19.465],[72.736,19.465],[72.736,19.465],[72.736,19.465],[72.736,19.465],[72.735,19.465],[72.735,19.464],[72.735,19.464],[72.735,19.464],[72.735,19.464],[72.735,19.463],[72.735,19.463],[72.735,19.463],[72.734,19.463],[72.734,19.462],[72.733,19.462],[72.733,19.46],[72.734,19.46],[72.734,19.46],[72.734,19.46],[72.734,19.46],[72.734,19.46],[72.734,19.459],[72.735,19.459],[72.735,19.459],[72.735,19.459],[72.735,19.458],[72.734,19.458],[72.734,19.458],[72.734,19.458],[72.734,19.458],[72.733,19.458],[72.733,19.458],[72.733,19.458],[72.733,19.457],[72.732,19.457],[72.732,19.458],[72.732,19.458],[72.732,19.458],[72.731,19.458],[72.731,19.458],[72.731,19.458],[72.731,19.459],[72.731,19.459],[72.731,19.459],[72.73,19.459],[72.73,19.459],[72.73,19.459],[72.73,19.46],[72.73,19.46],[72.73,19.46],[72.729,19.46],[72.729,19.46],[72.729,19.46],[72.729,19.461],[72.729,19.461],[72.729,19.461],[72.728,19.461],[72.728,19.462],[72.728,19.462],[72.728,19.462],[72.728,19.462],[72.728,19.464],[72.728,19.464],[72.728,19.464],[72.727,19.464],[72.727,19.465],[72.727,19.465],[72.727,19.466],[72.727,19.466],[72.727,19.467],[72.726,19.467],[72.726,19.468],[72.727,19.468],[72.727,19.468],[72.727,19.468],[72.727,19.468],[72.728,19.468],[72.728,19.468],[72.729,19.468],[72.729,19.468],[72.73,19.468],[72.73,19.468],[72.73,19.468],[72.73,19.468],[72.731,19.468]]],[[[74.436,22.031],[74.443,21.983],[74.478,21.962],[74.516,21.934],[74.518,21.89],[74.512,21.821],[74.507,21.781],[74.515,21.741],[74.549,21.72],[74.561,21.681],[74.597,21.663],[74.637,21.657],[74.676,21.647],[74.711,21.627],[74.751,21.618],[74.791,21.611],[74.832,21.611],[74.864,21.634],[74.904,21.629],[74.938,21.607],[74.978,21.597],[75.016,21.578],[75.058,21.565],[75.084,21.526],[75.1,21.485],[75.13,21.449],[75.188,21.427],[75.232,21.417],[75.277,21.409],[75.321,21.392],[75.361,21.403],[75.398,21.383],[75.444,21.391],[75.485,21.391],[75.529,21.385],[75.572,21.378],[75.609,21.395],[75.655,21.382],[75.695,21.39],[75.736,21.393],[75.792,21.389],[75.833,21.383],[75.872,21.396],[75.912,21.391],[75.959,21.396],[76.0,21.375],[76.042,21.359],[76.088,21.37],[76.116,21.339],[76.129,21.298],[76.156,21.263],[76.163,21.222],[76.171,21.182],[76.131,21.176],[76.141,21.136],[76.168,21.105],[76.209,21.09],[76.262,21.095],[76.335,21.077],[76.376,21.077],[76.412,21.107],[76.453,21.115],[76.475,21.152],[76.487,21.196],[76.529,21.189],[76.575,21.204],[76.617,21.199],[76.637,21.239],[76.66,21.274],[76.64,21.311],[76.668,21.369],[76.719,21.401],[76.743,21.443],[76.784,21.466],[76.77,21.511],[76.783,21.551],[76.793,21.595],[76.834,21.593],[76.892,21.601],[76.979,21.666],[77.018,21.691],[77.059,21.709],[77.103,21.723],[77.148,21.715],[77.188,21.723],[77.222,21.7],[77.263,21.724],[77.28,21.761],[77.321,21.757],[77.376,21.757],[77.427,21.76],[77.471,21.771],[77.506,21.741],[77.536,21.708],[77.559,21.669],[77.571,21.627],[77.57,21.576],[77.606,21.551],[77.567,21.53],[77.512,21.548],[77.469,21.554],[77.429,21.546],[77.431,21.502],[77.452,21.468],[77.473,21.433],[77.483,21.39],[77.524,21.38],[77.565,21.373],[77.606,21.37],[77.641,21.389],[77.688,21.397],[77.705,21.359],[77.743,21.38],[77.786,21.389],[77.834,21.402],[77.876,21.386],[77.918,21.385],[77.958,21.401],[77.996,21.414],[78.043,21.435],[78.092,21.456],[78.143,21.482],[78.178,21.514],[78.177,21.557],[78.227,21.556],[78.269,21.571],[78.319,21.576],[78.361,21.578],[78.376,21.617],[78.419,21.604],[78.422,21.564],[78.432,21.52],[78.471,21.505],[78.509,21.528],[78.552,21.519],[78.581,21.49],[78.621,21.478],[78.664,21.481],[78.704,21.471],[78.746,21.494],[78.79,21.489],[78.844,21.49],[78.885,21.486],[78.932,21.487],[78.923,21.533],[78.912,21.585],[78.962,21.606],[79.006,21.604],[79.048,21.606],[79.088,21.599],[79.128,21.628],[79.186,21.654],[79.227,21.658],[79.222,21.701],[79.265,21.715],[79.317,21.686],[79.362,21.68],[79.408,21.686],[79.451,21.684],[79.49,21.666],[79.512,21.631],[79.506,21.59],[79.54,21.565],[79.576,21.543],[79.617,21.557],[79.658,21.577],[79.699,21.592],[79.745,21.598],[79.792,21.581],[79.825,21.547],[79.872,21.53],[79.916,21.524],[79.947,21.555],[79.986,21.537],[80.023,21.554],[80.064,21.555],[80.093,21.585],[80.126,21.608],[80.165,21.622],[80.205,21.634],[80.243,21.62],[80.28,21.596],[80.317,21.576],[80.338,21.539],[80.371,21.515],[80.384,21.476],[80.409,21.444],[80.389,21.407],[80.414,21.375],[80.448,21.398],[80.49,21.396],[80.53,21.381],[80.564,21.358],[80.591,21.327],[80.632,21.324],[80.671,21.312],[80.647,21.278],[80.625,21.244],[80.589,21.225],[80.554,21.203],[80.513,21.194],[80.477,21.173],[80.448,21.142],[80.437,21.103],[80.444,21.063],[80.436,21.022],[80.439,20.972],[80.456,20.932],[80.501,20.929],[80.542,20.934],[80.55,20.889],[80.55,20.846],[80.546,20.801],[80.548,20.759],[80.56,20.712],[80.547,20.671],[80.508,20.655],[80.481,20.624],[80.5,20.587],[80.551,20.599],[80.592,20.613],[80.617,20.581],[80.613,20.537],[80.606,20.487],[80.595,20.446],[80.587,20.401],[80.606,20.361],[80.605,20.32],[80.552,20.312],[80.511,20.27],[80.465,20.272],[80.423,20.253],[80.383,20.242],[80.41,20.205],[80.39,20.166],[80.427,20.13],[80.467,20.143],[80.511,20.127],[80.535,20.092],[80.541,20.048],[80.533,20.004],[80.534,19.953],[80.502,19.925],[80.465,19.946],[80.425,19.937],[80.436,19.896],[80.483,19.899],[80.475,19.857],[80.447,19.82],[80.405,19.815],[80.443,19.791],[80.483,19.781],[80.469,19.825],[80.518,19.829],[80.542,19.794],[80.568,19.757],[80.613,19.729],[80.661,19.698],[80.656,19.625],[80.697,19.611],[80.758,19.59],[80.785,19.56],[80.828,19.563],[80.852,19.524],[80.89,19.499],[80.886,19.457],[80.835,19.442],[80.794,19.429],[80.813,19.383],[80.816,19.342],[80.778,19.319],[80.749,19.287],[80.709,19.283],[80.684,19.32],[80.635,19.313],[80.596,19.331],[80.585,19.374],[80.532,19.374],[80.5,19.341],[80.465,19.316],[80.445,19.27],[80.408,19.248],[80.377,19.217],[80.373,19.175],[80.336,19.148],[80.33,19.107],[80.316,19.065],[80.295,19.029],[80.268,18.987],[80.265,18.947],[80.291,18.908],[80.322,18.875],[80.346,18.834],[80.319,18.796],[80.28,18.768],[80.241,18.757],[80.268,18.718],[80.23,18.698],[80.192,18.684],[80.152,18.695],[80.116,18.676],[80.084,18.701],[80.046,18.721],[80.019,18.751],[79.982,18.774],[79.94,18.782],[79.894,18.831],[79.933,18.845],[79.94,18.897],[79.941,18.938],[79.933,18.996],[79.926,19.042],[79.881,19.041],[79.86,19.091],[79.906,19.142],[79.941,19.164],[79.923,19.203],[79.932,19.259],[79.962,19.297],[79.965,19.351],[79.973,19.392],[79.946,19.441],[79.924,19.478],[79.878,19.501],[79.828,19.537],[79.811,19.574],[79.778,19.598],[79.73,19.597],[79.685,19.579],[79.64,19.575],[79.607,19.539],[79.591,19.502],[79.552,19.52],[79.515,19.542],[79.493,19.505],[79.441,19.534],[79.389,19.549],[79.341,19.574],[79.293,19.597],[79.255,19.611],[79.24,19.559],[79.223,19.517],[79.221,19.476],[79.178,19.461],[79.14,19.501],[79.102,19.519],[79.063,19.531],[79.018,19.54],[78.978,19.551],[78.971,19.597],[78.968,19.639],[78.935,19.662],[78.891,19.655],[78.864,19.687],[78.857,19.731],[78.825,19.76],[78.785,19.779],[78.743,19.78],[78.702,19.786],[78.648,19.801],[78.604,19.818],[78.558,19.816],[78.512,19.814],[78.465,19.816],[78.409,19.83],[78.384,19.864],[78.347,19.881],[78.32,19.915],[78.298,19.873],[78.339,19.839],[78.367,19.795],[78.361,19.754],[78.345,19.714],[78.305,19.688],[78.27,19.663],[78.296,19.632],[78.31,19.587],[78.279,19.558],[78.299,19.514],[78.312,19.466],[78.273,19.454],[78.234,19.433],[78.198,19.407],[78.184,19.368],[78.195,19.325],[78.183,19.279],[78.17,19.236],[78.127,19.246],[78.082,19.255],[78.033,19.274],[77.996,19.306],[77.963,19.332],[77.922,19.326],[77.875,19.309],[77.901,19.277],[77.868,19.246],[77.853,19.205],[77.85,19.162],[77.839,19.119],[77.8,19.099],[77.797,19.051],[77.757,19.029],[77.767,18.981],[77.817,18.982],[77.854,18.952],[77.84,18.911],[77.882,18.909],[77.899,18.868],[77.944,18.842],[77.859,18.814],[77.828,18.786],[77.81,18.74],[77.787,18.694],[77.745,18.684],[77.73,18.646],[77.748,18.605],[77.735,18.563],[77.683,18.541],[77.64,18.554],[77.597,18.548],[77.586,18.503],[77.56,18.467],[77.528,18.44],[77.549,18.388],[77.52,18.349],[77.567,18.318],[77.524,18.303],[77.492,18.266],[77.451,18.266],[77.436,18.306],[77.396,18.303],[77.355,18.319],[77.389,18.341],[77.408,18.378],[77.37,18.401],[77.37,18.448],[77.326,18.449],[77.265,18.418],[77.233,18.386],[77.221,18.347],[77.195,18.313],[77.171,18.281],[77.151,18.238],[77.121,18.207],[77.109,18.153],[77.058,18.152],[77.033,18.184],[76.991,18.187],[76.951,18.172],[76.928,18.14],[76.959,18.106],[76.953,18.063],[76.918,18.033],[76.92,17.991],[76.913,17.937],[76.892,17.903],[76.847,17.896],[76.808,17.883],[76.766,17.898],[76.737,17.857],[76.78,17.836],[76.77,17.797],[76.725,17.785],[76.727,17.74],[76.701,17.707],[76.663,17.688],[76.637,17.724],[76.614,17.768],[76.599,17.728],[76.565,17.754],[76.524,17.759],[76.524,17.715],[76.486,17.693],[76.452,17.656],[76.424,17.622],[76.382,17.601],[76.336,17.596],[76.337,17.555],[76.366,17.522],[76.35,17.472],[76.334,17.432],[76.37,17.408],[76.408,17.369],[76.384,17.32],[76.344,17.35],[76.305,17.328],[76.27,17.357],[76.23,17.37],[76.183,17.357],[76.179,17.314],[76.146,17.348],[76.102,17.362],[76.073,17.332],[76.037,17.349],[75.981,17.336],[75.942,17.325],[75.898,17.351],[75.896,17.395],[75.856,17.408],[75.816,17.398],[75.777,17.388],[75.737,17.422],[75.697,17.411],[75.681,17.454],[75.636,17.478],[75.619,17.439],[75.617,17.399],[75.579,17.383],[75.598,17.345],[75.606,17.303],[75.632,17.272],[75.661,17.24],[75.644,17.194],[75.643,17.148],[75.674,17.114],[75.681,17.071],[75.648,17.047],[75.671,16.999],[75.671,16.959],[75.631,16.967],[75.61,17.003],[75.569,16.999],[75.543,16.963],[75.502,16.945],[75.469,16.98],[75.431,16.963],[75.372,16.969],[75.306,16.955],[75.286,16.909],[75.268,16.861],[75.23,16.841],[75.188,16.841],[75.151,16.869],[75.124,16.9],[75.094,16.947],[75.051,16.94],[75.004,16.946],[74.96,16.933],[74.964,16.878],[74.912,16.856],[74.916,16.81],[74.924,16.77],[74.868,16.771],[74.804,16.751],[74.764,16.737],[74.722,16.713],[74.689,16.684],[74.661,16.638],[74.694,16.615],[74.652,16.607],[74.624,16.578],[74.582,16.555],[74.555,16.592],[74.551,16.633],[74.51,16.631],[74.477,16.661],[74.471,16.615],[74.434,16.594],[74.398,16.565],[74.385,16.527],[74.346,16.546],[74.324,16.506],[74.287,16.527],[74.256,16.497],[74.3,16.503],[74.296,16.459],[74.339,16.452],[74.342,16.405],[74.362,16.365],[74.328,16.341],[74.341,16.303],[74.38,16.294],[74.421,16.281],[74.461,16.248],[74.503,16.231],[74.513,16.189],[74.49,16.147],[74.496,16.102],[74.455,16.103],[74.415,16.092],[74.38,16.07],[74.416,16.051],[74.456,16.052],[74.456,16.009],[74.442,15.965],[74.412,15.925],[74.403,15.878],[74.353,15.859],[74.389,15.836],[74.376,15.797],[74.351,15.763],[74.313,15.748],[74.271,15.752],[74.24,15.781],[74.204,15.753],[74.162,15.742],[74.136,15.709],[74.118,15.671],[74.081,15.626],[74.039,15.621],[73.999,15.611],[73.969,15.644],[73.971,15.687],[73.951,15.723],[73.915,15.745],[73.88,15.777],[73.839,15.761],[73.803,15.732],[73.758,15.733],[73.719,15.722],[73.677,15.725],[73.663,15.763],[73.661,15.803],[73.634,15.833],[73.61,15.865],[73.591,15.9],[73.559,15.924],[73.521,15.938],[73.499,15.972],[73.491,16.012],[73.471,16.046],[73.459,16.085],[73.456,16.125],[73.446,16.165],[73.439,16.205],[73.42,16.24],[73.414,16.28],[73.394,16.317],[73.387,16.357],[73.404,16.394],[73.365,16.405],[73.357,16.445],[73.337,16.48],[73.321,16.517],[73.318,16.557],[73.348,16.529],[73.383,16.511],[73.354,16.539],[73.393,16.553],[73.355,16.568],[73.322,16.591],[73.352,16.618],[73.324,16.647],[73.339,16.685],[73.312,16.714],[73.305,16.757],[73.317,16.795],[73.296,16.829],[73.293,16.87],[73.284,16.91],[73.282,16.95],[73.283,16.99],[73.257,17.021],[73.294,17.04],[73.285,17.079],[73.268,17.115],[73.264,17.156],[73.245,17.191],[73.234,17.23],[73.221,17.268],[73.192,17.296],[73.231,17.284],[73.225,17.324],[73.214,17.363],[73.182,17.386],[73.187,17.427],[73.194,17.466],[73.184,17.506],[73.153,17.532],[73.143,17.57],[73.138,17.61],[73.134,17.65],[73.114,17.686],[73.133,17.721],[73.12,17.759],[73.105,17.797],[73.09,17.834],[73.13,17.832],[73.091,17.843],[73.075,17.88],[73.055,17.915],[73.087,17.939],[73.047,17.933],[73.032,17.97],[73.016,18.007],[73.04,18.04],[73.002,18.054],[72.993,18.093],[72.972,18.128],[72.987,18.165],[72.973,18.203],[72.936,18.217],[72.941,18.257],[72.98,18.246],[73.02,18.242],[73.058,18.23],[73.055,18.188],[73.081,18.157],[73.06,18.19],[73.079,18.226],[73.068,18.265],[73.043,18.296],[73.083,18.293],[73.045,18.307],[73.044,18.267],[73.003,18.285],[72.968,18.305],[72.947,18.338],[72.913,18.36],[72.908,18.4],[72.905,18.441],[72.902,18.483],[72.911,18.522],[72.92,18.561],[72.901,18.597],[72.885,18.635],[72.864,18.669],[72.861,18.71],[72.864,18.75],[72.863,18.791],[72.903,18.803],[72.937,18.824],[72.963,18.795],[72.983,18.83],[72.947,18.847],[72.917,18.874],[72.943,18.905],[72.94,18.945],[72.977,18.963],[73.014,18.979],[73.001,19.017],[72.994,19.056],[72.96,19.036],[72.93,19.009],[72.89,19.0],[72.856,18.978],[72.845,18.94],[72.821,18.908],[72.82,18.948],[72.811,18.987],[72.831,19.022],[72.821,19.061],[72.825,19.102],[72.807,19.138],[72.83,19.171],[72.801,19.142],[72.796,19.182],[72.811,19.22],[72.838,19.25],[72.807,19.224],[72.782,19.257],[72.785,19.3],[72.79,19.34],[72.763,19.37],[72.76,19.41],[72.749,19.448],[72.767,19.484],[72.786,19.52],[72.746,19.513],[72.719,19.544],[72.718,19.584],[72.728,19.623],[72.711,19.66],[72.711,19.702],[72.713,19.743],[72.688,19.776],[72.677,19.815],[72.654,19.847],[72.681,19.877],[72.677,19.917],[72.688,19.955],[72.728,19.96],[72.753,19.928],[72.731,19.962],[72.721,20.001],[72.715,20.04],[72.715,20.08],[72.738,20.114],[72.775,20.131],[72.809,20.152],[72.834,20.184],[72.872,20.208],[72.911,20.226],[72.951,20.216],[72.976,20.18],[72.973,20.131],[73.017,20.135],[73.032,20.084],[73.078,20.095],[73.118,20.079],[73.163,20.073],[73.203,20.081],[73.216,20.122],[73.256,20.128],[73.294,20.154],[73.295,20.196],[73.336,20.204],[73.376,20.195],[73.417,20.2],[73.42,20.242],[73.436,20.279],[73.425,20.321],[73.415,20.382],[73.429,20.42],[73.449,20.467],[73.474,20.501],[73.497,20.536],[73.484,20.578],[73.44,20.595],[73.415,20.628],[73.44,20.665],[73.454,20.71],[73.493,20.694],[73.498,20.653],[73.538,20.674],[73.574,20.651],[73.622,20.625],[73.634,20.582],[73.671,20.562],[73.71,20.575],[73.764,20.583],[73.802,20.606],[73.846,20.624],[73.845,20.667],[73.874,20.708],[73.921,20.724],[73.947,20.761],[73.941,20.804],[73.936,20.843],[73.931,20.886],[73.91,20.921],[73.902,20.962],[73.873,20.991],[73.828,20.996],[73.794,21.02],[73.757,21.039],[73.744,21.082],[73.709,21.112],[73.66,21.108],[73.624,21.138],[73.588,21.157],[73.637,21.153],[73.681,21.152],[73.722,21.139],[73.753,21.168],[73.796,21.182],[73.836,21.195],[73.836,21.242],[73.872,21.267],[73.924,21.281],[73.951,21.315],[73.957,21.362],[73.953,21.402],[74.005,21.412],[74.047,21.419],[74.058,21.457],[74.1,21.454],[74.139,21.463],[74.18,21.462],[74.221,21.459],[74.261,21.465],[74.3,21.478],[74.33,21.505],[74.316,21.543],[74.276,21.547],[74.235,21.549],[74.195,21.543],[74.156,21.553],[74.116,21.557],[74.076,21.559],[74.026,21.553],[73.984,21.542],[73.939,21.51],[73.897,21.506],[73.854,21.507],[73.834,21.553],[73.825,21.598],[73.79,21.621],[73.829,21.64],[73.87,21.639],[73.896,21.7],[73.865,21.729],[73.831,21.763],[73.834,21.805],[73.864,21.837],[73.907,21.854],[73.949,21.87],[74.005,21.899],[74.047,21.923],[74.099,21.938],[74.138,21.953],[74.177,21.941],[74.215,21.927],[74.256,21.932],[74.295,21.942],[74.321,21.974],[74.36,21.984],[74.388,22.02],[74.436,22.031]]]]}},{"type":"Feature","properties":{"NAME_1":"Manipur","state":"Manipur"},"geometry":{"type":"Polygon","coordinates":[[[94.577,25.648],[94.569,25.608],[94.56,25.568],[94.559,25.524],[94.587,25.492],[94.625,25.469],[94.666,25.455],[94.671,25.413],[94.635,25.392],[94.622,25.337],[94.602,25.299],[94.597,25.257],[94.585,25.216],[94.617,25.19],[94.658,25.172],[94.699,25.161],[94.736,25.143],[94.746,25.102],[94.749,25.058],[94.735,25.013],[94.706,24.984],[94.719,24.942],[94.694,24.91],[94.662,24.877],[94.638,24.842],[94.625,24.796],[94.625,24.754],[94.599,24.715],[94.557,24.719],[94.551,24.675],[94.531,24.632],[94.502,24.596],[94.465,24.576],[94.445,24.531],[94.43,24.493],[94.4,24.462],[94.404,24.421],[94.367,24.405],[94.369,24.362],[94.335,24.339],[94.328,24.292],[94.313,24.254],[94.29,24.22],[94.284,24.18],[94.258,24.143],[94.258,24.102],[94.247,24.063],[94.232,24.021],[94.201,23.978],[94.196,23.938],[94.168,23.889],[94.139,23.856],[94.104,23.877],[94.068,23.896],[94.034,23.922],[93.99,23.932],[93.954,23.95],[93.914,23.957],[93.873,23.944],[93.828,23.931],[93.794,23.963],[93.767,23.997],[93.727,24.004],[93.686,24.01],[93.645,24.014],[93.616,23.981],[93.572,23.983],[93.531,23.961],[93.489,23.962],[93.467,23.999],[93.441,24.035],[93.425,24.072],[93.383,24.089],[93.347,24.113],[93.339,24.072],[93.298,24.052],[93.255,24.024],[93.264,24.068],[93.227,24.087],[93.198,24.052],[93.161,24.078],[93.121,24.06],[93.085,24.09],[93.038,24.095],[93.001,24.115],[93.001,24.157],[93.003,24.198],[93.027,24.233],[93.014,24.272],[93.035,24.318],[93.019,24.359],[93.0,24.403],[93.039,24.418],[93.038,24.461],[93.044,24.506],[93.061,24.555],[93.096,24.58],[93.079,24.621],[93.098,24.659],[93.085,24.698],[93.104,24.737],[93.101,24.778],[93.12,24.817],[93.153,24.794],[93.193,24.806],[93.196,24.846],[93.225,24.875],[93.242,24.911],[93.249,24.953],[93.255,24.992],[93.264,25.036],[93.302,25.052],[93.322,25.088],[93.346,25.125],[93.349,25.167],[93.371,25.204],[93.387,25.242],[93.421,25.266],[93.452,25.295],[93.488,25.276],[93.516,25.245],[93.563,25.247],[93.592,25.214],[93.629,25.236],[93.651,25.274],[93.673,25.312],[93.691,25.347],[93.723,25.376],[93.76,25.414],[93.79,25.443],[93.814,25.485],[93.773,25.498],[93.771,25.54],[93.816,25.545],[93.862,25.558],[93.905,25.567],[93.957,25.557],[94.001,25.574],[94.044,25.577],[94.086,25.56],[94.129,25.526],[94.16,25.555],[94.199,25.523],[94.229,25.496],[94.274,25.503],[94.314,25.494],[94.365,25.521],[94.404,25.541],[94.426,25.581],[94.474,25.622],[94.515,25.63],[94.545,25.658],[94.568,25.692],[94.577,25.653],[94.577,25.648]]]}},{"type":"Feature","properties":{"NAME_1":"Meghalaya","state":"Meghalaya"},"geometry":{"type":"Polygon","coordinates":[[[91.854,26.105],[91.869,26.057],[91.901,26.026],[91.941,26.014],[91.984,26.031],[92.024,26.038],[92.07,26.038],[92.109,26.05],[92.149,26.062],[92.188,26.069],[92.228,26.068],[92.269,26.068],[92.256,26.029],[92.221,26.002],[92.181,25.975],[92.156,25.943],[92.181,25.909],[92.223,25.911],[92.195,25.881],[92.171,25.838],[92.154,25.795],[92.165,25.745],[92.158,25.701],[92.197,25.687],[92.229,25.716],[92.271,25.711],[92.308,25.726],[92.348,25.732],[92.385,25.754],[92.421,25.729],[92.434,25.688],[92.475,25.673],[92.493,25.636],[92.533,25.616],[92.561,25.583],[92.593,25.554],[92.631,25.571],[92.638,25.529],[92.594,25.503],[92.567,25.467],[92.605,25.45],[92.638,25.423],[92.68,25.409],[92.713,25.385],[92.746,25.361],[92.782,25.334],[92.789,25.292],[92.765,25.249],[92.803,25.222],[92.763,25.204],[92.716,25.194],[92.677,25.182],[92.648,25.153],[92.625,25.119],[92.582,25.132],[92.54,25.137],[92.51,25.105],[92.477,25.078],[92.463,25.037],[92.423,25.033],[92.384,25.044],[92.346,25.056],[92.291,25.079],[92.253,25.093],[92.215,25.112],[92.177,25.129],[92.139,25.146],[92.111,25.178],[92.072,25.19],[92.031,25.182],[91.989,25.176],[91.949,25.184],[91.908,25.184],[91.867,25.178],[91.826,25.178],[91.786,25.169],[91.745,25.164],[91.704,25.149],[91.668,25.13],[91.628,25.128],[91.603,25.16],[91.561,25.151],[91.514,25.145],[91.474,25.134],[91.44,25.154],[91.4,25.164],[91.36,25.17],[91.319,25.183],[91.28,25.199],[91.24,25.197],[91.199,25.2],[91.156,25.196],[91.116,25.195],[91.071,25.191],[91.03,25.185],[90.987,25.173],[90.943,25.163],[90.902,25.163],[90.858,25.156],[90.817,25.164],[90.779,25.18],[90.74,25.165],[90.699,25.16],[90.671,25.191],[90.634,25.172],[90.594,25.174],[90.553,25.173],[90.512,25.17],[90.465,25.153],[90.424,25.153],[90.383,25.163],[90.348,25.188],[90.305,25.193],[90.265,25.2],[90.223,25.208],[90.183,25.221],[90.143,25.225],[90.102,25.237],[90.063,25.259],[90.024,25.273],[89.983,25.285],[89.944,25.302],[89.902,25.303],[89.865,25.288],[89.835,25.32],[89.822,25.359],[89.83,25.402],[89.842,25.442],[89.869,25.476],[89.87,25.521],[89.904,25.559],[89.949,25.568],[89.99,25.589],[89.982,25.628],[89.947,25.659],[89.921,25.694],[89.894,25.727],[89.934,25.745],[89.955,25.782],[89.945,25.824],[89.991,25.836],[90.022,25.866],[90.052,25.899],[90.087,25.926],[90.114,25.957],[90.153,25.965],[90.194,25.957],[90.278,25.963],[90.324,25.974],[90.365,26.01],[90.408,26.008],[90.447,25.997],[90.49,26.01],[90.524,25.97],[90.526,25.928],[90.571,25.939],[90.629,25.937],[90.614,25.9],[90.654,25.93],[90.713,25.952],[90.751,25.934],[90.792,25.936],[90.832,25.945],[90.873,25.943],[90.913,25.92],[90.943,25.948],[90.967,25.905],[91.014,25.884],[91.009,25.838],[91.049,25.849],[91.121,25.831],[91.162,25.849],[91.203,25.841],[91.187,25.803],[91.189,25.739],[91.232,25.729],[91.276,25.747],[91.306,25.796],[91.332,25.832],[91.377,25.845],[91.419,25.855],[91.469,25.859],[91.513,25.867],[91.509,25.91],[91.518,25.953],[91.555,25.987],[91.57,26.027],[91.617,26.025],[91.627,25.982],[91.611,25.945],[91.648,25.914],[91.692,25.929],[91.722,25.965],[91.723,26.02],[91.731,26.059],[91.779,26.091],[91.816,26.111],[91.854,26.105]]]}},{"type":"Feature","properties":{"NAME_1":"Mizoram","state":"Mizoram"},"geometry":{"type":"Polygon","coordinates":[[[92.801,24.419],[92.828,24.386],[92.872,24.397],[92.912,24.413],[92.951,24.405],[92.992,24.405],[93.022,24.374],[93.035,24.318],[93.008,24.28],[93.018,24.236],[93.003,24.198],[93.001,24.157],[92.974,24.124],[93.014,24.105],[93.054,24.091],[93.095,24.08],[93.135,24.073],[93.176,24.054],[93.217,24.05],[93.242,24.087],[93.252,24.034],[93.298,24.052],[93.338,24.05],[93.339,24.003],[93.356,23.961],[93.391,23.934],[93.396,23.887],[93.397,23.841],[93.41,23.799],[93.407,23.756],[93.417,23.712],[93.445,23.682],[93.429,23.645],[93.433,23.595],[93.427,23.553],[93.411,23.513],[93.406,23.467],[93.397,23.426],[93.414,23.388],[93.376,23.363],[93.377,23.319],[93.375,23.275],[93.388,23.235],[93.385,23.188],[93.379,23.144],[93.364,23.106],[93.353,23.065],[93.33,23.032],[93.298,23.006],[93.253,23.006],[93.22,23.045],[93.177,23.053],[93.133,23.048],[93.13,23.006],[93.143,22.964],[93.157,22.927],[93.137,22.89],[93.122,22.843],[93.103,22.792],[93.111,22.753],[93.099,22.714],[93.104,22.674],[93.117,22.635],[93.144,22.599],[93.122,22.56],[93.134,22.52],[93.136,22.48],[93.175,22.451],[93.189,22.414],[93.193,22.371],[93.207,22.33],[93.202,22.286],[93.184,22.249],[93.156,22.217],[93.148,22.177],[93.112,22.201],[93.072,22.209],[93.055,22.165],[93.063,22.121],[93.023,22.106],[93.004,22.061],[93.008,22.02],[93.007,21.98],[92.973,22.01],[92.932,22.018],[92.919,21.974],[92.894,22.012],[92.871,22.047],[92.837,22.076],[92.803,22.102],[92.766,22.126],[92.733,22.15],[92.7,22.122],[92.697,22.081],[92.69,22.041],[92.659,22.015],[92.63,21.985],[92.604,22.02],[92.601,22.06],[92.587,22.1],[92.588,22.14],[92.614,22.173],[92.601,22.215],[92.598,22.257],[92.586,22.304],[92.579,22.347],[92.567,22.386],[92.562,22.426],[92.556,22.469],[92.55,22.51],[92.543,22.55],[92.54,22.592],[92.534,22.636],[92.527,22.676],[92.515,22.714],[92.489,22.747],[92.477,22.787],[92.457,22.823],[92.455,22.863],[92.43,22.897],[92.401,22.925],[92.379,22.96],[92.386,23.002],[92.39,23.042],[92.386,23.082],[92.37,23.12],[92.371,23.161],[92.364,23.201],[92.376,23.24],[92.398,23.276],[92.383,23.318],[92.382,23.359],[92.359,23.395],[92.35,23.434],[92.33,23.469],[92.325,23.51],[92.317,23.551],[92.306,23.591],[92.293,23.63],[92.293,23.67],[92.28,23.714],[92.268,23.756],[92.264,23.8],[92.276,23.84],[92.31,23.863],[92.323,23.904],[92.313,23.943],[92.326,23.983],[92.319,24.025],[92.317,24.067],[92.332,24.105],[92.337,24.147],[92.327,24.186],[92.303,24.222],[92.377,24.251],[92.422,24.253],[92.418,24.211],[92.434,24.174],[92.463,24.136],[92.5,24.161],[92.538,24.196],[92.547,24.238],[92.588,24.245],[92.617,24.275],[92.623,24.32],[92.658,24.342],[92.694,24.364],[92.714,24.405],[92.731,24.453],[92.749,24.489],[92.786,24.464],[92.803,24.427],[92.801,24.419]]]}},{"type":"Feature","properties":{"NAME_1":"Nagaland","state":"Nagaland"},"geometry":{"type":"Polygon","coordinates":[[[95.214,26.937],[95.231,26.898],[95.185,26.865],[95.203,26.829],[95.222,26.794],[95.221,26.752],[95.236,26.712],[95.227,26.672],[95.191,26.648],[95.158,26.623],[95.154,26.581],[95.121,26.553],[95.107,26.515],[95.082,26.484],[95.097,26.439],[95.122,26.398],[95.128,26.355],[95.131,26.307],[95.125,26.264],[95.141,26.218],[95.123,26.176],[95.125,26.131],[95.148,26.098],[95.186,26.08],[95.165,26.045],[95.143,26.011],[95.11,25.976],[95.073,25.949],[95.036,25.931],[95.02,25.895],[95.028,25.851],[95.044,25.813],[95.053,25.763],[95.019,25.738],[94.989,25.709],[94.954,25.683],[94.93,25.647],[94.917,25.608],[94.905,25.567],[94.859,25.563],[94.83,25.535],[94.812,25.495],[94.773,25.481],[94.731,25.475],[94.689,25.465],[94.648,25.462],[94.607,25.482],[94.575,25.505],[94.56,25.546],[94.556,25.586],[94.577,25.62],[94.582,25.661],[94.54,25.651],[94.508,25.619],[94.449,25.601],[94.426,25.561],[94.389,25.537],[94.329,25.508],[94.287,25.512],[94.232,25.498],[94.199,25.523],[94.164,25.55],[94.129,25.526],[94.086,25.56],[94.046,25.581],[94.007,25.57],[93.965,25.557],[93.919,25.564],[93.878,25.562],[93.836,25.563],[93.779,25.538],[93.766,25.5],[93.808,25.496],[93.798,25.454],[93.764,25.418],[93.74,25.384],[93.7,25.359],[93.672,25.329],[93.652,25.279],[93.632,25.243],[93.613,25.206],[93.575,25.228],[93.529,25.248],[93.495,25.279],[93.468,25.314],[93.462,25.359],[93.467,25.403],[93.457,25.442],[93.417,25.453],[93.391,25.486],[93.36,25.52],[93.345,25.561],[93.383,25.576],[93.408,25.609],[93.439,25.634],[93.483,25.646],[93.52,25.684],[93.549,25.715],[93.57,25.752],[93.606,25.773],[93.633,25.805],[93.669,25.825],[93.704,25.854],[93.686,25.905],[93.729,25.928],[93.763,25.955],[93.794,25.926],[93.787,25.879],[93.783,25.838],[93.824,25.847],[93.869,25.855],[93.914,25.882],[93.96,25.905],[93.971,25.945],[93.961,25.997],[93.966,26.042],[93.986,26.084],[93.996,26.122],[94.004,26.164],[94.031,26.199],[94.044,26.24],[94.076,26.269],[94.098,26.303],[94.124,26.336],[94.165,26.339],[94.179,26.389],[94.176,26.432],[94.201,26.47],[94.229,26.503],[94.263,26.544],[94.287,26.509],[94.303,26.467],[94.343,26.49],[94.378,26.513],[94.403,26.547],[94.406,26.602],[94.455,26.639],[94.486,26.674],[94.52,26.701],[94.561,26.708],[94.604,26.716],[94.646,26.725],[94.687,26.733],[94.72,26.758],[94.759,26.774],[94.791,26.801],[94.815,26.837],[94.839,26.874],[94.865,26.907],[94.894,26.937],[94.939,26.938],[94.98,26.925],[95.021,26.925],[95.065,26.948],[95.11,26.967],[95.143,26.998],[95.196,27.043],[95.2,26.999],[95.213,26.959],[95.214,26.937]]]}},{"type":"Feature","properties":{"NAME_1":"Orissa","state":"Orissa"},"geometry":{"type":"MultiPolygon","coordinates":[[[[84.77,19.106],[84.77,19.105],[84.77,19.105],[84.77,19.104],[84.769,19.104],[84.769,19.104],[84.769,19.104],[84.769,19.104],[84.769,19.104],[84.769,19.103],[84.768,19.103],[84.768,19.103],[84.768,19.103],[84.768,19.103],[84.768,19.103],[84.768,19.102],[84.767,19.102],[84.767,19.102],[84.767,19.102],[84.767,19.102],[84.767,19.102],[84.767,19.101],[84.766,19.101],[84.766,19.101],[84.766,19.101],[84.766,19.101],[84.765,19.101],[84.765,19.102],[84.765,19.102],[84.765,19.102],[84.765,19.102],[84.765,19.102],[84.765,19.102],[84.765,19.102],[84.766,19.102],[84.766,19.103],[84.766,19.103],[84.766,19.103],[84.766,19.103],[84.766,19.104],[84.767,19.104],[84.767,19.105],[84.767,19.105],[84.767,19.105],[84.767,19.105],[84.767,19.105],[84.768,19.105],[84.768,19.106],[84.769,19.106],[84.769,19.106],[84.77,19.106]]],[[[84.757,19.111],[84.757,19.11],[84.757,19.11],[84.757,19.11],[84.757,19.11],[84.757,19.11],[84.757,19.11],[84.757,19.109],[84.757,19.109],[84.757,19.108],[84.758,19.108],[84.758,19.109],[84.758,19.109],[84.758,19.11],[84.759,19.11],[84.759,19.11],[84.761,19.11],[84.761,19.109],[84.76,19.109],[84.76,19.109],[84.76,19.109],[84.76,19.108],[84.759,19.108],[84.759,19.108],[84.759,19.108],[84.759,19.107],[84.758,19.107],[84.758,19.107],[84.758,19.107],[84.758,19.106],[84.758,19.106],[84.758,19.105],[84.758,19.105],[84.758,19.105],[84.76,19.105],[84.76,19.105],[84.761,19.105],[84.761,19.105],[84.761,19.105],[84.761,19.106],[84.762,19.106],[84.762,19.106],[84.763,19.106],[84.763,19.107],[84.763,19.107],[84.763,19.107],[84.764,19.107],[84.764,19.107],[84.765,19.107],[84.765,19.107],[84.766,19.107],[84.766,19.105],[84.765,19.105],[84.765,19.104],[84.765,19.104],[84.765,19.104],[84.765,19.104],[84.765,19.103],[84.764,19.103],[84.764,19.103],[84.764,19.103],[84.764,19.103],[84.764,19.103],[84.764,19.102],[84.763,19.102],[84.763,19.102],[84.762,19.102],[84.762,19.102],[84.76,19.102],[84.76,19.103],[84.759,19.103],[84.759,19.102],[84.759,19.102],[84.759,19.102],[84.758,19.102],[84.758,19.102],[84.758,19.102],[84.758,19.102],[84.757,19.102],[84.757,19.102],[84.757,19.102],[84.757,19.104],[84.757,19.104],[84.757,19.105],[84.757,19.105],[84.757,19.105],[84.757,19.105],[84.757,19.106],[84.757,19.106],[84.757,19.106],[84.757,19.106],[84.757,19.106],[84.756,19.106],[84.756,19.107],[84.756,19.107],[84.756,19.107],[84.756,19.107],[84.756,19.107],[84.756,19.107],[84.756,19.108],[84.756,19.108],[84.756,19.109],[84.756,19.109],[84.756,19.109],[84.756,19.109],[84.756,19.109],[84.755,19.109],[84.755,19.11],[84.755,19.11],[84.755,19.111],[84.755,19.111],[84.755,19.111],[84.757,19.111]]],[[[84.783,19.111],[84.765,19.075],[84.782,19.111],[84.783,19.111]]],[[[86.241,19.909],[86.24,19.909],[86.24,19.909],[86.24,19.909],[86.239,19.909],[86.239,19.909],[86.238,19.909],[86.238,19.908],[86.237,19.908],[86.237,19.908],[86.237,19.908],[86.237,19.909],[86.237,19.909],[86.237,19.91],[86.238,19.91],[86.238,19.911],[86.238,19.911],[86.238,19.911],[86.24,19.911],[86.241,19.911],[86.241,19.911],[86.241,19.91],[86.241,19.91],[86.241,19.909]]],[[[86.372,19.954],[86.372,19.954],[86.372,19.954],[86.371,19.954],[86.37,19.954],[86.37,19.954],[86.37,19.954],[86.37,19.953],[86.369,19.953],[86.368,19.952],[86.368,19.952],[86.367,19.952],[86.366,19.952],[86.366,19.952],[86.364,19.952],[86.363,19.952],[86.363,19.952],[86.361,19.951],[86.361,19.951],[86.36,19.951],[86.36,19.951],[86.359,19.951],[86.359,19.951],[86.359,19.95],[86.359,19.95],[86.358,19.95],[86.357,19.95],[86.356,19.95],[86.355,19.95],[86.355,19.95],[86.355,19.95],[86.355,19.95],[86.357,19.951],[86.357,19.951],[86.357,19.951],[86.359,19.951],[86.36,19.951],[86.363,19.952],[86.365,19.953],[86.367,19.953],[86.368,19.954],[86.369,19.954],[86.37,19.955],[86.37,19.955],[86.371,19.955],[86.371,19.955],[86.371,19.956],[86.371,19.956],[86.371,19.957],[86.371,19.957],[86.372,19.958],[86.372,19.958],[86.373,19.957],[86.373,19.957],[86.372,19.956],[86.372,19.955],[86.372,19.955],[86.372,19.954]]],[[[86.387,19.963],[86.387,19.962],[86.386,19.961],[86.386,19.961],[86.385,19.96],[86.384,19.96],[86.384,19.96],[86.384,19.96],[86.384,19.96],[86.384,19.96],[86.383,19.959],[86.383,19.959],[86.382,19.959],[86.382,19.959],[86.381,19.959],[86.381,19.959],[86.381,19.959],[86.38,19.959],[86.38,19.959],[86.379,19.959],[86.379,19.959],[86.379,19.96],[86.38,19.96],[86.38,19.96],[86.381,19.96],[86.381,19.961],[86.381,19.961],[86.382,19.961],[86.382,19.961],[86.382,19.961],[86.383,19.961],[86.383,19.962],[86.383,19.962],[86.384,19.962],[86.384,19.962],[86.384,19.962],[86.385,19.962],[86.385,19.963],[86.386,19.963],[86.386,19.963],[86.386,19.963],[86.386,19.963],[86.387,19.963]]],[[[86.392,19.966],[86.392,19.966],[86.392,19.966],[86.391,19.966],[86.39,19.966],[86.39,19.966],[86.391,19.966],[86.392,19.967],[86.392,19.967],[86.393,19.968],[86.394,19.969],[86.396,19.97],[86.396,19.971],[86.397,19.971],[86.398,19.972],[86.399,19.972],[86.399,19.973],[86.399,19.972],[86.399,19.972],[86.399,19.972],[86.398,19.971],[86.398,19.97],[86.396,19.969],[86.395,19.968],[86.393,19.966],[86.393,19.966],[86.393,19.966],[86.392,19.966]]],[[[86.369,19.974],[86.369,19.974],[86.37,19.974],[86.372,19.974],[86.373,19.974],[86.373,19.973],[86.373,19.973],[86.373,19.973],[86.373,19.972],[86.373,19.972],[86.371,19.972],[86.371,19.972],[86.372,19.971],[86.372,19.969],[86.372,19.969],[86.371,19.968],[86.371,19.968],[86.37,19.968],[86.37,19.968],[86.369,19.968],[86.369,19.968],[86.368,19.968],[86.368,19.968],[86.367,19.968],[86.367,19.969],[86.365,19.969],[86.365,19.969],[86.364,19.969],[86.364,19.97],[86.364,19.97],[86.365,19.971],[86.365,19.971],[86.365,19.971],[86.365,19.972],[86.366,19.972],[86.366,19.973],[86.366,19.973],[86.366,19.973],[86.367,19.973],[86.367,19.973],[86.367,19.973],[86.368,19.974],[86.368,19.974],[86.368,19.974],[86.369,19.974]]],[[[86.321,19.988],[86.321,19.988],[86.32,19.989],[86.32,19.989],[86.32,19.989],[86.32,19.991],[86.319,19.992],[86.319,19.993],[86.319,19.993],[86.319,19.994],[86.318,19.994],[86.318,19.995],[86.319,19.995],[86.319,19.994],[86.319,19.994],[86.32,19.993],[86.32,19.993],[86.321,19.991],[86.321,19.991],[86.321,19.989],[86.322,19.989],[86.321,19.988],[86.321,19.988]]],[[[86.321,19.999],[86.321,19.998],[86.322,19.997],[86.322,19.997],[86.322,19.996],[86.322,19.995],[86.322,19.995],[86.322,19.994],[86.321,19.993],[86.321,19.993],[86.32,19.994],[86.32,19.994],[86.32,19.995],[86.32,19.995],[86.32,19.996],[86.319,19.996],[86.319,19.996],[86.319,19.997],[86.319,19.997],[86.318,19.997],[86.318,19.998],[86.318,19.998],[86.317,19.998],[86.317,19.999],[86.316,19.999],[86.316,19.999],[86.316,19.999],[86.316,19.999],[86.317,20.0],[86.317,20.0],[86.317,20.001],[86.317,20.001],[86.318,20.001],[86.318,20.001],[86.318,20.002],[86.319,20.002],[86.319,20.002],[86.319,20.002],[86.32,20.002],[86.32,20.002],[86.32,20.001],[86.32,20.001],[86.321,20.001],[86.321,20.0],[86.321,20.0],[86.321,19.999],[86.321,19.999]]],[[[86.336,19.991],[86.336,19.99],[86.336,19.99],[86.335,19.989],[86.335,19.989],[86.335,19.988],[86.335,19.988],[86.334,19.989],[86.334,19.989],[86.333,19.99],[86.333,19.99],[86.332,19.99],[86.332,19.99],[86.331,19.991],[86.33,19.992],[86.33,19.994],[86.329,19.996],[86.328,19.997],[86.327,19.999],[86.327,20.0],[86.327,20.0],[86.327,20.001],[86.327,20.001],[86.327,20.001],[86.327,20.002],[86.326,20.002],[86.326,20.003],[86.326,20.003],[86.326,20.004],[86.327,20.004],[86.327,20.006],[86.328,20.007],[86.328,20.008],[86.328,20.009],[86.328,20.009],[86.329,20.01],[86.329,20.011],[86.331,20.01],[86.331,20.009],[86.331,20.009],[86.331,20.009],[86.333,20.007],[86.333,20.007],[86.335,20.006],[86.335,20.006],[86.335,20.005],[86.335,20.005],[86.335,20.005],[86.335,20.004],[86.335,20.004],[86.335,20.004],[86.336,20.004],[86.336,20.003],[86.336,20.003],[86.336,20.003],[86.336,20.002],[86.336,20.002],[86.336,20.002],[86.336,20.001],[86.336,20.001],[86.336,20.001],[86.336,20.0],[86.337,20.0],[86.337,20.0],[86.337,19.998],[86.337,19.996],[86.336,19.994],[86.336,19.994],[86.336,19.992],[86.336,19.991]]],[[[86.31,20.016],[86.311,20.016],[86.311,20.016],[86.312,20.016],[86.313,20.016],[86.313,20.016],[86.313,20.016],[86.314,20.016],[86.314,20.016],[86.315,20.015],[86.315,20.015],[86.315,20.015],[86.315,20.013],[86.315,20.013],[86.315,20.012],[86.314,20.012],[86.314,20.011],[86.315,20.011],[86.315,20.011],[86.315,20.01],[86.315,20.01],[86.316,20.01],[86.316,20.009],[86.316,20.009],[86.316,20.009],[86.315,20.008],[86.313,20.008],[86.313,20.008],[86.313,20.009],[86.313,20.009],[86.313,20.009],[86.313,20.01],[86.312,20.011],[86.311,20.011],[86.311,20.011],[86.311,20.011],[86.311,20.011],[86.31,20.011],[86.31,20.012],[86.31,20.012],[86.31,20.012],[86.311,20.013],[86.311,20.013],[86.311,20.013],[86.311,20.014],[86.311,20.014],[86.311,20.014],[86.31,20.015],[86.31,20.015],[86.31,20.016],[86.31,20.016],[86.31,20.016],[86.31,20.016]]],[[[86.253,20.025],[86.253,20.025],[86.254,20.025],[86.255,20.025],[86.255,20.025],[86.256,20.024],[86.256,20.024],[86.258,20.022],[86.257,20.021],[86.257,20.021],[86.257,20.021],[86.257,20.022],[86.256,20.022],[86.256,20.022],[86.255,20.022],[86.254,20.022],[86.254,20.022],[86.254,20.023],[86.253,20.023],[86.252,20.024],[86.252,20.025],[86.252,20.025],[86.253,20.025],[86.253,20.025]]],[[[86.411,20.018],[86.41,20.018],[86.41,20.018],[86.41,20.017],[86.409,20.017],[86.409,20.018],[86.409,20.019],[86.409,20.019],[86.409,20.02],[86.409,20.02],[86.409,20.021],[86.41,20.021],[86.41,20.022],[86.41,20.022],[86.41,20.022],[86.41,20.023],[86.411,20.023],[86.411,20.024],[86.411,20.024],[86.411,20.024],[86.411,20.024],[86.411,20.025],[86.412,20.025],[86.412,20.025],[86.412,20.026],[86.412,20.026],[86.413,20.025],[86.413,20.025],[86.413,20.025],[86.413,20.025],[86.412,20.024],[86.412,20.024],[86.412,20.024],[86.412,20.023],[86.412,20.023],[86.412,20.022],[86.412,20.021],[86.412,20.021],[86.412,20.02],[86.412,20.02],[86.412,20.019],[86.411,20.019],[86.411,20.018]]],[[[86.272,20.024],[86.272,20.024],[86.272,20.024],[86.27,20.022],[86.269,20.022],[86.268,20.021],[86.268,20.021],[86.268,20.021],[86.267,20.021],[86.266,20.022],[86.265,20.022],[86.265,20.022],[86.265,20.023],[86.266,20.024],[86.266,20.024],[86.266,20.024],[86.266,20.024],[86.267,20.024],[86.267,20.024],[86.267,20.024],[86.268,20.024],[86.268,20.025],[86.269,20.025],[86.269,20.026],[86.269,20.026],[86.271,20.027],[86.271,20.027],[86.272,20.027],[86.272,20.026],[86.272,20.026],[86.272,20.025],[86.273,20.025],[86.272,20.025],[86.272,20.024]]],[[[86.32,20.029],[86.321,20.029],[86.321,20.029],[86.321,20.029],[86.322,20.029],[86.322,20.029],[86.322,20.029],[86.323,20.029],[86.323,20.028],[86.324,20.027],[86.324,20.027],[86.324,20.027],[86.324,20.026],[86.326,20.025],[86.326,20.025],[86.327,20.024],[86.327,20.024],[86.326,20.024],[86.326,20.024],[86.326,20.023],[86.325,20.023],[86.324,20.022],[86.323,20.022],[86.322,20.023],[86.322,20.023],[86.322,20.024],[86.322,20.024],[86.321,20.024],[86.321,20.024],[86.321,20.025],[86.321,20.025],[86.32,20.026],[86.32,20.026],[86.32,20.027],[86.32,20.027],[86.32,20.027],[86.32,20.028],[86.32,20.028],[86.32,20.029],[86.32,20.029],[86.32,20.029],[86.32,20.029]]],[[[86.315,20.032],[86.316,20.031],[86.316,20.031],[86.316,20.031],[86.316,20.03],[86.316,20.03],[86.316,20.03],[86.316,20.029],[86.316,20.028],[86.316,20.028],[86.317,20.028],[86.317,20.027],[86.317,20.027],[86.317,20.026],[86.317,20.026],[86.317,20.026],[86.318,20.025],[86.318,20.025],[86.318,20.024],[86.318,20.024],[86.319,20.024],[86.319,20.023],[86.319,20.023],[86.319,20.023],[86.32,20.023],[86.32,20.023],[86.32,20.022],[86.32,20.022],[86.321,20.022],[86.321,20.022],[86.321,20.021],[86.322,20.021],[86.322,20.021],[86.322,20.021],[86.323,20.02],[86.323,20.02],[86.324,20.02],[86.324,20.019],[86.324,20.018],[86.324,20.018],[86.325,20.018],[86.325,20.017],[86.325,20.017],[86.325,20.017],[86.325,20.016],[86.325,20.016],[86.325,20.016],[86.325,20.015],[86.324,20.015],[86.324,20.014],[86.324,20.014],[86.323,20.013],[86.323,20.013],[86.323,20.013],[86.323,20.012],[86.322,20.011],[86.322,20.011],[86.322,20.011],[86.322,20.011],[86.322,20.011],[86.321,20.01],[86.321,20.01],[86.321,20.01],[86.321,20.011],[86.32,20.011],[86.32,20.012],[86.32,20.012],[86.32,20.012],[86.32,20.013],[86.32,20.013],[86.32,20.014],[86.319,20.014],[86.319,20.014],[86.319,20.015],[86.319,20.015],[86.319,20.015],[86.319,20.016],[86.318,20.016],[86.318,20.017],[86.317,20.017],[86.317,20.017],[86.317,20.018],[86.317,20.018],[86.317,20.019],[86.317,20.019],[86.317,20.02],[86.317,20.02],[86.316,20.02],[86.316,20.021],[86.316,20.021],[86.316,20.021],[86.316,20.022],[86.315,20.021],[86.315,20.021],[86.314,20.021],[86.314,20.021],[86.313,20.021],[86.313,20.021],[86.313,20.021],[86.313,20.021],[86.312,20.021],[86.312,20.021],[86.311,20.022],[86.31,20.021],[86.308,20.023],[86.308,20.023],[86.307,20.024],[86.307,20.024],[86.307,20.024],[86.306,20.024],[86.306,20.024],[86.306,20.024],[86.305,20.024],[86.305,20.024],[86.304,20.025],[86.304,20.025],[86.303,20.025],[86.302,20.025],[86.301,20.026],[86.301,20.027],[86.302,20.028],[86.302,20.028],[86.302,20.028],[86.303,20.028],[86.304,20.028],[86.304,20.028],[86.307,20.028],[86.307,20.028],[86.307,20.028],[86.308,20.028],[86.308,20.028],[86.308,20.028],[86.308,20.028],[86.309,20.028],[86.309,20.029],[86.309,20.029],[86.31,20.029],[86.31,20.03],[86.31,20.03],[86.31,20.03],[86.31,20.031],[86.311,20.031],[86.311,20.031],[86.312,20.031],[86.312,20.031],[86.313,20.03],[86.315,20.032],[86.315,20.032]]],[[[86.266,20.034],[86.266,20.033],[86.266,20.033],[86.267,20.033],[86.267,20.033],[86.267,20.033],[86.268,20.033],[86.268,20.033],[86.268,20.033],[86.268,20.031],[86.268,20.031],[86.268,20.031],[86.267,20.031],[86.267,20.031],[86.267,20.031],[86.266,20.031],[86.266,20.031],[86.266,20.031],[86.265,20.031],[86.264,20.031],[86.264,20.032],[86.263,20.032],[86.263,20.032],[86.263,20.032],[86.262,20.032],[86.263,20.033],[86.263,20.033],[86.263,20.034],[86.266,20.034]]],[[[86.31,20.041],[86.31,20.041],[86.311,20.041],[86.311,20.04],[86.313,20.04],[86.313,20.04],[86.313,20.04],[86.314,20.039],[86.313,20.038],[86.311,20.038],[86.311,20.039],[86.31,20.039],[86.31,20.039],[86.309,20.039],[86.309,20.039],[86.309,20.04],[86.309,20.04],[86.309,20.041],[86.31,20.041],[86.31,20.041]]],[[[86.301,20.042],[86.301,20.042],[86.301,20.042],[86.303,20.04],[86.303,20.04],[86.304,20.04],[86.303,20.039],[86.303,20.039],[86.303,20.039],[86.302,20.039],[86.302,20.039],[86.301,20.039],[86.301,20.039],[86.301,20.039],[86.301,20.039],[86.3,20.039],[86.3,20.04],[86.3,20.04],[86.299,20.04],[86.299,20.041],[86.299,20.041],[86.299,20.041],[86.299,20.041],[86.299,20.042],[86.299,20.042],[86.299,20.042],[86.299,20.042],[86.3,20.042],[86.301,20.042]]],[[[86.426,20.039],[86.426,20.038],[86.426,20.038],[86.425,20.038],[86.425,20.037],[86.425,20.037],[86.425,20.036],[86.424,20.036],[86.424,20.036],[86.423,20.034],[86.423,20.034],[86.423,20.034],[86.422,20.033],[86.422,20.033],[86.421,20.032],[86.421,20.032],[86.421,20.032],[86.421,20.032],[86.421,20.033],[86.42,20.033],[86.421,20.033],[86.421,20.033],[86.421,20.034],[86.421,20.034],[86.421,20.034],[86.421,20.035],[86.421,20.035],[86.421,20.036],[86.422,20.036],[86.422,20.036],[86.421,20.036],[86.421,20.038],[86.422,20.038],[86.422,20.038],[86.424,20.04],[86.424,20.041],[86.424,20.041],[86.424,20.041],[86.424,20.042],[86.424,20.042],[86.425,20.042],[86.425,20.042],[86.426,20.044],[86.426,20.044],[86.427,20.043],[86.427,20.042],[86.427,20.042],[86.427,20.042],[86.427,20.041],[86.427,20.041],[86.427,20.041],[86.427,20.04],[86.427,20.04],[86.427,20.039],[86.426,20.039],[86.426,20.039]]],[[[86.295,20.05],[86.296,20.049],[86.296,20.049],[86.296,20.05],[86.297,20.05],[86.298,20.048],[86.298,20.048],[86.299,20.048],[86.299,20.048],[86.299,20.047],[86.299,20.047],[86.299,20.047],[86.299,20.046],[86.299,20.046],[86.299,20.046],[86.3,20.046],[86.3,20.045],[86.3,20.045],[86.3,20.044],[86.3,20.044],[86.299,20.044],[86.298,20.044],[86.298,20.044],[86.298,20.045],[86.297,20.045],[86.297,20.045],[86.296,20.045],[86.296,20.046],[86.296,20.046],[86.296,20.046],[86.295,20.046],[86.295,20.046],[86.295,20.046],[86.294,20.046],[86.294,20.046],[86.294,20.047],[86.293,20.047],[86.293,20.047],[86.292,20.047],[86.292,20.047],[86.292,20.047],[86.291,20.048],[86.291,20.049],[86.291,20.049],[86.291,20.049],[86.291,20.05],[86.292,20.05],[86.293,20.05],[86.293,20.051],[86.293,20.051],[86.294,20.051],[86.295,20.05]]],[[[86.27,20.058],[86.304,20.036],[86.264,20.035],[86.27,20.058]]],[[[86.263,20.058],[86.262,20.056],[86.261,20.056],[86.26,20.055],[86.26,20.055],[86.26,20.055],[86.259,20.055],[86.259,20.054],[86.258,20.054],[86.258,20.054],[86.258,20.054],[86.257,20.054],[86.257,20.054],[86.257,20.054],[86.257,20.054],[86.256,20.053],[86.256,20.053],[86.256,20.053],[86.255,20.052],[86.254,20.053],[86.254,20.052],[86.254,20.053],[86.253,20.053],[86.253,20.052],[86.253,20.052],[86.253,20.052],[86.252,20.052],[86.252,20.052],[86.252,20.052],[86.251,20.051],[86.251,20.051],[86.251,20.052],[86.251,20.052],[86.25,20.053],[86.251,20.053],[86.251,20.053],[86.252,20.054],[86.252,20.054],[86.253,20.056],[86.254,20.056],[86.254,20.056],[86.254,20.056],[86.254,20.056],[86.255,20.056],[86.255,20.056],[86.255,20.056],[86.256,20.057],[86.256,20.057],[86.256,20.057],[86.257,20.057],[86.257,20.058],[86.257,20.058],[86.257,20.058],[86.258,20.058],[86.259,20.058],[86.259,20.058],[86.259,20.058],[86.261,20.058],[86.262,20.059],[86.262,20.059],[86.263,20.058]]],[[[86.437,20.059],[86.438,20.059],[86.438,20.058],[86.438,20.058],[86.437,20.058],[86.437,20.058],[86.436,20.058],[86.436,20.058],[86.435,20.057],[86.435,20.056],[86.434,20.055],[86.434,20.055],[86.434,20.054],[86.434,20.053],[86.434,20.052],[86.434,20.052],[86.435,20.052],[86.435,20.052],[86.434,20.051],[86.434,20.051],[86.433,20.051],[86.433,20.051],[86.432,20.051],[86.432,20.052],[86.432,20.053],[86.432,20.054],[86.432,20.055],[86.432,20.055],[86.432,20.056],[86.432,20.056],[86.433,20.056],[86.433,20.057],[86.434,20.058],[86.434,20.058],[86.434,20.059],[86.435,20.059],[86.436,20.059],[86.436,20.059],[86.436,20.059],[86.437,20.059],[86.437,20.059],[86.437,20.059]]],[[[86.491,20.15],[86.491,20.149],[86.492,20.149],[86.492,20.148],[86.492,20.148],[86.493,20.148],[86.493,20.148],[86.493,20.149],[86.494,20.149],[86.495,20.149],[86.495,20.148],[86.494,20.147],[86.494,20.147],[86.493,20.146],[86.493,20.146],[86.492,20.146],[86.491,20.146],[86.491,20.146],[86.49,20.146],[86.49,20.146],[86.49,20.146],[86.489,20.147],[86.489,20.147],[86.489,20.147],[86.489,20.148],[86.489,20.148],[86.489,20.149],[86.49,20.149],[86.491,20.149],[86.491,20.15],[86.491,20.15]]],[[[86.502,20.176],[86.502,20.176],[86.503,20.176],[86.503,20.175],[86.504,20.175],[86.504,20.175],[86.504,20.175],[86.505,20.174],[86.505,20.174],[86.505,20.174],[86.506,20.174],[86.506,20.174],[86.507,20.174],[86.508,20.173],[86.508,20.173],[86.507,20.171],[86.507,20.171],[86.506,20.17],[86.505,20.17],[86.505,20.17],[86.504,20.169],[86.503,20.169],[86.503,20.169],[86.502,20.169],[86.502,20.169],[86.502,20.168],[86.5,20.168],[86.5,20.168],[86.5,20.168],[86.5,20.167],[86.5,20.167],[86.5,20.166],[86.499,20.166],[86.499,20.165],[86.499,20.165],[86.498,20.164],[86.498,20.164],[86.498,20.163],[86.497,20.163],[86.497,20.162],[86.497,20.162],[86.496,20.162],[86.496,20.162],[86.495,20.162],[86.495,20.162],[86.494,20.162],[86.494,20.162],[86.494,20.163],[86.493,20.163],[86.494,20.163],[86.494,20.164],[86.494,20.164],[86.494,20.165],[86.494,20.165],[86.494,20.165],[86.495,20.165],[86.494,20.166],[86.494,20.166],[86.494,20.166],[86.494,20.166],[86.493,20.166],[86.493,20.166],[86.492,20.165],[86.492,20.165],[86.492,20.165],[86.491,20.165],[86.491,20.166],[86.491,20.166],[86.491,20.167],[86.491,20.167],[86.491,20.168],[86.491,20.168],[86.49,20.169],[86.49,20.169],[86.49,20.17],[86.49,20.17],[86.49,20.171],[86.491,20.171],[86.491,20.171],[86.492,20.172],[86.492,20.172],[86.493,20.172],[86.493,20.172],[86.493,20.172],[86.493,20.172],[86.494,20.173],[86.494,20.173],[86.494,20.173],[86.494,20.173],[86.495,20.173],[86.495,20.173],[86.496,20.173],[86.496,20.173],[86.496,20.173],[86.496,20.174],[86.497,20.174],[86.497,20.175],[86.497,20.175],[86.497,20.175],[86.497,20.176],[86.498,20.176],[86.498,20.176],[86.498,20.177],[86.499,20.177],[86.499,20.177],[86.5,20.176],[86.501,20.176],[86.501,20.176],[86.502,20.176]]],[[[86.553,20.205],[86.553,20.205],[86.553,20.206],[86.553,20.206],[86.554,20.207],[86.555,20.207],[86.555,20.207],[86.555,20.207],[86.555,20.206],[86.554,20.206],[86.554,20.206],[86.553,20.205]]],[[[86.792,20.374],[86.792,20.373],[86.792,20.373],[86.793,20.373],[86.794,20.373],[86.794,20.373],[86.794,20.373],[86.794,20.373],[86.794,20.373],[86.795,20.373],[86.796,20.372],[86.796,20.372],[86.796,20.372],[86.795,20.371],[86.795,20.37],[86.795,20.37],[86.795,20.369],[86.795,20.369],[86.794,20.368],[86.794,20.368],[86.794,20.367],[86.794,20.367],[86.794,20.367],[86.792,20.365],[86.792,20.365],[86.792,20.365],[86.791,20.366],[86.791,20.366],[86.791,20.366],[86.791,20.367],[86.791,20.367],[86.79,20.368],[86.79,20.369],[86.79,20.369],[86.79,20.37],[86.79,20.371],[86.791,20.371],[86.791,20.372],[86.791,20.373],[86.791,20.373],[86.792,20.374]]],[[[86.794,20.38],[86.794,20.38],[86.795,20.379],[86.795,20.379],[86.795,20.379],[86.795,20.378],[86.795,20.378],[86.796,20.378],[86.796,20.377],[86.796,20.377],[86.797,20.377],[86.797,20.376],[86.797,20.375],[86.796,20.375],[86.796,20.374],[86.796,20.374],[86.796,20.374],[86.795,20.375],[86.794,20.376],[86.794,20.376],[86.794,20.375],[86.794,20.375],[86.793,20.375],[86.793,20.375],[86.792,20.375],[86.792,20.376],[86.792,20.376],[86.791,20.376],[86.791,20.378],[86.791,20.378],[86.791,20.378],[86.791,20.379],[86.791,20.379],[86.792,20.38],[86.792,20.38],[86.793,20.38],[86.793,20.38],[86.794,20.38]]],[[[86.793,20.384],[86.793,20.384],[86.791,20.386],[86.792,20.386],[86.792,20.386],[86.793,20.388],[86.794,20.388],[86.794,20.387],[86.794,20.387],[86.794,20.386],[86.794,20.386],[86.794,20.384],[86.794,20.384],[86.793,20.384]]],[[[86.803,20.421],[86.808,20.381],[86.802,20.421],[86.803,20.421]]],[[[86.79,20.388],[86.789,20.388],[86.789,20.388],[86.789,20.388],[86.789,20.389],[86.789,20.389],[86.789,20.39],[86.789,20.391],[86.789,20.391],[86.789,20.391],[86.789,20.392],[86.789,20.392],[86.789,20.393],[86.789,20.393],[86.789,20.393],[86.789,20.393],[86.789,20.394],[86.789,20.394],[86.789,20.394],[86.79,20.395],[86.79,20.395],[86.79,20.396],[86.79,20.396],[86.79,20.396],[86.79,20.397],[86.79,20.397],[86.79,20.398],[86.79,20.398],[86.79,20.399],[86.79,20.4],[86.79,20.401],[86.789,20.402],[86.789,20.403],[86.789,20.404],[86.788,20.405],[86.788,20.406],[86.788,20.406],[86.788,20.406],[86.788,20.407],[86.789,20.407],[86.789,20.408],[86.789,20.409],[86.789,20.409],[86.79,20.409],[86.79,20.409],[86.79,20.41],[86.79,20.411],[86.79,20.411],[86.79,20.412],[86.791,20.412],[86.791,20.413],[86.79,20.413],[86.79,20.414],[86.79,20.414],[86.79,20.415],[86.79,20.416],[86.79,20.416],[86.79,20.417],[86.79,20.417],[86.79,20.417],[86.79,20.418],[86.79,20.42],[86.79,20.42],[86.79,20.421],[86.79,20.421],[86.79,20.422],[86.79,20.422],[86.79,20.424],[86.79,20.424],[86.79,20.425],[86.79,20.425],[86.79,20.426],[86.79,20.426],[86.79,20.426],[86.79,20.427],[86.791,20.427],[86.791,20.428],[86.791,20.428],[86.791,20.429],[86.791,20.429],[86.791,20.429],[86.791,20.429],[86.792,20.429],[86.792,20.429],[86.792,20.428],[86.792,20.428],[86.792,20.428],[86.793,20.427],[86.793,20.427],[86.793,20.427],[86.793,20.427],[86.793,20.426],[86.793,20.426],[86.793,20.426],[86.793,20.425],[86.793,20.425],[86.793,20.425],[86.793,20.424],[86.794,20.424],[86.794,20.423],[86.794,20.423],[86.794,20.422],[86.794,20.422],[86.794,20.421],[86.794,20.421],[86.794,20.42],[86.794,20.42],[86.793,20.42],[86.793,20.419],[86.793,20.419],[86.793,20.418],[86.793,20.418],[86.793,20.418],[86.794,20.417],[86.794,20.417],[86.794,20.417],[86.794,20.416],[86.794,20.416],[86.794,20.415],[86.794,20.415],[86.794,20.414],[86.794,20.414],[86.794,20.413],[86.794,20.413],[86.795,20.412],[86.795,20.412],[86.795,20.412],[86.795,20.411],[86.795,20.41],[86.795,20.41],[86.794,20.41],[86.794,20.409],[86.794,20.409],[86.793,20.408],[86.793,20.408],[86.793,20.407],[86.793,20.406],[86.793,20.406],[86.793,20.405],[86.793,20.404],[86.793,20.404],[86.793,20.403],[86.793,20.402],[86.793,20.402],[86.793,20.401],[86.793,20.401],[86.793,20.401],[86.793,20.4],[86.793,20.4],[86.793,20.399],[86.794,20.399],[86.794,20.399],[86.794,20.398],[86.794,20.398],[86.794,20.398],[86.794,20.398],[86.794,20.397],[86.794,20.397],[86.794,20.397],[86.794,20.396],[86.794,20.396],[86.794,20.395],[86.794,20.395],[86.795,20.395],[86.795,20.394],[86.795,20.394],[86.795,20.393],[86.795,20.393],[86.794,20.393],[86.794,20.392],[86.794,20.392],[86.794,20.391],[86.794,20.391],[86.793,20.39],[86.793,20.39],[86.793,20.39],[86.793,20.389],[86.792,20.389],[86.792,20.389],[86.792,20.389],[86.791,20.388],[86.791,20.388],[86.791,20.388],[86.79,20.388],[86.79,20.388]]],[[[86.803,20.459],[86.803,20.459],[86.802,20.46],[86.802,20.46],[86.801,20.46],[86.801,20.46],[86.801,20.461],[86.801,20.462],[86.801,20.462],[86.802,20.463],[86.802,20.463],[86.803,20.463],[86.803,20.463],[86.804,20.462],[86.804,20.461],[86.803,20.461],[86.803,20.46],[86.803,20.459]]],[[[86.805,20.492],[86.806,20.491],[86.806,20.491],[86.807,20.49],[86.807,20.49],[86.807,20.489],[86.807,20.489],[86.808,20.489],[86.808,20.489],[86.808,20.488],[86.808,20.488],[86.808,20.487],[86.808,20.487],[86.808,20.487],[86.808,20.487],[86.808,20.486],[86.808,20.486],[86.808,20.486],[86.809,20.485],[86.809,20.484],[86.809,20.484],[86.809,20.483],[86.809,20.483],[86.809,20.483],[86.809,20.482],[86.809,20.482],[86.809,20.481],[86.809,20.481],[86.809,20.48],[86.809,20.48],[86.809,20.479],[86.809,20.479],[86.809,20.478],[86.809,20.478],[86.809,20.477],[86.809,20.477],[86.809,20.477],[86.809,20.476],[86.808,20.474],[86.808,20.474],[86.808,20.474],[86.808,20.474],[86.807,20.473],[86.807,20.473],[86.807,20.473],[86.807,20.472],[86.807,20.472],[86.806,20.471],[86.806,20.469],[86.806,20.468],[86.806,20.468],[86.806,20.467],[86.806,20.467],[86.806,20.466],[86.806,20.466],[86.805,20.466],[86.805,20.465],[86.805,20.465],[86.805,20.464],[86.804,20.464],[86.804,20.464],[86.804,20.464],[86.802,20.465],[86.803,20.465],[86.803,20.466],[86.803,20.466],[86.803,20.467],[86.803,20.467],[86.803,20.468],[86.802,20.468],[86.802,20.47],[86.802,20.47],[86.802,20.471],[86.802,20.471],[86.802,20.472],[86.801,20.473],[86.801,20.473],[86.801,20.474],[86.801,20.474],[86.801,20.474],[86.801,20.474],[86.801,20.475],[86.801,20.475],[86.802,20.475],[86.802,20.476],[86.802,20.476],[86.802,20.476],[86.802,20.476],[86.804,20.478],[86.805,20.48],[86.805,20.48],[86.806,20.481],[86.806,20.481],[86.804,20.483],[86.804,20.483],[86.803,20.483],[86.804,20.484],[86.804,20.484],[86.804,20.484],[86.804,20.485],[86.804,20.486],[86.804,20.486],[86.804,20.486],[86.804,20.486],[86.804,20.487],[86.804,20.487],[86.805,20.487],[86.805,20.487],[86.805,20.487],[86.805,20.488],[86.804,20.489],[86.804,20.489],[86.804,20.489],[86.804,20.49],[86.804,20.49],[86.804,20.491],[86.804,20.491],[86.804,20.491],[86.804,20.492],[86.805,20.492],[86.805,20.492]]],[[[86.874,20.674],[86.874,20.673],[86.874,20.673],[86.873,20.673],[86.872,20.673],[86.872,20.673],[86.872,20.673],[86.872,20.674],[86.872,20.674],[86.873,20.675],[86.873,20.676],[86.876,20.678],[86.876,20.678],[86.876,20.678],[86.877,20.679],[86.877,20.679],[86.878,20.679],[86.878,20.679],[86.879,20.679],[86.879,20.679],[86.878,20.678],[86.878,20.678],[86.876,20.676],[86.876,20.676],[86.874,20.674],[86.874,20.674]]],[[[86.798,20.692],[86.798,20.69],[86.798,20.69],[86.798,20.689],[86.797,20.689],[86.797,20.688],[86.796,20.686],[86.795,20.684],[86.795,20.684],[86.795,20.684],[86.795,20.683],[86.795,20.683],[86.795,20.683],[86.794,20.683],[86.794,20.682],[86.794,20.682],[86.794,20.682],[86.794,20.681],[86.794,20.681],[86.794,20.681],[86.794,20.68],[86.793,20.68],[86.793,20.68],[86.793,20.679],[86.793,20.679],[86.793,20.679],[86.793,20.678],[86.792,20.678],[86.792,20.678],[86.791,20.677],[86.791,20.676],[86.791,20.676],[86.791,20.676],[86.79,20.675],[86.79,20.675],[86.789,20.675],[86.789,20.677],[86.789,20.678],[86.789,20.679],[86.789,20.681],[86.79,20.681],[86.79,20.683],[86.79,20.683],[86.79,20.683],[86.79,20.684],[86.79,20.684],[86.791,20.684],[86.791,20.685],[86.791,20.685],[86.791,20.686],[86.791,20.686],[86.791,20.686],[86.791,20.686],[86.791,20.687],[86.792,20.687],[86.792,20.687],[86.792,20.688],[86.792,20.688],[86.792,20.688],[86.792,20.689],[86.793,20.689],[86.793,20.69],[86.793,20.69],[86.793,20.691],[86.793,20.691],[86.793,20.691],[86.794,20.691],[86.794,20.691],[86.794,20.692],[86.794,20.692],[86.794,20.693],[86.795,20.693],[86.795,20.694],[86.795,20.694],[86.795,20.694],[86.795,20.695],[86.795,20.696],[86.796,20.696],[86.796,20.697],[86.796,20.698],[86.796,20.698],[86.797,20.699],[86.797,20.699],[86.798,20.699],[86.798,20.7],[86.798,20.701],[86.799,20.701],[86.799,20.7],[86.799,20.7],[86.799,20.699],[86.799,20.699],[86.798,20.699],[86.798,20.697],[86.799,20.696],[86.798,20.695],[86.798,20.694],[86.798,20.692],[86.798,20.692]]],[[[87.003,20.711],[87.002,20.71],[87.002,20.711],[87.002,20.711],[87.002,20.711],[87.003,20.711],[87.003,20.712],[87.003,20.712],[87.003,20.712],[87.003,20.713],[87.003,20.713],[87.004,20.714],[87.004,20.715],[87.005,20.715],[87.005,20.716],[87.005,20.716],[87.006,20.717],[87.006,20.718],[87.007,20.719],[87.008,20.72],[87.008,20.72],[87.009,20.72],[87.009,20.72],[87.009,20.72],[87.009,20.72],[87.009,20.719],[87.009,20.719],[87.009,20.718],[87.009,20.718],[87.008,20.718],[87.008,20.717],[87.008,20.717],[87.007,20.716],[87.007,20.716],[87.007,20.715],[87.006,20.714],[87.006,20.713],[87.006,20.713],[87.005,20.712],[87.005,20.712],[87.005,20.712],[87.004,20.712],[87.004,20.711],[87.004,20.711],[87.003,20.711],[87.003,20.711]]],[[[87.009,20.708],[87.008,20.708],[87.005,20.708],[87.004,20.708],[87.004,20.708],[87.002,20.709],[87.002,20.709],[87.003,20.71],[87.003,20.71],[87.004,20.71],[87.004,20.711],[87.005,20.711],[87.005,20.712],[87.006,20.712],[87.006,20.713],[87.007,20.714],[87.007,20.714],[87.007,20.715],[87.008,20.715],[87.008,20.716],[87.009,20.717],[87.009,20.718],[87.01,20.718],[87.011,20.719],[87.011,20.719],[87.011,20.72],[87.012,20.72],[87.013,20.721],[87.013,20.721],[87.014,20.722],[87.014,20.722],[87.015,20.722],[87.016,20.722],[87.016,20.722],[87.016,20.722],[87.016,20.722],[87.016,20.722],[87.017,20.721],[87.017,20.721],[87.017,20.72],[87.017,20.72],[87.017,20.719],[87.018,20.719],[87.018,20.719],[87.018,20.718],[87.018,20.717],[87.018,20.717],[87.018,20.717],[87.018,20.716],[87.017,20.716],[87.017,20.716],[87.017,20.715],[87.017,20.714],[87.017,20.714],[87.017,20.713],[87.016,20.712],[87.016,20.712],[87.016,20.712],[87.015,20.711],[87.014,20.71],[87.014,20.71],[87.013,20.71],[87.013,20.709],[87.012,20.709],[87.011,20.709],[87.011,20.709],[87.01,20.708],[87.009,20.708],[87.009,20.708]]],[[[87.058,20.744],[87.058,20.744],[87.057,20.744],[87.057,20.744],[87.057,20.744],[87.056,20.744],[87.056,20.744],[87.056,20.744],[87.055,20.744],[87.055,20.744],[87.055,20.743],[87.054,20.744],[87.054,20.744],[87.053,20.744],[87.053,20.743],[87.052,20.743],[87.052,20.743],[87.051,20.743],[87.051,20.743],[87.05,20.743],[87.05,20.743],[87.05,20.743],[87.05,20.743],[87.049,20.743],[87.049,20.744],[87.049,20.744],[87.05,20.745],[87.05,20.745],[87.05,20.745],[87.051,20.745],[87.051,20.745],[87.052,20.745],[87.052,20.745],[87.052,20.746],[87.053,20.746],[87.053,20.746],[87.054,20.746],[87.054,20.746],[87.055,20.746],[87.055,20.746],[87.056,20.745],[87.056,20.745],[87.057,20.745],[87.057,20.745],[87.057,20.745],[87.058,20.744]]],[[[87.071,20.736],[87.07,20.736],[87.07,20.735],[87.069,20.736],[87.069,20.736],[87.068,20.737],[87.068,20.737],[87.068,20.738],[87.068,20.738],[87.068,20.739],[87.069,20.739],[87.069,20.739],[87.07,20.739],[87.07,20.74],[87.07,20.74],[87.07,20.74],[87.07,20.741],[87.07,20.741],[87.07,20.741],[87.07,20.742],[87.07,20.742],[87.07,20.743],[87.07,20.743],[87.07,20.744],[87.07,20.744],[87.07,20.744],[87.07,20.745],[87.07,20.746],[87.07,20.746],[87.07,20.747],[87.071,20.747],[87.071,20.747],[87.071,20.748],[87.071,20.748],[87.071,20.749],[87.072,20.749],[87.072,20.749],[87.072,20.749],[87.072,20.748],[87.072,20.748],[87.072,20.747],[87.072,20.747],[87.072,20.746],[87.072,20.746],[87.072,20.745],[87.072,20.745],[87.072,20.745],[87.072,20.744],[87.072,20.744],[87.072,20.743],[87.072,20.743],[87.072,20.742],[87.071,20.742],[87.071,20.741],[87.071,20.741],[87.071,20.741],[87.071,20.74],[87.071,20.74],[87.071,20.74],[87.071,20.739],[87.071,20.739],[87.07,20.739],[87.07,20.738],[87.07,20.738],[87.07,20.737],[87.07,20.737],[87.071,20.736]]],[[[87.091,20.758],[87.091,20.757],[87.091,20.757],[87.092,20.757],[87.092,20.756],[87.092,20.756],[87.093,20.756],[87.093,20.756],[87.094,20.755],[87.094,20.755],[87.094,20.755],[87.094,20.754],[87.094,20.754],[87.094,20.754],[87.094,20.754],[87.094,20.753],[87.093,20.753],[87.093,20.753],[87.092,20.752],[87.092,20.752],[87.092,20.752],[87.091,20.752],[87.091,20.752],[87.091,20.752],[87.09,20.752],[87.09,20.753],[87.089,20.753],[87.089,20.753],[87.088,20.753],[87.088,20.753],[87.088,20.753],[87.087,20.753],[87.087,20.753],[87.086,20.753],[87.086,20.753],[87.085,20.753],[87.085,20.753],[87.084,20.753],[87.084,20.753],[87.083,20.753],[87.083,20.753],[87.083,20.753],[87.083,20.753],[87.082,20.753],[87.082,20.753],[87.082,20.753],[87.081,20.753],[87.081,20.753],[87.08,20.753],[87.08,20.753],[87.08,20.753],[87.08,20.753],[87.079,20.753],[87.079,20.753],[87.078,20.753],[87.078,20.753],[87.078,20.752],[87.077,20.752],[87.077,20.752],[87.077,20.752],[87.076,20.752],[87.076,20.752],[87.076,20.752],[87.075,20.752],[87.075,20.752],[87.075,20.752],[87.074,20.752],[87.074,20.753],[87.073,20.753],[87.073,20.753],[87.073,20.753],[87.072,20.754],[87.073,20.755],[87.073,20.755],[87.073,20.756],[87.073,20.756],[87.074,20.756],[87.075,20.756],[87.075,20.757],[87.076,20.757],[87.076,20.757],[87.077,20.757],[87.077,20.757],[87.078,20.757],[87.078,20.758],[87.079,20.758],[87.079,20.758],[87.079,20.758],[87.08,20.758],[87.08,20.758],[87.081,20.758],[87.081,20.757],[87.081,20.757],[87.082,20.757],[87.082,20.757],[87.083,20.757],[87.083,20.757],[87.083,20.758],[87.084,20.758],[87.084,20.758],[87.084,20.759],[87.084,20.759],[87.084,20.76],[87.084,20.76],[87.083,20.761],[87.083,20.761],[87.083,20.762],[87.082,20.762],[87.082,20.763],[87.082,20.763],[87.082,20.763],[87.083,20.763],[87.083,20.764],[87.083,20.764],[87.083,20.764],[87.084,20.764],[87.085,20.764],[87.085,20.764],[87.085,20.764],[87.086,20.764],[87.086,20.764],[87.087,20.764],[87.087,20.763],[87.087,20.763],[87.087,20.763],[87.088,20.762],[87.088,20.762],[87.088,20.761],[87.088,20.761],[87.089,20.76],[87.089,20.76],[87.089,20.76],[87.09,20.759],[87.09,20.759],[87.09,20.759],[87.09,20.758],[87.091,20.758],[87.091,20.758]]],[[[86.871,20.772],[86.911,20.768],[86.952,20.767],[86.992,20.771],[87.006,20.733],[86.969,20.715],[86.929,20.715],[86.893,20.695],[86.865,20.668],[86.884,20.705],[86.859,20.674],[86.818,20.677],[86.793,20.646],[86.802,20.685],[86.819,20.722],[86.836,20.766],[86.871,20.772]]],[[[86.875,20.776],[86.876,20.776],[86.876,20.776],[86.877,20.775],[86.877,20.775],[86.878,20.774],[86.878,20.773],[86.878,20.773],[86.878,20.773],[86.877,20.773],[86.877,20.773],[86.876,20.773],[86.876,20.773],[86.876,20.773],[86.875,20.774],[86.875,20.774],[86.874,20.774],[86.874,20.774],[86.874,20.775],[86.874,20.776],[86.874,20.776],[86.875,20.776],[86.875,20.776],[86.875,20.776],[86.875,20.776]]],[[[86.865,20.781],[86.865,20.781],[86.866,20.781],[86.866,20.781],[86.866,20.781],[86.867,20.78],[86.867,20.78],[86.868,20.78],[86.868,20.78],[86.868,20.779],[86.869,20.779],[86.872,20.776],[86.872,20.776],[86.871,20.775],[86.87,20.775],[86.87,20.776],[86.869,20.776],[86.869,20.776],[86.869,20.776],[86.868,20.776],[86.868,20.776],[86.868,20.777],[86.867,20.777],[86.867,20.777],[86.866,20.777],[86.866,20.778],[86.866,20.778],[86.864,20.779],[86.864,20.779],[86.864,20.779],[86.864,20.781],[86.865,20.781],[86.865,20.781]]],[[[86.984,20.782],[86.984,20.782],[86.985,20.782],[86.986,20.781],[86.987,20.781],[86.987,20.78],[86.988,20.78],[86.988,20.779],[86.987,20.779],[86.985,20.779],[86.985,20.778],[86.983,20.778],[86.983,20.778],[86.982,20.778],[86.982,20.778],[86.981,20.778],[86.981,20.779],[86.981,20.779],[86.98,20.78],[86.98,20.78],[86.981,20.78],[86.981,20.781],[86.982,20.782],[86.982,20.782],[86.982,20.782],[86.983,20.782],[86.983,20.782],[86.984,20.782]]],[[[86.948,20.785],[86.948,20.784],[86.948,20.784],[86.947,20.784],[86.947,20.784],[86.946,20.784],[86.945,20.784],[86.945,20.784],[86.944,20.784],[86.944,20.784],[86.944,20.784],[86.944,20.785],[86.944,20.785],[86.945,20.787],[86.946,20.787],[86.946,20.786],[86.947,20.786],[86.947,20.785],[86.948,20.785],[86.948,20.785]]],[[[86.882,20.789],[86.922,20.782],[86.881,20.773],[86.882,20.789]]],[[[87.017,20.803],[87.017,20.801],[87.017,20.799],[87.017,20.798],[87.017,20.798],[87.016,20.797],[87.015,20.797],[87.014,20.797],[87.014,20.798],[87.014,20.798],[87.013,20.798],[87.013,20.799],[87.014,20.799],[87.014,20.799],[87.014,20.8],[87.014,20.801],[87.013,20.802],[87.013,20.802],[87.013,20.803],[87.012,20.803],[87.012,20.803],[87.012,20.803],[87.011,20.803],[87.009,20.806],[87.007,20.807],[87.007,20.808],[87.007,20.808],[87.006,20.81],[87.005,20.81],[87.005,20.811],[87.005,20.812],[87.005,20.816],[87.004,20.817],[87.004,20.817],[87.003,20.818],[87.003,20.819],[87.003,20.82],[87.003,20.821],[87.002,20.822],[87.002,20.823],[87.002,20.824],[87.001,20.826],[87.001,20.827],[87.001,20.828],[87.001,20.83],[87.003,20.832],[87.003,20.832],[87.005,20.832],[87.007,20.832],[87.008,20.832],[87.009,20.831],[87.011,20.83],[87.013,20.828],[87.014,20.827],[87.015,20.826],[87.016,20.824],[87.017,20.824],[87.019,20.823],[87.019,20.822],[87.02,20.82],[87.02,20.819],[87.02,20.815],[87.019,20.813],[87.019,20.812],[87.019,20.811],[87.018,20.809],[87.018,20.808],[87.017,20.804],[87.017,20.803],[87.017,20.803]]],[[[87.124,21.52],[87.124,21.518],[87.124,21.517],[87.124,21.515],[87.124,21.515],[87.124,21.514],[87.123,21.514],[87.122,21.515],[87.122,21.515],[87.122,21.516],[87.122,21.516],[87.122,21.516],[87.121,21.516],[87.121,21.516],[87.121,21.516],[87.121,21.516],[87.12,21.516],[87.119,21.517],[87.119,21.517],[87.119,21.517],[87.119,21.518],[87.119,21.518],[87.119,21.518],[87.119,21.519],[87.119,21.519],[87.12,21.519],[87.12,21.519],[87.121,21.519],[87.122,21.521],[87.122,21.521],[87.123,21.521],[87.124,21.521],[87.124,21.52]]],[[[86.078,22.53],[86.098,22.496],[86.146,22.479],[86.197,22.468],[86.243,22.445],[86.288,22.425],[86.318,22.391],[86.347,22.359],[86.391,22.325],[86.433,22.302],[86.467,22.329],[86.508,22.324],[86.546,22.299],[86.586,22.291],[86.627,22.267],[86.651,22.233],[86.692,22.217],[86.717,22.186],[86.715,22.143],[86.757,22.145],[86.8,22.146],[86.823,22.113],[86.909,22.086],[86.952,22.081],[86.988,22.055],[87.025,22.033],[87.034,21.989],[87.015,21.953],[87.001,21.914],[87.025,21.87],[87.078,21.86],[87.091,21.899],[87.131,21.918],[87.16,21.949],[87.203,21.956],[87.252,21.921],[87.247,21.872],[87.262,21.833],[87.293,21.805],[87.33,21.788],[87.37,21.768],[87.412,21.764],[87.446,21.738],[87.469,21.698],[87.465,21.659],[87.483,21.618],[87.45,21.593],[87.417,21.569],[87.383,21.548],[87.342,21.553],[87.301,21.556],[87.261,21.553],[87.221,21.549],[87.182,21.538],[87.145,21.522],[87.109,21.503],[87.079,21.476],[87.045,21.455],[87.012,21.431],[86.979,21.408],[86.951,21.379],[86.925,21.347],[86.897,21.318],[86.875,21.284],[86.853,21.25],[86.838,21.211],[86.827,21.173],[86.827,21.132],[86.841,21.094],[86.857,21.058],[86.881,21.026],[86.901,20.99],[86.912,20.951],[86.931,20.916],[86.949,20.879],[86.965,20.842],[86.965,20.802],[86.926,20.791],[86.886,20.795],[86.848,20.782],[86.817,20.757],[86.807,20.714],[86.789,20.678],[86.767,20.645],[86.807,20.643],[86.846,20.651],[86.879,20.675],[86.91,20.701],[86.949,20.71],[86.988,20.703],[87.028,20.704],[86.998,20.677],[86.963,20.654],[86.928,20.632],[86.894,20.611],[86.86,20.59],[86.827,20.566],[86.793,20.545],[86.774,20.509],[86.748,20.479],[86.733,20.441],[86.75,20.405],[86.765,20.368],[86.764,20.328],[86.73,20.307],[86.701,20.279],[86.667,20.256],[86.63,20.242],[86.593,20.225],[86.557,20.208],[86.521,20.188],[86.484,20.172],[86.479,20.132],[86.504,20.164],[86.536,20.189],[86.512,20.156],[86.491,20.121],[86.463,20.087],[86.433,20.06],[86.411,20.026],[86.397,19.987],[86.355,19.981],[86.334,20.015],[86.306,20.044],[86.271,20.062],[86.239,20.037],[86.274,20.018],[86.312,20.003],[86.34,19.974],[86.314,19.941],[86.277,19.927],[86.238,19.914],[86.202,19.892],[86.163,19.88],[86.124,19.868],[86.084,19.858],[86.044,19.852],[86.005,19.839],[85.964,19.832],[85.925,19.823],[85.886,19.812],[85.848,19.801],[85.809,19.79],[85.77,19.776],[85.731,19.762],[85.693,19.749],[85.657,19.732],[85.619,19.717],[85.584,19.699],[85.547,19.681],[85.509,19.663],[85.473,19.646],[85.433,19.629],[85.396,19.611],[85.36,19.592],[85.326,19.571],[85.29,19.551],[85.258,19.526],[85.225,19.504],[85.191,19.48],[85.155,19.454],[85.123,19.43],[85.094,19.399],[85.066,19.369],[85.032,19.347],[84.997,19.327],[84.967,19.301],[84.933,19.278],[84.903,19.252],[84.873,19.225],[84.845,19.197],[84.819,19.166],[84.797,19.131],[84.762,19.112],[84.737,19.143],[84.704,19.12],[84.678,19.153],[84.647,19.12],[84.595,19.124],[84.617,19.09],[84.66,19.071],[84.613,19.055],[84.59,19.013],[84.578,19.062],[84.535,19.045],[84.498,19.025],[84.473,18.983],[84.433,19.002],[84.42,18.949],[84.42,18.905],[84.378,18.893],[84.362,18.851],[84.344,18.812],[84.313,18.782],[84.268,18.78],[84.227,18.787],[84.187,18.78],[84.14,18.768],[84.101,18.753],[84.06,18.763],[84.031,18.795],[83.992,18.805],[83.951,18.8],[83.908,18.816],[83.867,18.823],[83.837,18.865],[83.838,18.909],[83.816,18.949],[83.791,18.992],[83.751,18.992],[83.748,18.951],[83.777,18.919],[83.74,18.934],[83.726,18.976],[83.717,19.014],[83.684,19.044],[83.657,19.075],[83.645,19.113],[83.623,19.154],[83.594,19.12],[83.584,19.08],[83.545,19.069],[83.536,19.03],[83.495,19.011],[83.508,19.05],[83.477,19.075],[83.465,19.036],[83.449,19.0],[83.462,18.959],[83.415,18.978],[83.377,18.995],[83.335,19.007],[83.313,18.967],[83.32,18.926],[83.346,18.957],[83.38,18.923],[83.379,18.88],[83.399,18.834],[83.353,18.827],[83.333,18.793],[83.292,18.793],[83.266,18.757],[83.227,18.765],[83.209,18.725],[83.177,18.754],[83.139,18.771],[83.106,18.738],[83.078,18.705],[83.056,18.667],[83.023,18.644],[83.009,18.591],[83.049,18.595],[83.032,18.548],[83.087,18.541],[83.069,18.502],[83.037,18.463],[83.036,18.42],[83.066,18.393],[83.024,18.376],[82.981,18.366],[82.933,18.351],[82.892,18.367],[82.885,18.413],[82.84,18.412],[82.799,18.439],[82.781,18.399],[82.784,18.354],[82.751,18.328],[82.711,18.313],[82.675,18.292],[82.645,18.257],[82.601,18.252],[82.591,18.292],[82.598,18.334],[82.589,18.377],[82.549,18.384],[82.546,18.424],[82.516,18.456],[82.522,18.497],[82.481,18.515],[82.437,18.497],[82.412,18.465],[82.382,18.432],[82.375,18.383],[82.36,18.344],[82.343,18.307],[82.384,18.319],[82.372,18.274],[82.334,18.252],[82.32,18.201],[82.342,18.163],[82.358,18.125],[82.332,18.094],[82.337,18.049],[82.296,18.046],[82.271,18.011],[82.242,17.98],[82.197,18.009],[82.164,18.042],[82.119,18.051],[82.08,18.06],[82.033,18.052],[82.002,18.024],[81.964,18.0],[81.925,17.981],[81.885,17.966],[81.847,17.951],[81.801,17.936],[81.776,17.905],[81.726,17.874],[81.683,17.879],[81.646,17.856],[81.616,17.822],[81.575,17.827],[81.526,17.811],[81.486,17.803],[81.438,17.815],[81.394,17.808],[81.39,17.859],[81.43,17.875],[81.446,17.917],[81.467,17.955],[81.478,17.994],[81.478,18.039],[81.509,18.092],[81.516,18.14],[81.505,18.184],[81.523,18.227],[81.548,18.262],[81.582,18.288],[81.621,18.304],[81.66,18.316],[81.699,18.344],[81.745,18.345],[81.756,18.386],[81.798,18.44],[81.829,18.469],[81.853,18.507],[81.896,18.528],[81.925,18.558],[81.955,18.587],[81.913,18.613],[81.885,18.65],[81.936,18.633],[81.961,18.668],[81.992,18.698],[82.034,18.719],[82.074,18.713],[82.081,18.756],[82.129,18.758],[82.159,18.788],[82.165,18.83],[82.163,18.872],[82.199,18.906],[82.24,18.91],[82.227,18.994],[82.194,19.06],[82.197,19.101],[82.16,19.126],[82.173,19.165],[82.161,19.208],[82.151,19.258],[82.17,19.296],[82.169,19.337],[82.145,19.37],[82.178,19.406],[82.134,19.425],[82.097,19.461],[82.092,19.51],[82.022,19.502],[82.046,19.539],[82.035,19.583],[82.051,19.624],[82.047,19.669],[82.044,19.714],[82.057,19.753],[82.041,19.792],[81.999,19.798],[81.961,19.824],[81.939,19.865],[81.898,19.879],[81.858,19.9],[81.849,19.939],[81.85,19.983],[81.86,20.023],[81.894,20.048],[81.922,20.087],[81.963,20.086],[81.987,20.052],[82.015,20.02],[82.058,20.05],[82.095,20.027],[82.148,20.003],[82.184,19.981],[82.224,19.996],[82.259,19.972],[82.283,19.918],[82.318,19.859],[82.356,19.847],[82.386,19.877],[82.421,19.898],[82.466,19.897],[82.512,19.884],[82.555,19.87],[82.597,19.86],[82.572,19.828],[82.578,19.788],[82.619,19.786],[82.646,19.825],[82.691,19.826],[82.714,19.862],[82.701,19.901],[82.712,19.944],[82.707,19.99],[82.65,19.999],[82.598,19.986],[82.544,20.012],[82.502,20.014],[82.464,20.032],[82.425,20.044],[82.39,20.064],[82.393,20.108],[82.387,20.149],[82.408,20.194],[82.404,20.24],[82.428,20.279],[82.416,20.317],[82.398,20.356],[82.41,20.403],[82.419,20.446],[82.385,20.47],[82.37,20.514],[82.336,20.543],[82.338,20.585],[82.366,20.62],[82.366,20.661],[82.343,20.699],[82.34,20.747],[82.339,20.79],[82.334,20.841],[82.347,20.884],[82.401,20.862],[82.423,20.826],[82.463,20.84],[82.485,20.88],[82.513,20.917],[82.553,20.941],[82.578,20.979],[82.608,21.012],[82.609,21.064],[82.643,21.098],[82.633,21.143],[82.685,21.158],[82.727,21.159],[82.782,21.141],[82.84,21.163],[82.879,21.149],[82.922,21.158],[82.96,21.174],[82.999,21.148],[83.033,21.124],[83.071,21.108],[83.12,21.101],[83.153,21.126],[83.193,21.139],[83.205,21.184],[83.215,21.224],[83.225,21.267],[83.268,21.269],[83.254,21.312],[83.271,21.359],[83.319,21.358],[83.375,21.34],[83.393,21.383],[83.374,21.422],[83.347,21.455],[83.335,21.496],[83.354,21.535],[83.368,21.597],[83.402,21.627],[83.441,21.649],[83.449,21.608],[83.486,21.633],[83.441,21.655],[83.456,21.694],[83.478,21.728],[83.476,21.774],[83.491,21.815],[83.537,21.794],[83.541,21.835],[83.584,21.844],[83.577,21.886],[83.588,21.926],[83.549,21.95],[83.541,21.993],[83.532,22.034],[83.566,22.057],[83.557,22.1],[83.593,22.14],[83.612,22.177],[83.646,22.225],[83.693,22.246],[83.746,22.241],[83.779,22.275],[83.816,22.291],[83.843,22.326],[83.897,22.34],[83.943,22.358],[83.985,22.366],[84.012,22.399],[84.04,22.433],[84.024,22.471],[83.99,22.494],[84.025,22.516],[84.067,22.502],[84.103,22.481],[84.138,22.457],[84.142,22.415],[84.175,22.389],[84.226,22.374],[84.261,22.354],[84.315,22.339],[84.359,22.345],[84.419,22.351],[84.448,22.379],[84.481,22.406],[84.521,22.415],[84.572,22.423],[84.614,22.428],[84.662,22.414],[84.711,22.414],[84.753,22.442],[84.801,22.444],[84.841,22.435],[84.882,22.429],[84.925,22.437],[84.978,22.451],[85.022,22.467],[85.062,22.478],[85.063,22.436],[85.081,22.395],[85.075,22.356],[85.086,22.317],[85.071,22.272],[85.069,22.231],[85.047,22.186],[85.026,22.148],[85.019,22.108],[84.98,22.091],[85.02,22.103],[85.069,22.107],[85.104,22.083],[85.149,22.073],[85.187,22.053],[85.214,22.016],[85.256,22.042],[85.274,22.08],[85.31,22.113],[85.354,22.121],[85.379,22.152],[85.436,22.144],[85.472,22.124],[85.515,22.108],[85.554,22.091],[85.591,22.074],[85.631,22.082],[85.668,22.061],[85.708,22.056],[85.746,22.07],[85.779,22.093],[85.819,22.09],[85.77,22.051],[85.756,22.008],[85.784,21.979],[85.829,21.973],[85.871,21.975],[85.909,21.99],[85.943,22.019],[85.963,22.054],[85.989,22.093],[85.999,22.137],[86.027,22.185],[85.993,22.215],[85.985,22.257],[86.008,22.293],[86.014,22.335],[86.019,22.375],[86.012,22.415],[85.967,22.441],[85.967,22.482],[86.0,22.515],[86.038,22.564],[86.078,22.53]]]]}},{"type":"Feature","properties":{"NAME_1":"Puducherry","state":"Puducherry"},"geometry":{"type":"MultiPolygon","coordinates":[[[[79.845,10.827],[79.845,10.826],[79.845,10.826],[79.845,10.826],[79.845,10.826],[79.845,10.825],[79.844,10.825],[79.844,10.825],[79.843,10.825],[79.843,10.825],[79.843,10.825],[79.843,10.825],[79.842,10.825],[79.842,10.824],[79.842,10.824],[79.842,10.824],[79.84,10.824],[79.84,10.824],[79.84,10.824],[79.84,10.824],[79.84,10.824],[79.84,10.825],[79.841,10.825],[79.841,10.825],[79.841,10.825],[79.841,10.825],[79.842,10.825],[79.842,10.825],[79.842,10.825],[79.842,10.826],[79.843,10.826],[79.843,10.826],[79.843,10.826],[79.843,10.826],[79.844,10.826],[79.844,10.827],[79.845,10.827]]],[[[79.748,10.982],[79.787,10.97],[79.825,10.987],[79.853,10.955],[79.854,10.915],[79.853,10.875],[79.853,10.831],[79.813,10.814],[79.792,10.849],[79.773,10.89],[79.727,10.897],[79.719,10.941],[79.73,10.981],[79.748,10.982]]],[[[79.69,12.001],[79.725,11.978],[79.734,11.937],[79.773,11.947],[79.814,11.941],[79.83,11.904],[79.797,11.882],[79.81,11.844],[79.767,11.84],[79.728,11.832],[79.693,11.854],[79.66,11.877],[79.703,11.903],[79.678,11.937],[79.699,11.972],[79.651,11.972],[79.672,12.012],[79.69,12.001]]],[[[75.375,12.149],[75.355,12.109],[75.313,12.105],[75.299,12.067],[75.3,12.027],[75.263,12.012],[75.285,11.979],[75.253,12.003],[75.225,12.032],[75.224,12.074],[75.256,12.109],[75.311,12.125],[75.364,12.135],[75.375,12.149]]],[[[82.266,16.703],[82.266,16.703],[82.268,16.703],[82.268,16.702],[82.27,16.702],[82.27,16.702],[82.271,16.702],[82.271,16.702],[82.272,16.702],[82.272,16.702],[82.273,16.702],[82.273,16.701],[82.274,16.701],[82.274,16.701],[82.275,16.701],[82.275,16.701],[82.276,16.701],[82.276,16.7],[82.277,16.7],[82.277,16.7],[82.278,16.7],[82.278,16.7],[82.279,16.7],[82.279,16.7],[82.279,16.7],[82.279,16.699],[82.28,16.699],[82.28,16.699],[82.281,16.699],[82.281,16.699],[82.282,16.699],[82.282,16.698],[82.283,16.698],[82.283,16.698],[82.285,16.698],[82.285,16.698],[82.285,16.698],[82.285,16.698],[82.285,16.698],[82.285,16.697],[82.276,16.693],[82.265,16.691],[82.259,16.69],[82.259,16.691],[82.258,16.691],[82.258,16.692],[82.258,16.692],[82.258,16.692],[82.258,16.692],[82.258,16.693],[82.258,16.693],[82.258,16.697],[82.257,16.697],[82.257,16.698],[82.258,16.698],[82.258,16.698],[82.258,16.698],[82.258,16.702],[82.259,16.702],[82.259,16.702],[82.261,16.702],[82.261,16.702],[82.262,16.702],[82.262,16.703],[82.263,16.703],[82.263,16.703],[82.266,16.703]]],[[[82.211,16.728],[82.264,16.719],[82.215,16.71],[82.175,16.725],[82.211,16.748],[82.211,16.728]]]]}},{"type":"Feature","properties":{"NAME_1":"Punjab","state":"Punjab"},"geometry":{"type":"Polygon","coordinates":[[[75.869,32.489],[75.915,32.449],[75.872,32.398],[75.837,32.373],[75.799,32.337],[75.763,32.302],[75.705,32.267],[75.655,32.256],[75.622,32.23],[75.619,32.19],[75.662,32.165],[75.631,32.119],[75.579,32.082],[75.625,32.073],[75.673,32.067],[75.71,32.036],[75.754,32.02],[75.795,31.989],[75.836,31.982],[75.878,31.962],[75.903,31.928],[75.926,31.89],[75.95,31.848],[75.922,31.817],[75.945,31.781],[75.958,31.74],[75.977,31.705],[75.997,31.669],[76.018,31.622],[76.052,31.582],[76.077,31.546],[76.104,31.502],[76.121,31.461],[76.147,31.426],[76.134,31.383],[76.158,31.347],[76.173,31.307],[76.215,31.308],[76.256,31.315],[76.296,31.319],[76.33,31.345],[76.319,31.388],[76.353,31.412],[76.39,31.397],[76.409,31.354],[76.437,31.317],[76.475,31.299],[76.514,31.283],[76.546,31.256],[76.602,31.251],[76.581,31.216],[76.626,31.227],[76.601,31.191],[76.595,31.151],[76.624,31.118],[76.605,31.078],[76.605,31.034],[76.626,30.992],[76.663,30.971],[76.705,30.963],[76.738,30.93],[76.763,30.893],[76.801,30.843],[76.833,30.816],[76.831,30.768],[76.789,30.781],[76.751,30.797],[76.718,30.769],[76.716,30.729],[76.738,30.689],[76.789,30.671],[76.83,30.665],[76.862,30.64],[76.9,30.62],[76.904,30.575],[76.888,30.538],[76.918,30.507],[76.898,30.468],[76.904,30.425],[76.93,30.393],[76.898,30.363],[76.866,30.395],[76.832,30.434],[76.781,30.415],[76.738,30.425],[76.7,30.394],[76.735,30.365],[76.711,30.33],[76.671,30.319],[76.626,30.284],[76.581,30.27],[76.546,30.244],[76.584,30.257],[76.612,30.226],[76.642,30.194],[76.628,30.155],[76.627,30.114],[76.603,30.081],[76.566,30.096],[76.526,30.081],[76.483,30.1],[76.444,30.123],[76.422,30.159],[76.41,30.202],[76.402,30.158],[76.375,30.124],[76.343,30.153],[76.328,30.11],[76.286,30.117],[76.245,30.122],[76.216,30.151],[76.225,30.112],[76.223,30.07],[76.198,30.038],[76.193,29.997],[76.203,29.952],[76.166,29.929],[76.185,29.889],[76.225,29.885],[76.211,29.843],[76.167,29.818],[76.127,29.805],[76.086,29.81],[76.058,29.773],[76.018,29.756],[75.98,29.736],[75.939,29.734],[75.897,29.756],[75.855,29.77],[75.829,29.801],[75.783,29.815],[75.733,29.811],[75.697,29.755],[75.656,29.776],[75.623,29.754],[75.569,29.743],[75.53,29.773],[75.444,29.808],[75.42,29.774],[75.391,29.739],[75.359,29.706],[75.349,29.666],[75.312,29.649],[75.281,29.61],[75.296,29.568],[75.255,29.554],[75.218,29.578],[75.199,29.623],[75.169,29.654],[75.195,29.688],[75.198,29.731],[75.223,29.764],[75.198,29.796],[75.182,29.839],[75.151,29.802],[75.102,29.803],[75.086,29.845],[75.103,29.897],[75.065,29.879],[75.023,29.873],[74.969,29.881],[74.936,29.915],[74.894,29.939],[74.859,29.961],[74.82,29.979],[74.776,29.974],[74.724,29.962],[74.683,29.961],[74.649,29.931],[74.586,29.915],[74.549,29.933],[74.467,29.945],[74.404,29.947],[74.356,29.95],[74.29,29.956],[74.241,29.956],[74.186,29.96],[74.083,29.967],[74.003,29.97],[73.957,29.97],[73.891,29.97],[73.882,30.011],[73.898,30.054],[73.932,30.084],[73.958,30.12],[73.963,30.172],[73.965,30.224],[73.954,30.266],[73.934,30.303],[73.909,30.337],[73.876,30.361],[73.894,30.402],[73.93,30.425],[73.945,30.462],[73.984,30.501],[74.019,30.521],[74.061,30.521],[74.076,30.561],[74.092,30.598],[74.118,30.632],[74.179,30.656],[74.208,30.688],[74.233,30.72],[74.28,30.729],[74.262,30.768],[74.299,30.786],[74.31,30.835],[74.346,30.854],[74.376,30.89],[74.413,30.906],[74.446,30.949],[74.485,30.97],[74.523,30.989],[74.538,31.032],[74.558,31.068],[74.597,31.046],[74.642,31.053],[74.683,31.072],[74.691,31.114],[74.653,31.135],[74.611,31.134],[74.596,31.091],[74.553,31.086],[74.536,31.125],[74.505,31.151],[74.508,31.193],[74.514,31.237],[74.516,31.278],[74.552,31.298],[74.568,31.337],[74.595,31.397],[74.625,31.424],[74.642,31.46],[74.609,31.487],[74.566,31.501],[74.599,31.528],[74.601,31.568],[74.586,31.606],[74.563,31.649],[74.53,31.698],[74.518,31.741],[74.544,31.776],[74.56,31.815],[74.582,31.855],[74.615,31.881],[74.652,31.901],[74.687,31.923],[74.709,31.958],[74.746,31.942],[74.784,31.955],[74.82,31.976],[74.844,32.008],[74.862,32.045],[74.903,32.057],[74.943,32.06],[74.987,32.035],[75.031,32.041],[75.069,32.058],[75.108,32.075],[75.152,32.08],[75.188,32.099],[75.228,32.085],[75.272,32.113],[75.309,32.155],[75.323,32.201],[75.358,32.226],[75.367,32.269],[75.336,32.296],[75.322,32.337],[75.373,32.331],[75.415,32.324],[75.456,32.334],[75.49,32.31],[75.524,32.34],[75.557,32.367],[75.637,32.387],[75.685,32.401],[75.72,32.43],[75.744,32.469],[75.79,32.479],[75.824,32.508],[75.857,32.558],[75.851,32.508],[75.869,32.489]]]}},{"type":"Feature","properties":{"NAME_1":"Rajasthan","state":"Rajasthan"},"geometry":{"type":"Polygon","coordinates":[[[73.889,29.978],[73.933,29.971],[73.976,29.969],[74.069,29.969],[74.154,29.963],[74.213,29.96],[74.26,29.956],[74.322,29.954],[74.372,29.95],[74.428,29.95],[74.519,29.943],[74.526,29.903],[74.554,29.866],[74.506,29.833],[74.471,29.802],[74.469,29.758],[74.512,29.741],[74.549,29.755],[74.593,29.767],[74.603,29.721],[74.591,29.683],[74.586,29.635],[74.57,29.586],[74.591,29.543],[74.601,29.504],[74.58,29.463],[74.535,29.465],[74.531,29.425],[74.57,29.406],[74.591,29.371],[74.596,29.328],[74.642,29.331],[74.65,29.372],[74.711,29.369],[74.757,29.356],[74.799,29.385],[74.835,29.401],[74.888,29.387],[74.927,29.365],[74.951,29.326],[74.953,29.282],[75.006,29.284],[75.05,29.272],[75.078,29.232],[75.125,29.245],[75.164,29.264],[75.212,29.235],[75.249,29.256],[75.29,29.278],[75.323,29.252],[75.372,29.26],[75.386,29.221],[75.394,29.174],[75.361,29.143],[75.381,29.103],[75.43,29.065],[75.433,29.022],[75.473,29.02],[75.511,29.004],[75.503,28.961],[75.469,28.938],[75.488,28.898],[75.498,28.856],[75.509,28.815],[75.516,28.772],[75.531,28.733],[75.535,28.688],[75.549,28.643],[75.585,28.606],[75.625,28.559],[75.663,28.536],[75.69,28.499],[75.737,28.487],[75.778,28.458],[75.77,28.408],[75.817,28.412],[75.872,28.391],[75.922,28.369],[75.956,28.338],[75.987,28.296],[76.007,28.253],[76.053,28.224],[76.072,28.179],[76.028,28.173],[75.996,28.135],[75.957,28.116],[75.982,28.08],[76.031,28.084],[76.01,28.05],[75.97,28.031],[75.955,27.989],[75.963,27.937],[75.975,27.893],[76.005,27.857],[76.05,27.848],[76.088,27.868],[76.128,27.847],[76.163,27.815],[76.201,27.829],[76.191,27.869],[76.175,27.907],[76.176,27.948],[76.162,27.988],[76.184,28.024],[76.2,28.061],[76.244,28.069],[76.29,28.049],[76.324,28.024],[76.353,28.066],[76.321,28.094],[76.356,28.128],[76.317,28.153],[76.278,28.169],[76.326,28.177],[76.357,28.148],[76.412,28.147],[76.456,28.151],[76.487,28.123],[76.451,28.098],[76.486,28.075],[76.454,28.05],[76.496,28.044],[76.539,28.039],[76.536,27.993],[76.577,27.995],[76.616,28.011],[76.66,28.019],[76.649,28.062],[76.678,28.098],[76.705,28.128],[76.755,28.147],[76.796,28.17],[76.801,28.212],[76.85,28.227],[76.897,28.208],[76.921,28.162],[76.962,28.144],[76.951,28.096],[76.934,28.048],[76.922,28.006],[76.92,27.953],[76.937,27.908],[76.928,27.867],[76.904,27.833],[76.899,27.791],[76.891,27.742],[76.912,27.706],[76.901,27.663],[76.945,27.671],[76.979,27.706],[77.003,27.739],[77.044,27.732],[77.039,27.775],[77.035,27.817],[77.074,27.804],[77.115,27.79],[77.154,27.802],[77.194,27.822],[77.227,27.796],[77.262,27.816],[77.301,27.794],[77.305,27.749],[77.324,27.713],[77.337,27.67],[77.313,27.617],[77.35,27.593],[77.334,27.555],[77.358,27.519],[77.392,27.494],[77.425,27.465],[77.415,27.425],[77.443,27.393],[77.487,27.386],[77.522,27.358],[77.562,27.335],[77.605,27.338],[77.598,27.296],[77.623,27.264],[77.639,27.223],[77.673,27.2],[77.636,27.17],[77.598,27.148],[77.556,27.116],[77.514,27.108],[77.521,27.067],[77.563,27.079],[77.557,27.037],[77.599,27.029],[77.643,27.027],[77.678,27.051],[77.697,27.007],[77.736,27.034],[77.739,26.991],[77.692,26.979],[77.649,26.974],[77.605,26.946],[77.557,26.926],[77.519,26.915],[77.474,26.9],[77.437,26.868],[77.434,26.825],[77.429,26.786],[77.448,26.747],[77.486,26.761],[77.487,26.801],[77.498,26.848],[77.536,26.825],[77.577,26.833],[77.616,26.848],[77.657,26.856],[77.696,26.877],[77.719,26.916],[77.753,26.938],[77.796,26.923],[77.836,26.92],[77.877,26.899],[77.922,26.915],[77.963,26.913],[78.007,26.911],[78.028,26.876],[78.042,26.915],[78.087,26.902],[78.115,26.938],[78.163,26.953],[78.201,26.94],[78.247,26.931],[78.23,26.894],[78.19,26.883],[78.214,26.849],[78.173,26.833],[78.176,26.791],[78.131,26.799],[78.094,26.783],[78.089,26.738],[78.088,26.687],[78.043,26.691],[77.992,26.703],[77.961,26.672],[77.904,26.666],[77.879,26.62],[77.834,26.612],[77.825,26.573],[77.783,26.553],[77.739,26.543],[77.714,26.504],[77.671,26.51],[77.627,26.483],[77.579,26.451],[77.543,26.429],[77.506,26.413],[77.459,26.411],[77.439,26.373],[77.395,26.367],[77.347,26.36],[77.312,26.334],[77.29,26.296],[77.251,26.267],[77.208,26.244],[77.165,26.245],[77.124,26.238],[77.098,26.202],[77.059,26.185],[77.011,26.165],[76.986,26.132],[76.942,26.108],[76.895,26.098],[76.873,26.064],[76.838,26.036],[76.83,25.996],[76.806,25.953],[76.761,25.943],[76.733,25.903],[76.684,25.91],[76.641,25.906],[76.617,25.871],[76.567,25.84],[76.535,25.809],[76.522,25.766],[76.503,25.729],[76.478,25.695],[76.499,25.648],[76.516,25.607],[76.516,25.566],[76.523,25.524],[76.547,25.49],[76.561,25.45],[76.599,25.405],[76.625,25.375],[76.665,25.358],[76.715,25.342],[76.759,25.339],[76.795,25.322],[76.84,25.329],[76.882,25.323],[76.923,25.301],[76.993,25.302],[77.034,25.312],[77.071,25.336],[77.116,25.335],[77.154,25.313],[77.197,25.311],[77.217,25.349],[77.244,25.39],[77.283,25.424],[77.329,25.429],[77.344,25.388],[77.344,25.337],[77.375,25.311],[77.35,25.272],[77.38,25.245],[77.41,25.212],[77.391,25.175],[77.387,25.133],[77.357,25.102],[77.314,25.088],[77.276,25.112],[77.221,25.11],[77.17,25.114],[77.128,25.089],[77.09,25.066],[77.044,25.066],[77.006,25.079],[76.969,25.056],[76.93,25.042],[76.882,25.034],[76.87,24.992],[76.875,24.951],[76.907,24.923],[76.922,24.884],[76.908,24.845],[76.863,24.842],[76.823,24.835],[76.826,24.793],[76.845,24.752],[76.887,24.754],[76.946,24.764],[76.972,24.732],[77.014,24.715],[77.049,24.661],[77.061,24.611],[77.065,24.57],[77.05,24.527],[77.021,24.498],[76.98,24.475],[76.937,24.472],[76.915,24.511],[76.876,24.526],[76.838,24.548],[76.835,24.498],[76.848,24.459],[76.842,24.418],[76.852,24.375],[76.845,24.328],[76.864,24.29],[76.897,24.247],[76.928,24.214],[76.911,24.177],[76.9,24.131],[76.856,24.139],[76.815,24.127],[76.776,24.153],[76.736,24.172],[76.695,24.176],[76.685,24.225],[76.695,24.268],[76.647,24.272],[76.614,24.242],[76.571,24.213],[76.563,24.172],[76.523,24.163],[76.505,24.205],[76.47,24.231],[76.429,24.227],[76.374,24.238],[76.335,24.254],[76.294,24.241],[76.252,24.225],[76.211,24.223],[76.204,24.269],[76.206,24.311],[76.163,24.293],[76.154,24.244],[76.123,24.205],[76.13,24.154],[76.13,24.112],[76.091,24.086],[76.047,24.076],[76.018,24.045],[75.98,24.031],[75.961,23.995],[75.98,23.952],[75.948,23.922],[75.905,23.896],[75.864,23.895],[75.818,23.879],[75.784,23.858],[75.75,23.89],[75.711,23.9],[75.729,23.858],[75.718,23.819],[75.69,23.776],[75.652,23.802],[75.608,23.806],[75.566,23.816],[75.562,23.858],[75.529,23.88],[75.487,23.911],[75.457,23.938],[75.465,23.981],[75.514,24.049],[75.553,24.023],[75.584,23.992],[75.625,23.999],[75.653,24.028],[75.685,24.002],[75.714,23.972],[75.75,23.995],[75.778,24.028],[75.807,24.068],[75.836,24.104],[75.79,24.11],[75.762,24.141],[75.764,24.19],[75.792,24.223],[75.827,24.246],[75.811,24.285],[75.771,24.309],[75.738,24.348],[75.74,24.389],[75.756,24.428],[75.786,24.455],[75.824,24.431],[75.875,24.43],[75.909,24.456],[75.907,24.498],[75.925,24.538],[75.911,24.577],[75.877,24.6],[75.835,24.598],[75.844,24.639],[75.832,24.68],[75.839,24.73],[75.805,24.756],[75.76,24.765],[75.712,24.745],[75.659,24.702],[75.613,24.688],[75.582,24.723],[75.541,24.717],[75.483,24.698],[75.438,24.696],[75.396,24.705],[75.351,24.717],[75.304,24.721],[75.262,24.733],[75.221,24.733],[75.187,24.76],[75.204,24.802],[75.241,24.819],[75.222,24.858],[75.208,24.898],[75.25,24.896],[75.227,24.859],[75.271,24.856],[75.298,24.826],[75.337,24.834],[75.4,24.855],[75.424,24.893],[75.372,24.878],[75.326,24.887],[75.279,24.885],[75.293,24.923],[75.27,24.956],[75.303,24.931],[75.337,24.963],[75.323,25.001],[75.354,25.029],[75.31,25.046],[75.266,25.043],[75.218,25.041],[75.174,25.054],[75.169,25.013],[75.138,24.986],[75.118,24.946],[75.118,24.905],[75.077,24.889],[75.043,24.859],[74.998,24.877],[74.956,24.875],[74.92,24.895],[74.903,24.935],[74.864,24.948],[74.824,24.94],[74.827,24.899],[74.853,24.86],[74.859,24.82],[74.897,24.799],[74.939,24.795],[74.99,24.794],[75.021,24.767],[74.991,24.734],[74.964,24.7],[74.942,24.667],[74.902,24.656],[74.867,24.691],[74.835,24.732],[74.815,24.781],[74.786,24.747],[74.781,24.705],[74.818,24.68],[74.791,24.645],[74.777,24.605],[74.755,24.571],[74.729,24.535],[74.751,24.492],[74.792,24.493],[74.818,24.462],[74.858,24.467],[74.835,24.43],[74.805,24.395],[74.782,24.358],[74.784,24.317],[74.753,24.289],[74.79,24.272],[74.833,24.272],[74.875,24.278],[74.904,24.246],[74.897,24.187],[74.928,24.157],[74.955,24.112],[74.976,24.076],[74.99,24.033],[74.973,23.991],[74.941,23.961],[74.917,23.918],[74.907,23.877],[74.913,23.837],[74.928,23.798],[74.932,23.758],[74.923,23.714],[74.924,23.669],[74.94,23.63],[74.898,23.612],[74.873,23.578],[74.838,23.553],[74.799,23.54],[74.757,23.522],[74.719,23.504],[74.681,23.485],[74.636,23.464],[74.598,23.43],[74.572,23.383],[74.543,23.339],[74.549,23.287],[74.593,23.284],[74.63,23.266],[74.673,23.275],[74.71,23.258],[74.724,23.22],[74.688,23.197],[74.642,23.173],[74.608,23.145],[74.566,23.135],[74.535,23.102],[74.491,23.088],[74.445,23.093],[74.407,23.112],[74.367,23.096],[74.323,23.063],[74.287,23.092],[74.278,23.134],[74.262,23.172],[74.208,23.192],[74.187,23.153],[74.148,23.172],[74.125,23.207],[74.137,23.245],[74.111,23.286],[74.049,23.295],[74.033,23.332],[73.991,23.338],[73.971,23.377],[73.943,23.346],[73.901,23.336],[73.877,23.378],[73.836,23.431],[73.794,23.436],[73.757,23.45],[73.729,23.418],[73.704,23.456],[73.661,23.447],[73.644,23.497],[73.637,23.548],[73.649,23.591],[73.642,23.631],[73.609,23.654],[73.553,23.631],[73.513,23.617],[73.507,23.658],[73.509,23.703],[73.473,23.726],[73.432,23.762],[73.394,23.778],[73.37,23.814],[73.36,23.855],[73.382,23.895],[73.42,23.923],[73.421,23.975],[73.409,24.016],[73.404,24.065],[73.37,24.088],[73.373,24.128],[73.335,24.115],[73.332,24.074],[73.298,24.037],[73.256,24.013],[73.208,24.039],[73.214,24.08],[73.172,24.111],[73.123,24.14],[73.091,24.175],[73.092,24.221],[73.116,24.263],[73.144,24.299],[73.185,24.309],[73.216,24.35],[73.17,24.351],[73.127,24.369],[73.085,24.394],[73.109,24.432],[73.099,24.473],[73.057,24.473],[73.013,24.482],[72.981,24.451],[72.979,24.406],[72.991,24.364],[72.946,24.339],[72.901,24.351],[72.854,24.366],[72.793,24.36],[72.749,24.358],[72.707,24.391],[72.693,24.441],[72.639,24.461],[72.589,24.473],[72.552,24.5],[72.519,24.473],[72.504,24.431],[72.465,24.407],[72.446,24.448],[72.448,24.493],[72.398,24.5],[72.374,24.534],[72.341,24.558],[72.302,24.541],[72.251,24.58],[72.293,24.597],[72.342,24.594],[72.306,24.615],[72.261,24.621],[72.216,24.62],[72.176,24.613],[72.135,24.634],[72.091,24.649],[72.085,24.697],[72.041,24.695],[72.001,24.683],[71.979,24.647],[71.944,24.627],[71.92,24.667],[71.876,24.675],[71.868,24.63],[71.821,24.617],[71.813,24.661],[71.758,24.66],[71.716,24.654],[71.67,24.637],[71.634,24.658],[71.592,24.666],[71.551,24.671],[71.504,24.674],[71.459,24.661],[71.422,24.638],[71.383,24.622],[71.357,24.654],[71.318,24.636],[71.261,24.621],[71.207,24.64],[71.147,24.658],[71.107,24.681],[71.077,24.708],[71.054,24.756],[71.035,24.799],[71.012,24.836],[70.99,24.872],[70.962,24.908],[70.933,24.973],[70.915,25.042],[70.905,25.095],[70.894,25.144],[70.861,25.176],[70.809,25.224],[70.766,25.265],[70.744,25.321],[70.706,25.36],[70.676,25.387],[70.68,25.447],[70.685,25.49],[70.677,25.531],[70.677,25.589],[70.68,25.633],[70.676,25.68],[70.644,25.707],[70.602,25.703],[70.537,25.677],[70.49,25.676],[70.425,25.67],[70.375,25.668],[70.285,25.699],[70.261,25.742],[70.236,25.775],[70.207,25.802],[70.171,25.832],[70.145,25.869],[70.107,25.924],[70.091,25.965],[70.087,26.031],[70.083,26.074],[70.126,26.139],[70.159,26.194],[70.173,26.245],[70.165,26.291],[70.178,26.35],[70.178,26.404],[70.181,26.47],[70.179,26.514],[70.161,26.559],[70.107,26.59],[70.066,26.599],[70.025,26.599],[69.955,26.587],[69.911,26.582],[69.856,26.583],[69.815,26.592],[69.772,26.614],[69.722,26.654],[69.677,26.673],[69.608,26.7],[69.55,26.725],[69.511,26.744],[69.488,26.794],[69.496,26.872],[69.504,26.943],[69.513,27.014],[69.537,27.069],[69.557,27.117],[69.578,27.165],[69.666,27.251],[69.699,27.278],[69.794,27.346],[69.833,27.379],[69.908,27.46],[69.936,27.502],[70.0,27.545],[70.051,27.635],[70.083,27.708],[70.108,27.767],[70.157,27.834],[70.207,27.885],[70.281,27.93],[70.322,27.965],[70.366,28.008],[70.409,28.017],[70.46,28.03],[70.51,28.036],[70.563,28.02],[70.599,27.988],[70.651,27.94],[70.673,27.87],[70.688,27.822],[70.714,27.78],[70.738,27.742],[70.769,27.715],[70.819,27.704],[70.87,27.701],[70.95,27.719],[71.034,27.757],[71.087,27.777],[71.125,27.792],[71.174,27.812],[71.23,27.829],[71.273,27.842],[71.326,27.852],[71.381,27.862],[71.448,27.866],[71.5,27.866],[71.549,27.866],[71.604,27.868],[71.658,27.869],[71.698,27.883],[71.743,27.901],[71.826,27.93],[71.893,27.955],[71.905,27.997],[71.913,28.038],[71.922,28.091],[71.943,28.14],[71.975,28.178],[72.005,28.215],[72.044,28.243],[72.091,28.278],[72.126,28.304],[72.156,28.337],[72.198,28.381],[72.236,28.475],[72.253,28.527],[72.28,28.601],[72.302,28.665],[72.326,28.699],[72.366,28.742],[72.403,28.778],[72.447,28.793],[72.485,28.81],[72.544,28.844],[72.588,28.866],[72.644,28.899],[72.711,28.935],[72.786,28.965],[72.844,28.988],[72.888,29.004],[72.928,29.02],[72.954,29.053],[72.976,29.099],[73.0,29.147],[73.032,29.183],[73.078,29.233],[73.102,29.273],[73.137,29.329],[73.157,29.368],[73.191,29.429],[73.222,29.479],[73.248,29.521],[73.271,29.557],[73.284,29.598],[73.312,29.686],[73.325,29.728],[73.34,29.769],[73.354,29.818],[73.371,29.874],[73.385,29.926],[73.467,29.969],[73.533,29.994],[73.58,30.012],[73.653,30.031],[73.709,30.047],[73.754,30.057],[73.794,30.07],[73.838,30.109],[73.873,30.132],[73.923,30.168],[73.966,30.195],[73.961,30.143],[73.944,30.104],[73.918,30.068],[73.886,30.017],[73.889,29.978]]]}},{"type":"Feature","properties":{"NAME_1":"Sikkim","state":"Sikkim"},"geometry":{"type":"Polygon","coordinates":[[[88.645,28.099],[88.686,28.079],[88.729,28.075],[88.768,28.061],[88.797,28.033],[88.833,28.012],[88.84,27.965],[88.854,27.927],[88.88,27.896],[88.882,27.855],[88.856,27.818],[88.853,27.768],[88.852,27.724],[88.845,27.682],[88.826,27.645],[88.805,27.603],[88.768,27.568],[88.784,27.53],[88.785,27.488],[88.792,27.448],[88.808,27.409],[88.838,27.379],[88.879,27.364],[88.907,27.331],[88.907,27.284],[88.873,27.259],[88.831,27.262],[88.8,27.237],[88.789,27.198],[88.758,27.172],[88.733,27.137],[88.702,27.174],[88.66,27.162],[88.619,27.188],[88.566,27.188],[88.521,27.178],[88.508,27.136],[88.469,27.117],[88.44,27.084],[88.398,27.094],[88.352,27.101],[88.311,27.125],[88.271,27.13],[88.227,27.121],[88.189,27.134],[88.152,27.112],[88.096,27.136],[88.073,27.174],[88.058,27.214],[88.017,27.219],[88.033,27.263],[88.044,27.304],[88.069,27.336],[88.044,27.371],[88.053,27.413],[88.07,27.449],[88.047,27.485],[88.064,27.525],[88.084,27.565],[88.108,27.602],[88.123,27.645],[88.149,27.679],[88.157,27.729],[88.183,27.761],[88.19,27.801],[88.204,27.842],[88.17,27.865],[88.13,27.882],[88.117,27.926],[88.135,27.963],[88.174,27.945],[88.21,27.968],[88.248,27.95],[88.286,27.968],[88.327,27.982],[88.375,27.984],[88.424,28.006],[88.462,28.02],[88.501,28.049],[88.541,28.04],[88.554,28.085],[88.595,28.096],[88.621,28.131],[88.645,28.099]]]}},{"type":"Feature","properties":{"NAME_1":"Tamil Nadu","state":"Tamil Nadu"},"geometry":{"type":"MultiPolygon","coordinates":[[[[77.556,8.079],[77.556,8.079],[77.556,8.079],[77.556,8.078],[77.557,8.078],[77.557,8.077],[77.556,8.077],[77.556,8.077],[77.556,8.077],[77.556,8.077],[77.555,8.077],[77.555,8.077],[77.555,8.077],[77.555,8.077],[77.554,8.077],[77.554,8.077],[77.553,8.077],[77.553,8.077],[77.553,8.077],[77.553,8.078],[77.553,8.078],[77.553,8.079],[77.555,8.079],[77.555,8.079],[77.556,8.079]]],[[[78.115,8.617],[78.115,8.616],[78.116,8.616],[78.116,8.616],[78.116,8.616],[78.116,8.615],[78.116,8.615],[78.116,8.615],[78.117,8.615],[78.117,8.615],[78.117,8.615],[78.117,8.615],[78.118,8.615],[78.118,8.615],[78.118,8.615],[78.118,8.615],[78.118,8.615],[78.118,8.615],[78.119,8.615],[78.119,8.615],[78.119,8.615],[78.119,8.615],[78.119,8.615],[78.119,8.615],[78.12,8.615],[78.12,8.614],[78.121,8.614],[78.121,8.614],[78.12,8.614],[78.12,8.613],[78.12,8.613],[78.12,8.613],[78.119,8.613],[78.119,8.613],[78.118,8.613],[78.118,8.612],[78.118,8.612],[78.118,8.611],[78.118,8.611],[78.118,8.611],[78.118,8.611],[78.118,8.61],[78.117,8.61],[78.117,8.61],[78.116,8.61],[78.116,8.61],[78.116,8.61],[78.116,8.611],[78.115,8.611],[78.115,8.611],[78.115,8.611],[78.115,8.612],[78.116,8.612],[78.116,8.613],[78.115,8.613],[78.115,8.614],[78.115,8.614],[78.115,8.615],[78.114,8.615],[78.114,8.615],[78.114,8.615],[78.114,8.615],[78.112,8.615],[78.112,8.615],[78.11,8.615],[78.11,8.615],[78.11,8.615],[78.11,8.616],[78.11,8.616],[78.11,8.616],[78.11,8.616],[78.11,8.617],[78.113,8.617],[78.113,8.617],[78.115,8.617]]],[[[78.121,8.617],[78.121,8.617],[78.121,8.617],[78.121,8.617],[78.121,8.617],[78.121,8.616],[78.12,8.616],[78.12,8.616],[78.12,8.616],[78.12,8.615],[78.12,8.615],[78.12,8.615],[78.12,8.615],[78.12,8.615],[78.119,8.615],[78.119,8.616],[78.119,8.616],[78.119,8.616],[78.12,8.616],[78.12,8.617],[78.12,8.617],[78.12,8.617],[78.12,8.617],[78.12,8.618],[78.12,8.618],[78.12,8.618],[78.122,8.618],[78.122,8.617],[78.121,8.617]]],[[[78.12,8.638],[78.12,8.638],[78.12,8.638],[78.12,8.637],[78.121,8.637],[78.121,8.637],[78.121,8.637],[78.121,8.637],[78.122,8.637],[78.122,8.637],[78.122,8.637],[78.122,8.636],[78.122,8.636],[78.122,8.635],[78.121,8.635],[78.121,8.635],[78.121,8.635],[78.121,8.635],[78.12,8.635],[78.12,8.634],[78.12,8.634],[78.12,8.634],[78.12,8.634],[78.12,8.633],[78.12,8.633],[78.12,8.633],[78.119,8.633],[78.119,8.633],[78.119,8.633],[78.119,8.632],[78.118,8.632],[78.118,8.632],[78.118,8.632],[78.118,8.631],[78.117,8.631],[78.117,8.632],[78.116,8.632],[78.116,8.628],[78.116,8.628],[78.116,8.628],[78.117,8.628],[78.117,8.627],[78.118,8.627],[78.118,8.628],[78.122,8.628],[78.122,8.628],[78.121,8.628],[78.121,8.628],[78.12,8.628],[78.12,8.629],[78.12,8.629],[78.12,8.629],[78.121,8.629],[78.121,8.629],[78.121,8.629],[78.121,8.63],[78.122,8.63],[78.122,8.63],[78.121,8.63],[78.121,8.631],[78.121,8.631],[78.121,8.633],[78.121,8.633],[78.121,8.634],[78.122,8.634],[78.122,8.634],[78.123,8.634],[78.123,8.632],[78.122,8.632],[78.122,8.63],[78.123,8.63],[78.123,8.63],[78.123,8.63],[78.123,8.629],[78.123,8.629],[78.123,8.629],[78.122,8.629],[78.122,8.628],[78.122,8.628],[78.122,8.628],[78.122,8.628],[78.122,8.627],[78.122,8.627],[78.122,8.627],[78.121,8.627],[78.121,8.627],[78.121,8.627],[78.121,8.626],[78.121,8.626],[78.121,8.626],[78.12,8.626],[78.12,8.625],[78.12,8.625],[78.12,8.624],[78.12,8.624],[78.12,8.623],[78.12,8.623],[78.12,8.622],[78.119,8.622],[78.119,8.622],[78.12,8.622],[78.12,8.622],[78.119,8.622],[78.119,8.621],[78.12,8.621],[78.12,8.62],[78.119,8.62],[78.119,8.619],[78.119,8.619],[78.119,8.618],[78.119,8.618],[78.119,8.618],[78.118,8.618],[78.118,8.618],[78.118,8.618],[78.118,8.617],[78.118,8.617],[78.118,8.619],[78.118,8.619],[78.118,8.62],[78.118,8.62],[78.118,8.62],[78.118,8.62],[78.118,8.621],[78.117,8.621],[78.117,8.621],[78.117,8.621],[78.117,8.622],[78.117,8.622],[78.117,8.622],[78.117,8.622],[78.117,8.622],[78.118,8.622],[78.118,8.624],[78.118,8.624],[78.118,8.625],[78.118,8.625],[78.118,8.625],[78.119,8.625],[78.119,8.625],[78.119,8.625],[78.119,8.626],[78.12,8.626],[78.12,8.626],[78.12,8.626],[78.12,8.627],[78.119,8.627],[78.119,8.627],[78.117,8.627],[78.117,8.627],[78.117,8.627],[78.117,8.627],[78.117,8.627],[78.117,8.626],[78.116,8.626],[78.116,8.626],[78.116,8.626],[78.116,8.626],[78.115,8.626],[78.115,8.628],[78.115,8.628],[78.115,8.63],[78.115,8.63],[78.115,8.63],[78.114,8.63],[78.114,8.63],[78.114,8.63],[78.114,8.631],[78.113,8.631],[78.113,8.631],[78.112,8.631],[78.112,8.631],[78.112,8.631],[78.112,8.632],[78.111,8.632],[78.111,8.632],[78.112,8.632],[78.112,8.633],[78.112,8.633],[78.112,8.633],[78.112,8.633],[78.112,8.634],[78.112,8.634],[78.112,8.634],[78.113,8.634],[78.113,8.634],[78.113,8.634],[78.113,8.635],[78.113,8.635],[78.113,8.635],[78.114,8.635],[78.114,8.635],[78.114,8.635],[78.114,8.635],[78.115,8.635],[78.115,8.636],[78.115,8.636],[78.115,8.636],[78.116,8.636],[78.116,8.636],[78.116,8.636],[78.116,8.637],[78.117,8.637],[78.117,8.637],[78.117,8.637],[78.117,8.637],[78.118,8.637],[78.118,8.637],[78.119,8.637],[78.119,8.638],[78.119,8.638],[78.119,8.638],[78.12,8.638]]],[[[78.128,8.648],[78.128,8.645],[78.128,8.645],[78.128,8.643],[78.128,8.643],[78.128,8.643],[78.128,8.643],[78.128,8.643],[78.126,8.643],[78.126,8.643],[78.126,8.643],[78.126,8.644],[78.127,8.644],[78.127,8.647],[78.126,8.647],[78.126,8.647],[78.127,8.647],[78.127,8.648],[78.128,8.648]]],[[[78.117,8.657],[78.117,8.655],[78.117,8.655],[78.117,8.655],[78.118,8.655],[78.118,8.655],[78.118,8.655],[78.118,8.654],[78.118,8.654],[78.118,8.654],[78.119,8.654],[78.119,8.654],[78.119,8.654],[78.119,8.653],[78.12,8.653],[78.12,8.652],[78.12,8.652],[78.12,8.651],[78.12,8.651],[78.12,8.651],[78.122,8.651],[78.122,8.651],[78.123,8.651],[78.123,8.65],[78.124,8.65],[78.124,8.65],[78.124,8.65],[78.124,8.65],[78.124,8.65],[78.124,8.65],[78.125,8.65],[78.125,8.646],[78.125,8.646],[78.125,8.646],[78.125,8.646],[78.125,8.642],[78.125,8.642],[78.125,8.642],[78.125,8.642],[78.125,8.642],[78.124,8.642],[78.124,8.641],[78.124,8.641],[78.124,8.64],[78.125,8.64],[78.125,8.639],[78.125,8.639],[78.125,8.639],[78.125,8.639],[78.125,8.639],[78.125,8.639],[78.125,8.638],[78.124,8.638],[78.124,8.638],[78.123,8.638],[78.123,8.639],[78.123,8.639],[78.123,8.639],[78.122,8.639],[78.122,8.639],[78.123,8.639],[78.123,8.64],[78.123,8.64],[78.123,8.64],[78.123,8.64],[78.123,8.641],[78.122,8.641],[78.122,8.641],[78.12,8.641],[78.12,8.642],[78.12,8.642],[78.12,8.642],[78.12,8.642],[78.12,8.642],[78.121,8.642],[78.121,8.643],[78.121,8.643],[78.121,8.643],[78.122,8.643],[78.122,8.643],[78.122,8.643],[78.122,8.643],[78.122,8.643],[78.122,8.644],[78.122,8.644],[78.122,8.644],[78.122,8.644],[78.122,8.645],[78.12,8.645],[78.12,8.644],[78.12,8.644],[78.12,8.644],[78.12,8.644],[78.12,8.643],[78.119,8.643],[78.119,8.643],[78.119,8.643],[78.119,8.643],[78.119,8.643],[78.119,8.642],[78.118,8.642],[78.118,8.642],[78.117,8.642],[78.117,8.642],[78.117,8.642],[78.117,8.644],[78.117,8.644],[78.117,8.645],[78.117,8.645],[78.117,8.645],[78.118,8.645],[78.118,8.645],[78.118,8.645],[78.118,8.646],[78.118,8.646],[78.118,8.646],[78.119,8.646],[78.119,8.65],[78.118,8.65],[78.118,8.65],[78.118,8.65],[78.118,8.65],[78.118,8.65],[78.118,8.651],[78.118,8.651],[78.118,8.652],[78.118,8.652],[78.118,8.653],[78.117,8.653],[78.117,8.653],[78.117,8.653],[78.117,8.654],[78.117,8.654],[78.117,8.655],[78.117,8.655],[78.117,8.655],[78.117,8.655],[78.117,8.657],[78.117,8.657]]],[[[78.208,8.841],[78.208,8.841],[78.209,8.841],[78.209,8.84],[78.21,8.84],[78.21,8.84],[78.21,8.84],[78.21,8.84],[78.21,8.84],[78.21,8.839],[78.211,8.839],[78.211,8.839],[78.212,8.839],[78.212,8.838],[78.212,8.838],[78.212,8.838],[78.213,8.838],[78.213,8.837],[78.213,8.837],[78.213,8.837],[78.213,8.837],[78.213,8.836],[78.212,8.836],[78.212,8.836],[78.212,8.836],[78.212,8.835],[78.21,8.835],[78.21,8.836],[78.21,8.836],[78.21,8.836],[78.21,8.836],[78.21,8.837],[78.21,8.837],[78.21,8.837],[78.209,8.837],[78.209,8.839],[78.209,8.839],[78.209,8.84],[78.209,8.84],[78.209,8.84],[78.208,8.84],[78.208,8.841],[78.208,8.841],[78.208,8.841],[78.208,8.841]]],[[[78.225,8.874],[78.225,8.873],[78.225,8.873],[78.225,8.873],[78.226,8.873],[78.226,8.873],[78.226,8.873],[78.226,8.872],[78.227,8.872],[78.227,8.872],[78.227,8.872],[78.227,8.871],[78.227,8.871],[78.227,8.87],[78.227,8.87],[78.227,8.869],[78.228,8.869],[78.228,8.869],[78.227,8.869],[78.227,8.868],[78.227,8.868],[78.227,8.867],[78.226,8.867],[78.226,8.868],[78.226,8.868],[78.226,8.868],[78.226,8.868],[78.226,8.868],[78.225,8.868],[78.225,8.869],[78.225,8.869],[78.225,8.87],[78.225,8.87],[78.225,8.87],[78.224,8.87],[78.224,8.87],[78.224,8.87],[78.224,8.871],[78.224,8.871],[78.224,8.872],[78.224,8.872],[78.224,8.872],[78.223,8.872],[78.223,8.872],[78.223,8.872],[78.223,8.873],[78.223,8.873],[78.223,8.873],[78.224,8.873],[78.224,8.874],[78.225,8.874]]],[[[78.253,8.958],[78.253,8.957],[78.253,8.957],[78.253,8.957],[78.253,8.957],[78.253,8.957],[78.254,8.957],[78.254,8.957],[78.254,8.957],[78.254,8.956],[78.255,8.956],[78.255,8.956],[78.255,8.956],[78.255,8.955],[78.255,8.955],[78.255,8.954],[78.255,8.954],[78.255,8.954],[78.255,8.954],[78.255,8.953],[78.255,8.953],[78.255,8.953],[78.254,8.953],[78.254,8.953],[78.253,8.953],[78.253,8.953],[78.252,8.953],[78.252,8.953],[78.252,8.953],[78.252,8.955],[78.252,8.955],[78.252,8.958],[78.251,8.958],[78.251,8.958],[78.253,8.958]]],[[[78.492,9.093],[78.492,9.093],[78.492,9.093],[78.492,9.092],[78.492,9.092],[78.492,9.092],[78.493,9.092],[78.493,9.092],[78.493,9.092],[78.493,9.092],[78.494,9.092],[78.494,9.091],[78.494,9.091],[78.494,9.091],[78.495,9.091],[78.495,9.091],[78.495,9.091],[78.495,9.09],[78.495,9.09],[78.495,9.089],[78.495,9.089],[78.495,9.088],[78.494,9.088],[78.494,9.088],[78.494,9.088],[78.494,9.087],[78.494,9.087],[78.494,9.087],[78.493,9.087],[78.493,9.086],[78.493,9.086],[78.493,9.086],[78.493,9.086],[78.493,9.086],[78.492,9.086],[78.492,9.087],[78.492,9.087],[78.492,9.087],[78.492,9.087],[78.492,9.088],[78.491,9.088],[78.491,9.088],[78.491,9.088],[78.491,9.088],[78.49,9.088],[78.49,9.088],[78.49,9.088],[78.49,9.089],[78.489,9.089],[78.489,9.089],[78.489,9.089],[78.489,9.089],[78.488,9.089],[78.488,9.09],[78.488,9.09],[78.488,9.09],[78.488,9.09],[78.488,9.09],[78.488,9.09],[78.488,9.091],[78.489,9.091],[78.489,9.091],[78.49,9.091],[78.49,9.091],[78.49,9.091],[78.49,9.092],[78.49,9.092],[78.49,9.092],[78.491,9.092],[78.491,9.093],[78.491,9.093],[78.491,9.093],[78.492,9.093]]],[[[78.539,9.106],[78.539,9.106],[78.54,9.106],[78.54,9.105],[78.539,9.105],[78.539,9.105],[78.539,9.105],[78.539,9.105],[78.539,9.105],[78.539,9.104],[78.538,9.104],[78.538,9.103],[78.538,9.103],[78.538,9.103],[78.538,9.103],[78.538,9.103],[78.537,9.103],[78.537,9.102],[78.536,9.102],[78.536,9.102],[78.535,9.102],[78.535,9.102],[78.535,9.102],[78.535,9.103],[78.535,9.103],[78.535,9.103],[78.535,9.103],[78.535,9.103],[78.536,9.103],[78.536,9.104],[78.536,9.104],[78.536,9.104],[78.537,9.104],[78.537,9.104],[78.537,9.104],[78.537,9.105],[78.537,9.105],[78.537,9.105],[78.538,9.105],[78.538,9.105],[78.538,9.105],[78.538,9.106],[78.538,9.106],[78.538,9.106],[78.539,9.106]]],[[[78.58,9.112],[78.58,9.112],[78.581,9.112],[78.581,9.112],[78.582,9.112],[78.582,9.112],[78.583,9.112],[78.583,9.111],[78.585,9.111],[78.585,9.111],[78.585,9.111],[78.585,9.111],[78.585,9.111],[78.585,9.11],[78.585,9.11],[78.585,9.11],[78.586,9.11],[78.586,9.11],[78.586,9.11],[78.586,9.11],[78.587,9.11],[78.587,9.109],[78.586,9.109],[78.586,9.109],[78.586,9.109],[78.586,9.108],[78.586,9.108],[78.586,9.108],[78.585,9.108],[78.585,9.108],[78.583,9.108],[78.583,9.108],[78.583,9.108],[78.583,9.107],[78.583,9.107],[78.583,9.107],[78.583,9.107],[78.583,9.107],[78.582,9.107],[78.582,9.106],[78.582,9.106],[78.582,9.106],[78.582,9.106],[78.582,9.105],[78.582,9.105],[78.582,9.105],[78.581,9.105],[78.581,9.105],[78.581,9.105],[78.581,9.105],[78.581,9.105],[78.581,9.104],[78.58,9.104],[78.58,9.104],[78.58,9.104],[78.58,9.103],[78.579,9.103],[78.579,9.103],[78.578,9.103],[78.578,9.103],[78.573,9.103],[78.573,9.103],[78.573,9.103],[78.573,9.102],[78.572,9.102],[78.572,9.103],[78.572,9.103],[78.572,9.104],[78.572,9.104],[78.572,9.105],[78.572,9.105],[78.572,9.105],[78.573,9.105],[78.573,9.105],[78.573,9.105],[78.573,9.105],[78.573,9.105],[78.573,9.106],[78.573,9.106],[78.573,9.106],[78.574,9.106],[78.574,9.106],[78.574,9.106],[78.574,9.107],[78.575,9.107],[78.575,9.107],[78.575,9.107],[78.575,9.107],[78.575,9.107],[78.575,9.107],[78.576,9.107],[78.576,9.108],[78.576,9.108],[78.576,9.108],[78.576,9.108],[78.576,9.11],[78.577,9.11],[78.577,9.11],[78.577,9.11],[78.577,9.111],[78.577,9.111],[78.577,9.111],[78.578,9.111],[78.578,9.111],[78.578,9.111],[78.578,9.112],[78.578,9.112],[78.578,9.112],[78.579,9.112],[78.579,9.112],[78.579,9.112],[78.579,9.112],[78.58,9.112]]],[[[78.488,9.135],[78.488,9.134],[78.488,9.134],[78.488,9.133],[78.487,9.133],[78.487,9.132],[78.487,9.132],[78.487,9.132],[78.487,9.132],[78.487,9.131],[78.487,9.131],[78.487,9.131],[78.485,9.131],[78.485,9.131],[78.485,9.131],[78.485,9.131],[78.485,9.131],[78.485,9.132],[78.485,9.132],[78.485,9.132],[78.485,9.132],[78.485,9.133],[78.485,9.133],[78.485,9.133],[78.485,9.133],[78.485,9.134],[78.485,9.134],[78.485,9.134],[78.486,9.134],[78.486,9.134],[78.487,9.134],[78.487,9.135],[78.487,9.135],[78.487,9.135],[78.488,9.135]]],[[[78.696,9.155],[78.696,9.154],[78.697,9.154],[78.697,9.151],[78.696,9.151],[78.696,9.151],[78.694,9.151],[78.694,9.151],[78.693,9.151],[78.693,9.152],[78.693,9.152],[78.693,9.152],[78.693,9.152],[78.693,9.153],[78.693,9.153],[78.693,9.153],[78.694,9.153],[78.694,9.154],[78.694,9.154],[78.694,9.154],[78.694,9.154],[78.694,9.155],[78.695,9.155],[78.695,9.155],[78.696,9.155]]],[[[78.731,9.156],[78.731,9.156],[78.731,9.156],[78.731,9.156],[78.732,9.156],[78.732,9.155],[78.732,9.155],[78.732,9.153],[78.732,9.153],[78.732,9.151],[78.73,9.151],[78.73,9.152],[78.73,9.152],[78.73,9.152],[78.73,9.152],[78.73,9.152],[78.729,9.152],[78.729,9.152],[78.729,9.152],[78.729,9.153],[78.729,9.153],[78.729,9.153],[78.729,9.153],[78.729,9.153],[78.73,9.153],[78.73,9.154],[78.73,9.154],[78.73,9.155],[78.73,9.155],[78.73,9.156],[78.73,9.156],[78.73,9.156],[78.731,9.156]]],[[[78.828,9.171],[78.828,9.171],[78.828,9.171],[78.828,9.17],[78.829,9.17],[78.829,9.169],[78.829,9.169],[78.829,9.167],[78.829,9.167],[78.829,9.166],[78.828,9.166],[78.828,9.165],[78.828,9.165],[78.828,9.165],[78.828,9.165],[78.828,9.165],[78.825,9.165],[78.825,9.165],[78.825,9.165],[78.825,9.164],[78.824,9.164],[78.824,9.164],[78.824,9.164],[78.824,9.164],[78.823,9.164],[78.823,9.163],[78.822,9.163],[78.822,9.161],[78.821,9.161],[78.821,9.161],[78.821,9.161],[78.821,9.16],[78.821,9.16],[78.821,9.16],[78.82,9.16],[78.82,9.158],[78.82,9.158],[78.82,9.158],[78.819,9.158],[78.819,9.158],[78.815,9.158],[78.815,9.159],[78.817,9.159],[78.817,9.159],[78.817,9.159],[78.817,9.159],[78.818,9.159],[78.818,9.16],[78.818,9.16],[78.818,9.16],[78.818,9.16],[78.818,9.16],[78.818,9.16],[78.818,9.161],[78.819,9.161],[78.819,9.162],[78.819,9.162],[78.819,9.162],[78.819,9.162],[78.819,9.162],[78.82,9.162],[78.82,9.163],[78.82,9.163],[78.82,9.163],[78.82,9.163],[78.82,9.163],[78.82,9.163],[78.82,9.163],[78.821,9.163],[78.821,9.164],[78.821,9.164],[78.821,9.164],[78.822,9.164],[78.822,9.164],[78.823,9.164],[78.823,9.165],[78.823,9.165],[78.823,9.165],[78.823,9.165],[78.823,9.165],[78.824,9.165],[78.824,9.165],[78.825,9.165],[78.825,9.166],[78.825,9.166],[78.825,9.166],[78.825,9.166],[78.825,9.166],[78.825,9.166],[78.825,9.167],[78.826,9.167],[78.826,9.167],[78.826,9.167],[78.826,9.168],[78.826,9.168],[78.826,9.168],[78.827,9.168],[78.827,9.169],[78.827,9.169],[78.827,9.17],[78.827,9.17],[78.827,9.171],[78.827,9.171],[78.827,9.171],[78.828,9.171]]],[[[78.941,9.185],[78.901,9.178],[78.942,9.185],[78.941,9.185]]],[[[78.968,9.189],[78.968,9.189],[78.968,9.189],[78.968,9.188],[78.968,9.188],[78.968,9.188],[78.969,9.188],[78.969,9.187],[78.969,9.187],[78.969,9.187],[78.97,9.187],[78.97,9.187],[78.97,9.187],[78.97,9.186],[78.971,9.186],[78.971,9.186],[78.971,9.186],[78.971,9.186],[78.97,9.186],[78.97,9.185],[78.97,9.185],[78.97,9.185],[78.97,9.185],[78.97,9.185],[78.969,9.185],[78.969,9.185],[78.969,9.185],[78.969,9.184],[78.968,9.184],[78.968,9.184],[78.967,9.184],[78.967,9.185],[78.967,9.185],[78.967,9.186],[78.967,9.186],[78.967,9.187],[78.967,9.187],[78.967,9.187],[78.966,9.187],[78.966,9.187],[78.966,9.187],[78.966,9.188],[78.966,9.188],[78.966,9.188],[78.965,9.188],[78.965,9.189],[78.966,9.189],[78.966,9.189],[78.967,9.189],[78.967,9.189],[78.968,9.189]]],[[[79.07,9.208],[79.07,9.207],[79.07,9.207],[79.07,9.207],[79.07,9.207],[79.07,9.207],[79.069,9.207],[79.069,9.206],[79.069,9.206],[79.069,9.206],[79.069,9.206],[79.069,9.205],[79.07,9.205],[79.07,9.205],[79.07,9.205],[79.07,9.205],[79.07,9.205],[79.07,9.205],[79.071,9.205],[79.071,9.204],[79.071,9.204],[79.071,9.203],[79.072,9.203],[79.072,9.202],[79.073,9.202],[79.073,9.202],[79.073,9.202],[79.073,9.202],[79.074,9.202],[79.074,9.202],[79.074,9.202],[79.074,9.201],[79.075,9.201],[79.075,9.201],[79.075,9.201],[79.075,9.201],[79.075,9.201],[79.075,9.2],[79.076,9.2],[79.076,9.2],[79.077,9.2],[79.077,9.2],[79.08,9.2],[79.08,9.2],[79.081,9.2],[79.081,9.201],[79.082,9.201],[79.082,9.2],[79.082,9.2],[79.082,9.2],[79.082,9.2],[79.082,9.2],[79.083,9.2],[79.083,9.199],[79.083,9.199],[79.083,9.198],[79.083,9.198],[79.083,9.198],[79.084,9.198],[79.084,9.198],[79.085,9.198],[79.085,9.198],[79.085,9.198],[79.085,9.197],[79.086,9.197],[79.086,9.197],[79.087,9.197],[79.087,9.197],[79.087,9.197],[79.087,9.196],[79.087,9.196],[79.087,9.196],[79.087,9.196],[79.087,9.195],[79.087,9.195],[79.087,9.195],[79.086,9.195],[79.086,9.194],[79.086,9.194],[79.086,9.194],[79.087,9.194],[79.087,9.194],[79.087,9.194],[79.087,9.195],[79.088,9.195],[79.088,9.195],[79.088,9.195],[79.088,9.196],[79.088,9.196],[79.088,9.197],[79.088,9.197],[79.088,9.198],[79.089,9.198],[79.089,9.198],[79.089,9.198],[79.089,9.199],[79.089,9.199],[79.089,9.2],[79.09,9.2],[79.09,9.2],[79.091,9.2],[79.091,9.2],[79.091,9.2],[79.091,9.199],[79.092,9.199],[79.092,9.196],[79.091,9.196],[79.091,9.196],[79.091,9.196],[79.091,9.195],[79.091,9.195],[79.091,9.195],[79.09,9.195],[79.09,9.195],[79.09,9.195],[79.09,9.194],[79.09,9.194],[79.09,9.194],[79.089,9.194],[79.089,9.193],[79.089,9.193],[79.089,9.193],[79.088,9.193],[79.088,9.193],[79.088,9.193],[79.088,9.192],[79.088,9.192],[79.088,9.192],[79.087,9.192],[79.087,9.192],[79.085,9.192],[79.085,9.192],[79.085,9.192],[79.085,9.192],[79.084,9.192],[79.084,9.193],[79.084,9.193],[79.084,9.193],[79.083,9.193],[79.083,9.193],[79.083,9.193],[79.083,9.193],[79.083,9.193],[79.083,9.194],[79.082,9.194],[79.082,9.194],[79.082,9.194],[79.082,9.195],[79.082,9.195],[79.082,9.195],[79.081,9.195],[79.081,9.195],[79.081,9.195],[79.081,9.195],[79.08,9.195],[79.08,9.196],[79.08,9.196],[79.08,9.196],[79.079,9.196],[79.079,9.196],[79.078,9.196],[79.078,9.197],[79.078,9.197],[79.078,9.197],[79.077,9.197],[79.077,9.197],[79.076,9.197],[79.076,9.197],[79.076,9.197],[79.076,9.198],[79.075,9.198],[79.075,9.198],[79.074,9.198],[79.074,9.198],[79.073,9.198],[79.073,9.198],[79.073,9.198],[79.073,9.199],[79.072,9.199],[79.072,9.199],[79.071,9.199],[79.071,9.199],[79.069,9.199],[79.069,9.2],[79.068,9.2],[79.068,9.2],[79.065,9.2],[79.065,9.2],[79.065,9.2],[79.065,9.2],[79.064,9.2],[79.064,9.2],[79.064,9.2],[79.064,9.199],[79.063,9.199],[79.063,9.199],[79.063,9.199],[79.063,9.199],[79.063,9.199],[79.063,9.198],[79.062,9.198],[79.062,9.198],[79.062,9.198],[79.062,9.198],[79.062,9.198],[79.062,9.197],[79.061,9.197],[79.061,9.197],[79.061,9.197],[79.061,9.197],[79.06,9.197],[79.06,9.197],[79.059,9.197],[79.059,9.197],[79.058,9.197],[79.058,9.197],[79.058,9.197],[79.058,9.198],[79.058,9.198],[79.058,9.198],[79.059,9.198],[79.059,9.198],[79.059,9.198],[79.059,9.199],[79.059,9.199],[79.059,9.2],[79.06,9.2],[79.06,9.2],[79.06,9.2],[79.06,9.2],[79.06,9.2],[79.06,9.201],[79.06,9.201],[79.06,9.202],[79.06,9.202],[79.06,9.203],[79.061,9.203],[79.061,9.203],[79.061,9.203],[79.061,9.203],[79.062,9.203],[79.062,9.203],[79.062,9.203],[79.062,9.204],[79.062,9.204],[79.062,9.204],[79.062,9.204],[79.062,9.204],[79.063,9.204],[79.063,9.205],[79.063,9.205],[79.063,9.205],[79.063,9.205],[79.063,9.205],[79.063,9.205],[79.063,9.205],[79.064,9.205],[79.064,9.206],[79.065,9.206],[79.065,9.206],[79.065,9.206],[79.065,9.206],[79.065,9.206],[79.065,9.207],[79.066,9.207],[79.066,9.207],[79.066,9.207],[79.066,9.207],[79.067,9.207],[79.067,9.208],[79.067,9.208],[79.067,9.208],[79.069,9.208],[79.069,9.208],[79.07,9.208]]],[[[79.142,9.215],[79.142,9.214],[79.142,9.214],[79.142,9.213],[79.142,9.213],[79.142,9.213],[79.141,9.213],[79.141,9.213],[79.14,9.213],[79.14,9.213],[79.14,9.213],[79.14,9.212],[79.14,9.212],[79.14,9.212],[79.139,9.212],[79.139,9.212],[79.138,9.212],[79.138,9.214],[79.139,9.214],[79.139,9.214],[79.139,9.214],[79.139,9.214],[79.14,9.214],[79.14,9.215],[79.141,9.215],[79.141,9.215],[79.142,9.215]]],[[[79.126,9.218],[79.126,9.218],[79.128,9.218],[79.128,9.217],[79.129,9.217],[79.129,9.217],[79.129,9.217],[79.129,9.217],[79.13,9.217],[79.13,9.217],[79.135,9.217],[79.135,9.216],[79.135,9.216],[79.135,9.216],[79.135,9.216],[79.135,9.216],[79.136,9.216],[79.136,9.215],[79.136,9.215],[79.136,9.215],[79.135,9.215],[79.135,9.215],[79.134,9.215],[79.134,9.214],[79.134,9.214],[79.134,9.214],[79.132,9.214],[79.132,9.214],[79.132,9.214],[79.132,9.213],[79.131,9.213],[79.131,9.213],[79.13,9.213],[79.13,9.213],[79.13,9.213],[79.13,9.213],[79.128,9.213],[79.128,9.213],[79.128,9.213],[79.128,9.214],[79.126,9.214],[79.126,9.214],[79.126,9.214],[79.126,9.214],[79.125,9.214],[79.125,9.215],[79.124,9.215],[79.124,9.215],[79.123,9.215],[79.123,9.215],[79.122,9.215],[79.122,9.215],[79.121,9.215],[79.121,9.216],[79.121,9.216],[79.121,9.216],[79.122,9.216],[79.122,9.217],[79.123,9.217],[79.123,9.216],[79.124,9.216],[79.124,9.217],[79.124,9.217],[79.124,9.217],[79.124,9.217],[79.124,9.218],[79.126,9.218]]],[[[79.232,9.245],[79.232,9.244],[79.233,9.244],[79.233,9.244],[79.233,9.244],[79.233,9.244],[79.234,9.244],[79.234,9.243],[79.236,9.243],[79.236,9.243],[79.237,9.243],[79.237,9.243],[79.237,9.243],[79.237,9.244],[79.237,9.244],[79.237,9.244],[79.237,9.244],[79.237,9.244],[79.238,9.244],[79.238,9.244],[79.238,9.244],[79.238,9.243],[79.239,9.243],[79.239,9.242],[79.239,9.242],[79.239,9.241],[79.239,9.241],[79.239,9.241],[79.238,9.241],[79.238,9.24],[79.237,9.24],[79.237,9.24],[79.237,9.24],[79.237,9.24],[79.236,9.24],[79.236,9.24],[79.235,9.24],[79.235,9.24],[79.234,9.24],[79.234,9.241],[79.234,9.241],[79.234,9.241],[79.234,9.241],[79.234,9.241],[79.233,9.241],[79.233,9.242],[79.233,9.242],[79.233,9.242],[79.233,9.242],[79.233,9.242],[79.233,9.242],[79.233,9.243],[79.232,9.243],[79.232,9.243],[79.232,9.243],[79.232,9.243],[79.232,9.243],[79.232,9.243],[79.232,9.243],[79.232,9.244],[79.231,9.244],[79.231,9.244],[79.232,9.244],[79.232,9.245],[79.232,9.245]]],[[[79.184,9.249],[79.184,9.249],[79.184,9.249],[79.184,9.248],[79.185,9.248],[79.185,9.246],[79.184,9.246],[79.184,9.247],[79.182,9.247],[79.182,9.246],[79.182,9.246],[79.182,9.245],[79.181,9.245],[79.181,9.245],[79.181,9.245],[79.181,9.244],[79.181,9.244],[79.181,9.244],[79.181,9.244],[79.181,9.244],[79.182,9.244],[79.182,9.244],[79.182,9.244],[79.182,9.244],[79.183,9.244],[79.183,9.243],[79.183,9.243],[79.183,9.243],[79.183,9.243],[79.183,9.242],[79.183,9.242],[79.183,9.242],[79.183,9.242],[79.183,9.242],[79.183,9.242],[79.183,9.242],[79.186,9.242],[79.186,9.242],[79.186,9.242],[79.186,9.242],[79.187,9.242],[79.187,9.242],[79.188,9.242],[79.188,9.241],[79.188,9.241],[79.188,9.241],[79.188,9.241],[79.188,9.241],[79.19,9.241],[79.19,9.24],[79.19,9.24],[79.19,9.24],[79.19,9.24],[79.19,9.24],[79.19,9.24],[79.19,9.239],[79.19,9.239],[79.19,9.238],[79.19,9.238],[79.19,9.238],[79.19,9.238],[79.19,9.238],[79.191,9.238],[79.191,9.237],[79.194,9.237],[79.194,9.236],[79.195,9.236],[79.195,9.236],[79.195,9.236],[79.195,9.236],[79.196,9.236],[79.196,9.235],[79.196,9.235],[79.196,9.235],[79.197,9.235],[79.197,9.235],[79.198,9.235],[79.198,9.234],[79.198,9.234],[79.198,9.233],[79.198,9.233],[79.198,9.234],[79.199,9.234],[79.199,9.235],[79.2,9.235],[79.2,9.235],[79.199,9.235],[79.199,9.237],[79.2,9.237],[79.2,9.238],[79.2,9.238],[79.2,9.238],[79.2,9.238],[79.2,9.239],[79.2,9.239],[79.2,9.239],[79.201,9.239],[79.201,9.24],[79.2,9.24],[79.2,9.24],[79.201,9.24],[79.201,9.241],[79.201,9.241],[79.201,9.24],[79.202,9.24],[79.202,9.24],[79.202,9.24],[79.202,9.238],[79.202,9.238],[79.202,9.238],[79.201,9.238],[79.201,9.237],[79.201,9.237],[79.201,9.236],[79.201,9.236],[79.201,9.235],[79.202,9.235],[79.202,9.234],[79.201,9.234],[79.201,9.234],[79.201,9.234],[79.201,9.233],[79.2,9.233],[79.2,9.233],[79.2,9.233],[79.2,9.233],[79.2,9.233],[79.2,9.233],[79.2,9.233],[79.2,9.232],[79.198,9.232],[79.198,9.233],[79.197,9.233],[79.197,9.233],[79.197,9.233],[79.196,9.233],[79.196,9.233],[79.196,9.233],[79.196,9.233],[79.195,9.233],[79.195,9.234],[79.195,9.234],[79.195,9.234],[79.194,9.234],[79.194,9.234],[79.193,9.234],[79.193,9.235],[79.192,9.235],[79.192,9.235],[79.192,9.235],[79.192,9.235],[79.192,9.235],[79.192,9.235],[79.191,9.235],[79.191,9.236],[79.19,9.236],[79.19,9.236],[79.19,9.236],[79.19,9.237],[79.189,9.237],[79.189,9.237],[79.188,9.237],[79.188,9.237],[79.187,9.237],[79.187,9.237],[79.187,9.237],[79.187,9.238],[79.187,9.238],[79.187,9.238],[79.186,9.238],[79.186,9.238],[79.186,9.238],[79.186,9.239],[79.184,9.239],[79.184,9.239],[79.183,9.239],[79.183,9.239],[79.182,9.239],[79.182,9.24],[79.182,9.24],[79.182,9.24],[79.182,9.24],[79.182,9.24],[79.181,9.24],[79.181,9.24],[79.181,9.24],[79.181,9.241],[79.18,9.241],[79.18,9.241],[79.18,9.241],[79.18,9.242],[79.18,9.242],[79.18,9.242],[79.18,9.242],[79.18,9.243],[79.179,9.243],[79.179,9.243],[79.179,9.243],[79.179,9.243],[79.179,9.243],[79.179,9.244],[79.179,9.244],[79.179,9.245],[79.179,9.245],[79.179,9.247],[79.18,9.247],[79.18,9.247],[79.18,9.247],[79.18,9.248],[79.18,9.248],[79.18,9.248],[79.18,9.248],[79.18,9.248],[79.182,9.248],[79.182,9.249],[79.182,9.249],[79.182,9.249],[79.184,9.249]]],[[[79.219,9.251],[79.219,9.251],[79.219,9.251],[79.219,9.25],[79.22,9.25],[79.22,9.25],[79.22,9.25],[79.22,9.25],[79.22,9.25],[79.22,9.249],[79.22,9.249],[79.22,9.249],[79.221,9.249],[79.221,9.249],[79.222,9.249],[79.222,9.248],[79.222,9.248],[79.222,9.248],[79.222,9.248],[79.222,9.248],[79.222,9.248],[79.222,9.247],[79.222,9.247],[79.222,9.247],[79.22,9.247],[79.22,9.247],[79.219,9.247],[79.219,9.247],[79.218,9.247],[79.218,9.247],[79.217,9.247],[79.217,9.247],[79.216,9.247],[79.216,9.247],[79.216,9.247],[79.215,9.247],[79.214,9.247],[79.214,9.246],[79.214,9.246],[79.214,9.246],[79.213,9.246],[79.213,9.246],[79.212,9.246],[79.212,9.246],[79.212,9.246],[79.212,9.245],[79.211,9.245],[79.211,9.245],[79.21,9.245],[79.21,9.245],[79.21,9.245],[79.21,9.245],[79.21,9.245],[79.21,9.244],[79.209,9.244],[79.209,9.244],[79.208,9.244],[79.208,9.244],[79.207,9.244],[79.207,9.243],[79.207,9.243],[79.207,9.243],[79.207,9.243],[79.207,9.243],[79.206,9.243],[79.206,9.243],[79.206,9.243],[79.206,9.242],[79.205,9.242],[79.205,9.242],[79.205,9.242],[79.205,9.242],[79.203,9.242],[79.203,9.242],[79.203,9.242],[79.203,9.241],[79.201,9.241],[79.201,9.242],[79.201,9.242],[79.201,9.243],[79.202,9.243],[79.202,9.244],[79.202,9.244],[79.202,9.244],[79.202,9.244],[79.202,9.245],[79.203,9.245],[79.203,9.245],[79.203,9.245],[79.203,9.246],[79.203,9.246],[79.203,9.246],[79.206,9.246],[79.206,9.247],[79.208,9.247],[79.208,9.248],[79.208,9.248],[79.208,9.249],[79.208,9.249],[79.208,9.25],[79.211,9.25],[79.211,9.25],[79.213,9.25],[79.213,9.25],[79.214,9.25],[79.214,9.25],[79.215,9.25],[79.215,9.251],[79.215,9.251],[79.215,9.251],[79.219,9.251]]],[[[79.312,9.328],[79.322,9.29],[79.336,9.252],[79.366,9.226],[79.398,9.202],[79.428,9.175],[79.392,9.192],[79.358,9.214],[79.324,9.235],[79.287,9.251],[79.246,9.26],[79.208,9.274],[79.246,9.292],[79.281,9.313],[79.312,9.328]]],[[[79.529,9.384],[79.529,9.384],[79.529,9.384],[79.529,9.384]]],[[[79.53,9.386],[79.53,9.386],[79.53,9.386],[79.53,9.386]]],[[[79.53,9.386],[79.53,9.386],[79.53,9.386],[79.53,9.387],[79.53,9.387],[79.53,9.387],[79.53,9.387],[79.53,9.386],[79.53,9.386]]],[[[79.53,9.389],[79.53,9.389],[79.53,9.388],[79.53,9.389],[79.53,9.389]]],[[[79.53,9.389],[79.53,9.389],[79.53,9.389],[79.53,9.389],[79.53,9.389]]],[[[79.529,9.389],[79.53,9.389],[79.53,9.389],[79.529,9.389]]],[[[79.529,9.389],[79.529,9.39],[79.529,9.39],[79.529,9.39],[79.529,9.389]]],[[[79.529,9.39],[79.528,9.39],[79.529,9.39],[79.529,9.39]]],[[[79.707,10.288],[79.707,10.288],[79.707,10.288],[79.707,10.288],[79.707,10.288],[79.707,10.287],[79.708,10.287],[79.708,10.287],[79.708,10.287],[79.708,10.286],[79.708,10.286],[79.708,10.286],[79.707,10.286],[79.707,10.285],[79.707,10.285],[79.707,10.285],[79.705,10.285],[79.705,10.285],[79.705,10.285],[79.705,10.286],[79.705,10.286],[79.705,10.286],[79.704,10.286],[79.704,10.286],[79.704,10.286],[79.704,10.287],[79.703,10.287],[79.703,10.287],[79.703,10.287],[79.703,10.287],[79.702,10.287],[79.702,10.287],[79.703,10.287],[79.703,10.288],[79.703,10.288],[79.703,10.288],[79.707,10.288]]],[[[79.698,10.29],[79.698,10.29],[79.699,10.29],[79.699,10.29],[79.7,10.29],[79.7,10.289],[79.701,10.289],[79.701,10.289],[79.701,10.289],[79.701,10.288],[79.698,10.288],[79.698,10.288],[79.698,10.288],[79.698,10.289],[79.697,10.289],[79.697,10.29],[79.698,10.29]]],[[[79.696,10.291],[79.696,10.29],[79.696,10.29],[79.696,10.29],[79.697,10.29],[79.697,10.29],[79.696,10.29],[79.696,10.29],[79.696,10.29],[79.696,10.289],[79.694,10.289],[79.694,10.29],[79.693,10.29],[79.693,10.291],[79.695,10.291],[79.695,10.291],[79.696,10.291]]],[[[79.691,10.298],[79.691,10.298],[79.692,10.298],[79.692,10.297],[79.692,10.297],[79.692,10.297],[79.692,10.297],[79.692,10.297],[79.693,10.297],[79.693,10.297],[79.693,10.297],[79.693,10.296],[79.693,10.295],[79.693,10.295],[79.693,10.295],[79.692,10.295],[79.692,10.294],[79.692,10.294],[79.692,10.294],[79.692,10.294],[79.692,10.293],[79.69,10.293],[79.69,10.294],[79.69,10.294],[79.69,10.294],[79.69,10.294],[79.69,10.294],[79.689,10.294],[79.689,10.295],[79.689,10.295],[79.689,10.295],[79.689,10.295],[79.689,10.296],[79.689,10.296],[79.689,10.296],[79.689,10.296],[79.689,10.296],[79.689,10.297],[79.69,10.297],[79.69,10.297],[79.69,10.297],[79.69,10.297],[79.69,10.297],[79.69,10.298],[79.69,10.298],[79.69,10.298],[79.691,10.298]]],[[[79.686,10.298],[79.686,10.298],[79.686,10.298],[79.686,10.298],[79.687,10.298],[79.687,10.297],[79.687,10.297],[79.687,10.297],[79.687,10.297],[79.687,10.297],[79.687,10.297],[79.686,10.297],[79.686,10.296],[79.686,10.296],[79.686,10.295],[79.685,10.295],[79.685,10.296],[79.684,10.296],[79.684,10.296],[79.684,10.296],[79.684,10.296],[79.684,10.296],[79.684,10.297],[79.683,10.297],[79.683,10.298],[79.683,10.298],[79.685,10.298],[79.685,10.298],[79.686,10.298]]],[[[79.623,10.3],[79.623,10.3],[79.625,10.3],[79.625,10.299],[79.627,10.299],[79.627,10.299],[79.629,10.299],[79.629,10.298],[79.629,10.298],[79.629,10.298],[79.629,10.298],[79.629,10.298],[79.628,10.298],[79.628,10.297],[79.622,10.297],[79.622,10.298],[79.622,10.298],[79.622,10.298],[79.622,10.298],[79.622,10.298],[79.621,10.298],[79.621,10.298],[79.621,10.298],[79.621,10.299],[79.62,10.299],[79.62,10.299],[79.62,10.299],[79.62,10.299],[79.62,10.299],[79.62,10.3],[79.621,10.3],[79.621,10.3],[79.623,10.3]]],[[[79.608,10.303],[79.608,10.302],[79.608,10.302],[79.608,10.302],[79.609,10.302],[79.609,10.301],[79.607,10.301],[79.607,10.301],[79.606,10.301],[79.606,10.301],[79.606,10.302],[79.606,10.302],[79.606,10.302],[79.606,10.302],[79.606,10.303],[79.608,10.303]]],[[[79.619,10.309],[79.619,10.308],[79.62,10.308],[79.62,10.308],[79.621,10.308],[79.621,10.308],[79.621,10.308],[79.621,10.307],[79.621,10.307],[79.621,10.307],[79.621,10.307],[79.621,10.307],[79.62,10.307],[79.62,10.306],[79.619,10.306],[79.619,10.308],[79.619,10.308],[79.619,10.307],[79.618,10.307],[79.618,10.307],[79.618,10.307],[79.618,10.307],[79.618,10.307],[79.618,10.307],[79.616,10.307],[79.616,10.308],[79.616,10.308],[79.616,10.308],[79.617,10.308],[79.617,10.308],[79.617,10.308],[79.617,10.309],[79.619,10.309]]],[[[79.624,10.309],[79.624,10.308],[79.624,10.308],[79.624,10.307],[79.623,10.307],[79.623,10.307],[79.623,10.307],[79.623,10.306],[79.623,10.306],[79.623,10.306],[79.622,10.306],[79.622,10.306],[79.622,10.306],[79.622,10.305],[79.621,10.305],[79.621,10.306],[79.621,10.306],[79.621,10.306],[79.622,10.306],[79.622,10.307],[79.622,10.307],[79.622,10.308],[79.623,10.308],[79.623,10.308],[79.623,10.308],[79.623,10.308],[79.623,10.308],[79.623,10.309],[79.624,10.309]]],[[[79.632,10.309],[79.632,10.308],[79.632,10.308],[79.632,10.307],[79.632,10.307],[79.632,10.307],[79.631,10.307],[79.631,10.307],[79.629,10.307],[79.629,10.307],[79.628,10.307],[79.628,10.308],[79.628,10.308],[79.628,10.308],[79.629,10.308],[79.629,10.309],[79.632,10.309]]],[[[79.7,10.31],[79.7,10.309],[79.7,10.309],[79.7,10.309],[79.701,10.309],[79.701,10.309],[79.702,10.309],[79.702,10.308],[79.702,10.308],[79.702,10.308],[79.702,10.308],[79.702,10.308],[79.703,10.308],[79.703,10.308],[79.703,10.308],[79.703,10.307],[79.704,10.307],[79.704,10.307],[79.704,10.307],[79.704,10.307],[79.705,10.307],[79.705,10.307],[79.705,10.307],[79.705,10.307],[79.707,10.307],[79.707,10.307],[79.709,10.307],[79.709,10.307],[79.71,10.307],[79.71,10.308],[79.711,10.308],[79.711,10.307],[79.71,10.307],[79.71,10.307],[79.71,10.307],[79.71,10.307],[79.71,10.307],[79.71,10.306],[79.71,10.306],[79.71,10.305],[79.709,10.305],[79.709,10.305],[79.709,10.305],[79.709,10.305],[79.708,10.305],[79.708,10.305],[79.708,10.305],[79.708,10.304],[79.708,10.304],[79.708,10.304],[79.707,10.304],[79.707,10.304],[79.704,10.304],[79.704,10.305],[79.703,10.305],[79.703,10.305],[79.703,10.305],[79.703,10.306],[79.703,10.306],[79.703,10.306],[79.702,10.306],[79.702,10.307],[79.702,10.307],[79.702,10.307],[79.701,10.307],[79.701,10.307],[79.701,10.307],[79.701,10.307],[79.7,10.307],[79.7,10.308],[79.7,10.308],[79.7,10.308],[79.7,10.308],[79.7,10.308],[79.699,10.308],[79.699,10.31],[79.7,10.31]]],[[[79.677,10.31],[79.677,10.31],[79.678,10.31],[79.678,10.309],[79.678,10.309],[79.678,10.309],[79.679,10.309],[79.679,10.309],[79.682,10.309],[79.682,10.308],[79.682,10.308],[79.682,10.308],[79.683,10.308],[79.683,10.308],[79.683,10.308],[79.683,10.308],[79.683,10.308],[79.683,10.307],[79.683,10.307],[79.683,10.307],[79.683,10.307],[79.683,10.306],[79.683,10.306],[79.683,10.305],[79.681,10.305],[79.681,10.305],[79.679,10.305],[79.679,10.305],[79.677,10.305],[79.677,10.305],[79.673,10.305],[79.673,10.305],[79.672,10.305],[79.672,10.306],[79.672,10.306],[79.672,10.306],[79.671,10.306],[79.671,10.306],[79.67,10.306],[79.67,10.307],[79.67,10.307],[79.67,10.307],[79.67,10.307],[79.67,10.307],[79.672,10.307],[79.672,10.308],[79.673,10.308],[79.673,10.308],[79.673,10.308],[79.673,10.308],[79.674,10.308],[79.674,10.308],[79.674,10.308],[79.674,10.309],[79.675,10.309],[79.675,10.309],[79.675,10.309],[79.675,10.309],[79.675,10.309],[79.675,10.31],[79.676,10.31],[79.676,10.31],[79.677,10.31]]],[[[79.69,10.31],[79.69,10.31],[79.69,10.31],[79.69,10.31],[79.691,10.31],[79.691,10.309],[79.691,10.309],[79.691,10.309],[79.692,10.309],[79.692,10.308],[79.692,10.308],[79.692,10.308],[79.692,10.308],[79.692,10.308],[79.693,10.308],[79.693,10.308],[79.693,10.308],[79.693,10.308],[79.694,10.308],[79.694,10.308],[79.694,10.308],[79.694,10.308],[79.694,10.308],[79.694,10.307],[79.693,10.307],[79.693,10.307],[79.693,10.307],[79.693,10.306],[79.693,10.306],[79.693,10.306],[79.693,10.305],[79.693,10.305],[79.693,10.305],[79.692,10.305],[79.692,10.304],[79.692,10.304],[79.692,10.305],[79.691,10.305],[79.691,10.305],[79.691,10.305],[79.691,10.305],[79.69,10.305],[79.69,10.305],[79.69,10.305],[79.69,10.306],[79.69,10.306],[79.69,10.306],[79.69,10.306],[79.69,10.307],[79.689,10.307],[79.689,10.308],[79.689,10.309],[79.689,10.309],[79.689,10.309],[79.689,10.309],[79.689,10.31],[79.69,10.31]]],[[[79.609,10.311],[79.609,10.311],[79.609,10.311],[79.609,10.311],[79.61,10.311],[79.61,10.31],[79.61,10.31],[79.61,10.309],[79.609,10.309],[79.609,10.309],[79.609,10.309],[79.609,10.309],[79.608,10.309],[79.608,10.308],[79.608,10.308],[79.608,10.308],[79.608,10.308],[79.608,10.308],[79.608,10.308],[79.608,10.308],[79.607,10.308],[79.607,10.307],[79.607,10.307],[79.607,10.307],[79.607,10.307],[79.607,10.307],[79.607,10.307],[79.607,10.307],[79.606,10.307],[79.606,10.306],[79.605,10.306],[79.605,10.307],[79.605,10.307],[79.605,10.308],[79.605,10.308],[79.605,10.309],[79.605,10.309],[79.605,10.31],[79.606,10.31],[79.606,10.31],[79.606,10.31],[79.606,10.311],[79.607,10.311],[79.607,10.311],[79.608,10.311],[79.608,10.311],[79.609,10.311]]],[[[79.696,10.321],[79.696,10.321],[79.697,10.321],[79.697,10.321],[79.697,10.321],[79.697,10.32],[79.697,10.32],[79.697,10.32],[79.698,10.32],[79.698,10.32],[79.698,10.32],[79.698,10.32],[79.699,10.32],[79.699,10.319],[79.699,10.319],[79.699,10.319],[79.7,10.319],[79.7,10.319],[79.7,10.319],[79.7,10.318],[79.701,10.318],[79.701,10.318],[79.701,10.318],[79.701,10.318],[79.701,10.318],[79.701,10.317],[79.702,10.317],[79.702,10.317],[79.702,10.317],[79.702,10.317],[79.702,10.317],[79.702,10.316],[79.702,10.316],[79.702,10.316],[79.703,10.316],[79.703,10.316],[79.708,10.316],[79.708,10.316],[79.71,10.316],[79.71,10.316],[79.712,10.316],[79.712,10.316],[79.713,10.316],[79.713,10.316],[79.713,10.316],[79.713,10.315],[79.714,10.315],[79.714,10.315],[79.717,10.315],[79.717,10.314],[79.716,10.314],[79.716,10.313],[79.716,10.313],[79.716,10.312],[79.716,10.312],[79.716,10.311],[79.715,10.311],[79.715,10.311],[79.715,10.311],[79.715,10.311],[79.714,10.311],[79.714,10.311],[79.714,10.311],[79.713,10.311],[79.713,10.312],[79.713,10.312],[79.713,10.312],[79.713,10.312],[79.713,10.312],[79.713,10.313],[79.712,10.313],[79.712,10.314],[79.712,10.314],[79.712,10.314],[79.711,10.314],[79.711,10.315],[79.711,10.315],[79.711,10.314],[79.711,10.314],[79.711,10.314],[79.711,10.313],[79.71,10.313],[79.71,10.313],[79.71,10.313],[79.71,10.313],[79.71,10.313],[79.71,10.313],[79.709,10.313],[79.709,10.313],[79.709,10.313],[79.709,10.314],[79.708,10.314],[79.708,10.314],[79.707,10.314],[79.707,10.314],[79.707,10.313],[79.707,10.313],[79.707,10.313],[79.707,10.313],[79.707,10.313],[79.707,10.313],[79.703,10.313],[79.703,10.313],[79.702,10.313],[79.702,10.312],[79.701,10.312],[79.701,10.312],[79.697,10.312],[79.697,10.312],[79.697,10.312],[79.697,10.313],[79.697,10.313],[79.697,10.313],[79.696,10.313],[79.696,10.313],[79.696,10.313],[79.696,10.313],[79.695,10.313],[79.695,10.314],[79.693,10.314],[79.693,10.314],[79.693,10.314],[79.693,10.314],[79.692,10.314],[79.692,10.315],[79.692,10.315],[79.692,10.315],[79.691,10.315],[79.691,10.315],[79.691,10.315],[79.691,10.315],[79.69,10.315],[79.69,10.316],[79.69,10.316],[79.69,10.316],[79.69,10.317],[79.69,10.317],[79.69,10.317],[79.69,10.317],[79.69,10.317],[79.689,10.317],[79.689,10.318],[79.689,10.318],[79.689,10.318],[79.689,10.318],[79.689,10.319],[79.691,10.319],[79.691,10.319],[79.693,10.319],[79.693,10.319],[79.693,10.319],[79.693,10.32],[79.693,10.32],[79.693,10.32],[79.694,10.32],[79.694,10.32],[79.694,10.32],[79.694,10.32],[79.695,10.32],[79.695,10.321],[79.695,10.321],[79.695,10.321],[79.695,10.321],[79.695,10.321],[79.696,10.321]]],[[[79.632,10.333],[79.632,10.333],[79.632,10.333],[79.632,10.333],[79.633,10.333],[79.633,10.332],[79.634,10.332],[79.634,10.332],[79.633,10.332],[79.633,10.331],[79.633,10.331],[79.633,10.33],[79.633,10.33],[79.633,10.33],[79.633,10.33],[79.633,10.33],[79.632,10.33],[79.632,10.329],[79.632,10.329],[79.632,10.329],[79.632,10.329],[79.632,10.328],[79.632,10.328],[79.632,10.328],[79.631,10.328],[79.631,10.327],[79.631,10.327],[79.631,10.327],[79.629,10.327],[79.629,10.327],[79.629,10.327],[79.629,10.327],[79.629,10.327],[79.629,10.326],[79.628,10.326],[79.628,10.326],[79.628,10.326],[79.628,10.326],[79.627,10.326],[79.627,10.327],[79.628,10.327],[79.628,10.327],[79.628,10.327],[79.628,10.328],[79.628,10.328],[79.628,10.328],[79.627,10.328],[79.627,10.328],[79.628,10.328],[79.628,10.329],[79.628,10.329],[79.628,10.33],[79.628,10.33],[79.628,10.331],[79.629,10.331],[79.629,10.33],[79.63,10.33],[79.63,10.331],[79.63,10.331],[79.63,10.331],[79.63,10.331],[79.63,10.331],[79.631,10.331],[79.631,10.332],[79.631,10.332],[79.631,10.332],[79.631,10.332],[79.631,10.333],[79.632,10.333],[79.632,10.333],[79.632,10.333]]],[[[79.626,10.344],[79.626,10.343],[79.627,10.343],[79.627,10.343],[79.627,10.343],[79.627,10.343],[79.628,10.343],[79.628,10.343],[79.628,10.343],[79.628,10.342],[79.628,10.342],[79.628,10.342],[79.629,10.342],[79.629,10.341],[79.628,10.341],[79.628,10.34],[79.628,10.34],[79.628,10.339],[79.628,10.339],[79.628,10.338],[79.629,10.338],[79.629,10.338],[79.629,10.338],[79.629,10.337],[79.629,10.337],[79.629,10.337],[79.628,10.337],[79.628,10.337],[79.627,10.337],[79.627,10.337],[79.627,10.337],[79.627,10.338],[79.626,10.338],[79.626,10.338],[79.626,10.338],[79.626,10.338],[79.625,10.338],[79.625,10.339],[79.625,10.339],[79.625,10.341],[79.625,10.341],[79.625,10.341],[79.625,10.341],[79.625,10.342],[79.625,10.342],[79.625,10.343],[79.625,10.343],[79.625,10.343],[79.625,10.343],[79.625,10.344],[79.626,10.344]]],[[[79.839,11.237],[79.839,11.236],[79.84,11.236],[79.84,11.236],[79.84,11.236],[79.84,11.236],[79.84,11.236],[79.84,11.235],[79.842,11.235],[79.842,11.235],[79.842,11.235],[79.842,11.234],[79.842,11.234],[79.842,11.234],[79.842,11.234],[79.842,11.234],[79.842,11.234],[79.842,11.233],[79.841,11.233],[79.841,11.233],[79.839,11.233],[79.839,11.233],[79.838,11.233],[79.838,11.233],[79.837,11.233],[79.837,11.235],[79.837,11.235],[79.837,11.235],[79.837,11.235],[79.837,11.236],[79.838,11.236],[79.838,11.236],[79.838,11.236],[79.838,11.236],[79.839,11.236],[79.839,11.237],[79.839,11.237]]],[[[79.827,11.237],[79.827,11.237],[79.828,11.237],[79.828,11.237],[79.828,11.237],[79.828,11.236],[79.828,11.236],[79.828,11.236],[79.828,11.236],[79.828,11.236],[79.827,11.236],[79.827,11.236],[79.827,11.236],[79.827,11.236],[79.826,11.236],[79.826,11.235],[79.825,11.235],[79.825,11.235],[79.825,11.235],[79.825,11.235],[79.824,11.235],[79.824,11.235],[79.824,11.235],[79.824,11.236],[79.824,11.236],[79.824,11.236],[79.824,11.236],[79.824,11.237],[79.825,11.237],[79.825,11.237],[79.826,11.237],[79.826,11.237],[79.827,11.237]]],[[[79.991,12.251],[79.991,12.251],[79.992,12.251],[79.992,12.251],[79.992,12.251],[79.992,12.25],[79.992,12.25],[79.992,12.25],[79.991,12.25],[79.991,12.249],[79.991,12.249],[79.991,12.249],[79.991,12.249],[79.991,12.249],[79.99,12.249],[79.99,12.248],[79.99,12.248],[79.99,12.248],[79.989,12.248],[79.989,12.248],[79.989,12.248],[79.989,12.248],[79.989,12.248],[79.989,12.247],[79.988,12.247],[79.988,12.247],[79.988,12.247],[79.988,12.247],[79.987,12.247],[79.987,12.246],[79.987,12.246],[79.987,12.246],[79.987,12.246],[79.987,12.246],[79.987,12.246],[79.987,12.245],[79.986,12.245],[79.986,12.245],[79.985,12.245],[79.985,12.245],[79.985,12.245],[79.985,12.246],[79.986,12.246],[79.986,12.247],[79.986,12.247],[79.986,12.247],[79.986,12.247],[79.986,12.248],[79.987,12.248],[79.987,12.248],[79.987,12.248],[79.987,12.249],[79.987,12.249],[79.987,12.25],[79.987,12.25],[79.987,12.25],[79.988,12.25],[79.988,12.25],[79.988,12.25],[79.988,12.251],[79.989,12.251],[79.989,12.251],[79.991,12.251]]],[[[80.323,13.438],[80.323,13.438],[80.323,13.438],[80.323,13.438],[80.324,13.438],[80.324,13.437],[80.324,13.437],[80.324,13.437],[80.325,13.437],[80.325,13.437],[80.325,13.437],[80.325,13.436],[80.325,13.436],[80.325,13.435],[80.325,13.435],[80.325,13.434],[80.323,13.434],[80.323,13.434],[80.323,13.434],[80.323,13.434],[80.322,13.434],[80.322,13.435],[80.322,13.435],[80.322,13.435],[80.321,13.435],[80.321,13.437],[80.322,13.437],[80.322,13.438],[80.322,13.438],[80.322,13.438],[80.323,13.438]]],[[[80.076,13.527],[80.121,13.502],[80.154,13.479],[80.204,13.478],[80.244,13.468],[80.265,13.428],[80.276,13.389],[80.312,13.369],[80.312,13.418],[80.33,13.38],[80.323,13.42],[80.334,13.381],[80.343,13.342],[80.346,13.302],[80.338,13.262],[80.315,13.229],[80.318,13.186],[80.303,13.149],[80.305,13.108],[80.29,13.07],[80.28,13.03],[80.271,12.991],[80.262,12.951],[80.256,12.911],[80.251,12.871],[80.248,12.827],[80.234,12.789],[80.245,12.75],[80.231,12.712],[80.217,12.674],[80.203,12.637],[80.191,12.598],[80.179,12.56],[80.165,12.522],[80.158,12.482],[80.143,12.444],[80.12,12.411],[80.095,12.38],[80.069,12.35],[80.028,12.347],[80.038,12.308],[80.017,12.275],[79.985,12.25],[79.953,12.226],[79.989,12.245],[79.978,12.206],[79.955,12.172],[79.933,12.139],[79.912,12.105],[79.89,12.071],[79.871,12.035],[79.855,11.999],[79.842,11.96],[79.8,11.964],[79.765,11.939],[79.741,11.907],[79.734,11.947],[79.75,11.986],[79.71,11.976],[79.692,12.017],[79.652,11.998],[79.687,11.974],[79.684,11.927],[79.725,11.892],[79.683,11.905],[79.659,11.872],[79.698,11.852],[79.738,11.835],[79.778,11.839],[79.799,11.803],[79.793,11.763],[79.783,11.724],[79.774,11.684],[79.765,11.644],[79.759,11.603],[79.757,11.563],[79.767,11.524],[79.783,11.488],[79.803,11.453],[79.815,11.415],[79.823,11.375],[79.838,11.337],[79.838,11.297],[79.844,11.256],[79.811,11.234],[79.85,11.223],[79.855,11.182],[79.858,11.141],[79.858,11.094],[79.857,11.048],[79.856,11.004],[79.814,10.987],[79.777,10.968],[79.737,10.989],[79.746,10.949],[79.704,10.952],[79.721,10.911],[79.754,10.887],[79.792,10.87],[79.806,10.828],[79.843,10.812],[79.852,10.769],[79.852,10.726],[79.853,10.685],[79.854,10.642],[79.856,10.601],[79.859,10.56],[79.861,10.514],[79.863,10.468],[79.865,10.428],[79.869,10.387],[79.876,10.347],[79.884,10.306],[79.853,10.281],[79.81,10.274],[79.767,10.273],[79.761,10.313],[79.722,10.318],[79.682,10.323],[79.639,10.319],[79.628,10.358],[79.614,10.32],[79.575,10.309],[79.616,10.299],[79.656,10.292],[79.697,10.287],[79.736,10.278],[79.695,10.279],[79.655,10.285],[79.615,10.292],[79.573,10.298],[79.534,10.304],[79.562,10.333],[79.523,10.318],[79.486,10.334],[79.451,10.314],[79.409,10.317],[79.373,10.298],[79.334,10.285],[79.3,10.264],[79.271,10.236],[79.264,10.197],[79.24,10.164],[79.233,10.125],[79.232,10.085],[79.253,10.051],[79.234,10.015],[79.207,9.985],[79.18,9.955],[79.153,9.925],[79.128,9.893],[79.121,9.854],[79.091,9.827],[79.07,9.793],[79.041,9.765],[79.018,9.733],[78.991,9.703],[78.972,9.668],[78.959,9.63],[78.933,9.599],[78.922,9.56],[78.919,9.519],[78.898,9.48],[78.914,9.443],[78.937,9.41],[78.964,9.38],[78.992,9.352],[79.023,9.327],[79.057,9.305],[79.095,9.292],[79.135,9.289],[79.177,9.285],[79.137,9.272],[79.097,9.261],[79.056,9.263],[79.016,9.27],[78.975,9.273],[78.935,9.268],[78.898,9.252],[78.858,9.252],[78.82,9.239],[78.782,9.226],[78.744,9.213],[78.708,9.191],[78.667,9.197],[78.65,9.161],[78.61,9.15],[78.574,9.132],[78.532,9.137],[78.492,9.13],[78.452,9.125],[78.414,9.112],[78.381,9.09],[78.351,9.063],[78.319,9.039],[78.286,9.015],[78.252,8.994],[78.22,8.97],[78.195,8.939],[78.18,8.899],[78.168,8.86],[78.164,8.82],[78.16,8.78],[78.2,8.788],[78.223,8.755],[78.183,8.75],[78.155,8.72],[78.135,8.686],[78.108,8.656],[78.102,8.616],[78.135,8.592],[78.124,8.632],[78.137,8.593],[78.132,8.553],[78.123,8.514],[78.112,8.476],[78.085,8.446],[78.063,8.412],[78.067,8.371],[78.028,8.361],[77.992,8.345],[77.958,8.324],[77.926,8.297],[77.892,8.276],[77.855,8.259],[77.817,8.247],[77.785,8.223],[77.761,8.19],[77.725,8.172],[77.687,8.162],[77.647,8.158],[77.607,8.148],[77.571,8.131],[77.565,8.092],[77.523,8.082],[77.483,8.088],[77.443,8.095],[77.404,8.106],[77.366,8.118],[77.326,8.126],[77.294,8.15],[77.259,8.171],[77.226,8.193],[77.192,8.215],[77.166,8.246],[77.132,8.267],[77.1,8.291],[77.131,8.324],[77.143,8.362],[77.167,8.395],[77.189,8.435],[77.191,8.488],[77.232,8.496],[77.258,8.528],[77.252,8.571],[77.228,8.613],[77.198,8.641],[77.188,8.684],[77.162,8.715],[77.183,8.753],[77.215,8.787],[77.247,8.832],[77.232,8.869],[77.202,8.907],[77.181,8.942],[77.158,8.978],[77.132,9.012],[77.167,9.039],[77.19,9.075],[77.217,9.108],[77.246,9.139],[77.237,9.179],[77.267,9.209],[77.266,9.255],[77.278,9.295],[77.307,9.328],[77.32,9.376],[77.33,9.415],[77.352,9.45],[77.384,9.479],[77.361,9.516],[77.338,9.55],[77.351,9.588],[77.311,9.57],[77.261,9.567],[77.215,9.579],[77.179,9.601],[77.166,9.648],[77.192,9.686],[77.206,9.737],[77.21,9.78],[77.215,9.831],[77.201,9.87],[77.221,9.918],[77.255,9.95],[77.248,9.991],[77.237,10.035],[77.204,10.068],[77.212,10.109],[77.253,10.111],[77.259,10.155],[77.271,10.194],[77.246,10.226],[77.232,10.277],[77.218,10.322],[77.181,10.343],[77.134,10.324],[77.092,10.304],[77.052,10.285],[77.03,10.243],[76.991,10.223],[76.946,10.223],[76.905,10.225],[76.877,10.256],[76.841,10.284],[76.827,10.33],[76.831,10.372],[76.812,10.411],[76.821,10.48],[76.831,10.525],[76.826,10.568],[76.81,10.604],[76.845,10.626],[76.87,10.661],[76.875,10.707],[76.89,10.747],[76.891,10.792],[76.853,10.809],[76.828,10.847],[76.791,10.871],[76.749,10.885],[76.7,10.901],[76.653,10.92],[76.66,10.96],[76.68,10.999],[76.707,11.031],[76.757,11.025],[76.793,11.047],[76.751,11.047],[76.743,11.086],[76.729,11.125],[76.691,11.145],[76.714,11.178],[76.71,11.218],[76.668,11.211],[76.63,11.191],[76.578,11.197],[76.536,11.189],[76.488,11.203],[76.453,11.18],[76.446,11.23],[76.488,11.252],[76.522,11.281],[76.54,11.321],[76.507,11.348],[76.473,11.375],[76.418,11.405],[76.371,11.441],[76.334,11.459],[76.289,11.456],[76.247,11.464],[76.242,11.505],[76.234,11.546],[76.26,11.587],[76.294,11.565],[76.329,11.589],[76.371,11.593],[76.396,11.625],[76.436,11.638],[76.467,11.672],[76.504,11.698],[76.54,11.671],[76.55,11.627],[76.586,11.608],[76.634,11.604],[76.679,11.604],[76.72,11.605],[76.774,11.603],[76.817,11.597],[76.828,11.638],[76.845,11.677],[76.876,11.718],[76.889,11.761],[76.927,11.781],[76.975,11.791],[77.019,11.797],[77.057,11.777],[77.074,11.73],[77.106,11.756],[77.144,11.771],[77.19,11.783],[77.237,11.788],[77.278,11.79],[77.314,11.77],[77.355,11.778],[77.401,11.764],[77.441,11.791],[77.456,11.839],[77.454,11.882],[77.482,11.912],[77.524,11.921],[77.573,11.924],[77.615,11.934],[77.66,11.938],[77.677,11.984],[77.702,12.027],[77.734,12.06],[77.758,12.094],[77.74,12.143],[77.711,12.173],[77.668,12.184],[77.626,12.19],[77.584,12.189],[77.539,12.194],[77.492,12.187],[77.474,12.225],[77.475,12.266],[77.518,12.27],[77.556,12.297],[77.586,12.336],[77.61,12.374],[77.621,12.414],[77.622,12.454],[77.575,12.468],[77.606,12.5],[77.576,12.537],[77.581,12.584],[77.598,12.621],[77.609,12.663],[77.654,12.674],[77.688,12.652],[77.731,12.664],[77.756,12.697],[77.778,12.734],[77.783,12.776],[77.801,12.821],[77.826,12.859],[77.867,12.859],[77.909,12.873],[77.912,12.832],[77.955,12.839],[77.981,12.796],[78.007,12.828],[78.047,12.842],[78.082,12.809],[78.118,12.78],[78.158,12.76],[78.199,12.755],[78.229,12.72],[78.196,12.697],[78.239,12.692],[78.284,12.668],[78.322,12.637],[78.361,12.615],[78.407,12.618],[78.447,12.617],[78.458,12.662],[78.497,12.676],[78.491,12.717],[78.527,12.697],[78.55,12.739],[78.58,12.767],[78.598,12.811],[78.604,12.857],[78.62,12.902],[78.629,12.953],[78.637,12.997],[78.679,13.009],[78.701,13.044],[78.746,13.045],[78.787,13.062],[78.832,13.07],[78.87,13.087],[78.881,13.044],[78.916,13.023],[78.912,13.063],[78.955,13.065],[78.995,13.063],[79.034,13.046],[79.069,13.014],[79.119,13.023],[79.161,13.012],[79.175,13.05],[79.193,13.09],[79.215,13.128],[79.251,13.146],[79.285,13.123],[79.331,13.121],[79.348,13.163],[79.384,13.185],[79.423,13.199],[79.407,13.238],[79.425,13.281],[79.386,13.295],[79.417,13.322],[79.479,13.321],[79.523,13.316],[79.541,13.279],[79.571,13.247],[79.611,13.265],[79.653,13.275],[79.671,13.236],[79.7,13.203],[79.744,13.195],[79.783,13.218],[79.746,13.248],[79.75,13.291],[79.792,13.292],[79.837,13.303],[79.875,13.317],[79.911,13.344],[79.948,13.367],[79.932,13.404],[79.963,13.441],[80.004,13.478],[79.989,13.519],[80.03,13.524],[80.069,13.538],[80.076,13.527]]]]}},{"type":"Feature","properties":{"NAME_1":"Tripura","state":"Tripura"},"geometry":{"type":"Polygon","coordinates":[[[92.185,24.523],[92.221,24.503],[92.231,24.46],[92.256,24.419],[92.272,24.379],[92.213,24.249],[92.26,24.25],[92.296,24.234],[92.325,24.205],[92.329,24.165],[92.329,24.116],[92.327,24.075],[92.314,24.035],[92.329,23.99],[92.311,23.946],[92.33,23.908],[92.319,23.868],[92.277,23.853],[92.259,23.815],[92.268,23.77],[92.269,23.729],[92.247,23.695],[92.228,23.659],[92.215,23.698],[92.18,23.721],[92.14,23.714],[92.11,23.682],[92.084,23.65],[92.043,23.656],[92.007,23.682],[91.989,23.72],[91.956,23.697],[91.952,23.647],[91.955,23.596],[91.964,23.557],[91.961,23.516],[91.955,23.476],[91.942,23.438],[91.902,23.438],[91.867,23.412],[91.838,23.383],[91.818,23.348],[91.792,23.311],[91.775,23.273],[91.787,23.233],[91.8,23.193],[91.813,23.151],[91.823,23.112],[91.816,23.071],[91.787,23.042],[91.756,23.016],[91.726,22.989],[91.682,22.99],[91.644,22.976],[91.619,22.944],[91.583,22.963],[91.553,22.993],[91.554,23.033],[91.536,23.069],[91.516,23.105],[91.503,23.143],[91.51,23.183],[91.484,23.214],[91.454,23.242],[91.423,23.271],[91.406,23.232],[91.393,23.193],[91.391,23.153],[91.407,23.114],[91.422,23.076],[91.378,23.064],[91.354,23.1],[91.342,23.141],[91.33,23.183],[91.33,23.224],[91.321,23.263],[91.32,23.306],[91.306,23.344],[91.285,23.382],[91.272,23.424],[91.257,23.465],[91.238,23.5],[91.204,23.524],[91.199,23.566],[91.169,23.595],[91.165,23.635],[91.204,23.649],[91.205,23.69],[91.163,23.691],[91.16,23.735],[91.196,23.753],[91.234,23.769],[91.238,23.812],[91.255,23.85],[91.233,23.883],[91.246,23.922],[91.269,23.956],[91.301,23.983],[91.344,23.984],[91.377,24.012],[91.397,24.051],[91.376,24.089],[91.41,24.111],[91.45,24.101],[91.49,24.098],[91.536,24.081],[91.576,24.08],[91.614,24.096],[91.64,24.13],[91.644,24.169],[91.65,24.211],[91.682,24.182],[91.71,24.152],[91.753,24.143],[91.755,24.183],[91.743,24.247],[91.785,24.224],[91.827,24.213],[91.855,24.182],[91.879,24.148],[91.915,24.167],[91.928,24.223],[91.942,24.268],[91.929,24.308],[91.942,24.346],[91.983,24.331],[91.974,24.371],[92.013,24.384],[92.056,24.376],[92.097,24.375],[92.13,24.403],[92.167,24.422],[92.158,24.463],[92.154,24.504],[92.185,24.523]]]}},{"type":"Feature","properties":{"NAME_1":"Uttar Pradesh","state":"Uttar Pradesh"},"geometry":{"type":"Polygon","coordinates":[[[77.585,30.409],[77.626,30.407],[77.663,30.391],[77.691,30.36],[77.723,30.334],[77.761,30.319],[77.799,30.298],[77.836,30.282],[77.88,30.272],[77.917,30.256],[77.908,30.217],[77.89,30.18],[77.861,30.144],[77.837,30.111],[77.799,30.098],[77.77,30.068],[77.772,30.026],[77.741,29.994],[77.729,29.952],[77.731,29.911],[77.703,29.878],[77.731,29.842],[77.749,29.804],[77.766,29.764],[77.758,29.716],[77.795,29.7],[77.821,29.669],[77.859,29.688],[77.9,29.698],[77.937,29.714],[77.957,29.679],[77.977,29.642],[77.95,29.611],[77.984,29.588],[77.988,29.546],[78.033,29.552],[78.044,29.593],[78.089,29.613],[78.115,29.645],[78.166,29.68],[78.194,29.71],[78.265,29.727],[78.303,29.758],[78.332,29.796],[78.386,29.774],[78.424,29.762],[78.465,29.751],[78.5,29.715],[78.508,29.673],[78.525,29.63],[78.561,29.594],[78.605,29.562],[78.65,29.541],[78.685,29.514],[78.727,29.509],[78.766,29.484],[78.811,29.47],[78.866,29.46],[78.92,29.46],[78.896,29.424],[78.87,29.392],[78.832,29.377],[78.797,29.356],[78.757,29.35],[78.729,29.319],[78.761,29.293],[78.79,29.263],[78.831,29.261],[78.871,29.241],[78.894,29.205],[78.906,29.165],[78.944,29.15],[78.984,29.137],[79.022,29.119],[79.028,29.161],[79.073,29.152],[79.109,29.13],[79.144,29.107],[79.144,29.06],[79.164,29.021],[79.204,29.029],[79.238,29.007],[79.268,28.977],[79.302,28.953],[79.344,28.953],[79.385,28.937],[79.401,28.9],[79.409,28.858],[79.455,28.86],[79.497,28.862],[79.53,28.887],[79.548,28.85],[79.592,28.867],[79.635,28.858],[79.684,28.857],[79.718,28.883],[79.76,28.89],[79.795,28.87],[79.801,28.83],[79.842,28.843],[79.876,28.818],[79.892,28.781],[79.922,28.745],[79.953,28.718],[80.0,28.726],[80.029,28.758],[80.026,28.8],[80.058,28.835],[80.109,28.828],[80.157,28.798],[80.202,28.764],[80.243,28.756],[80.268,28.721],[80.306,28.705],[80.328,28.67],[80.362,28.645],[80.406,28.635],[80.451,28.629],[80.473,28.591],[80.508,28.568],[80.517,28.616],[80.505,28.665],[80.542,28.691],[80.592,28.68],[80.613,28.639],[80.658,28.637],[80.687,28.604],[80.716,28.568],[80.761,28.568],[80.786,28.529],[80.832,28.512],[80.867,28.489],[80.907,28.499],[80.915,28.46],[80.953,28.447],[80.998,28.449],[81.036,28.428],[81.069,28.394],[81.15,28.371],[81.195,28.364],[81.232,28.33],[81.235,28.289],[81.282,28.235],[81.322,28.197],[81.312,28.156],[81.373,28.142],[81.412,28.175],[81.452,28.151],[81.486,28.118],[81.508,28.07],[81.549,28.049],[81.588,28.025],[81.626,28.001],[81.676,27.991],[81.757,27.943],[81.804,27.905],[81.842,27.891],[81.882,27.862],[81.928,27.86],[81.95,27.903],[81.993,27.929],[82.047,27.924],[82.092,27.899],[82.123,27.868],[82.163,27.862],[82.202,27.846],[82.253,27.811],[82.305,27.773],[82.353,27.749],[82.384,27.72],[82.426,27.691],[82.467,27.677],[82.518,27.69],[82.564,27.692],[82.602,27.704],[82.657,27.713],[82.701,27.722],[82.719,27.684],[82.73,27.645],[82.741,27.607],[82.753,27.565],[82.748,27.526],[82.787,27.5],[82.837,27.502],[82.895,27.501],[82.941,27.492],[83.0,27.458],[83.071,27.451],[83.113,27.455],[83.166,27.457],[83.206,27.435],[83.24,27.407],[83.274,27.383],[83.295,27.336],[83.337,27.333],[83.372,27.358],[83.395,27.395],[83.387,27.435],[83.394,27.476],[83.482,27.475],[83.553,27.472],[83.61,27.47],[83.668,27.447],[83.709,27.427],[83.747,27.409],[83.797,27.386],[83.855,27.354],[83.829,27.323],[83.872,27.316],[83.917,27.325],[83.911,27.286],[83.925,27.243],[83.964,27.225],[83.985,27.182],[83.959,27.149],[83.938,27.111],[83.978,27.093],[84.021,27.095],[83.991,27.069],[84.024,27.045],[84.04,27.006],[84.047,26.962],[84.049,26.915],[84.076,26.879],[84.122,26.893],[84.151,26.839],[84.185,26.86],[84.229,26.87],[84.251,26.831],[84.241,26.775],[84.242,26.731],[84.279,26.751],[84.319,26.716],[84.345,26.68],[84.402,26.671],[84.414,26.627],[84.371,26.615],[84.33,26.618],[84.289,26.607],[84.24,26.61],[84.202,26.624],[84.149,26.628],[84.106,26.637],[84.082,26.603],[84.055,26.568],[84.031,26.536],[83.99,26.53],[83.956,26.508],[83.915,26.52],[83.903,26.472],[83.936,26.442],[83.982,26.435],[84.022,26.425],[84.055,26.402],[84.097,26.388],[84.154,26.376],[84.167,26.338],[84.169,26.293],[84.156,26.253],[84.113,26.262],[84.08,26.232],[84.034,26.232],[84.009,26.2],[84.028,26.163],[84.045,26.12],[84.081,26.1],[84.116,26.075],[84.159,26.032],[84.166,25.992],[84.214,25.996],[84.255,25.971],[84.292,25.948],[84.344,25.959],[84.386,25.938],[84.418,25.911],[84.461,25.889],[84.507,25.872],[84.527,25.834],[84.571,25.83],[84.611,25.801],[84.601,25.761],[84.63,25.733],[84.556,25.736],[84.556,25.689],[84.536,25.726],[84.525,25.684],[84.467,25.686],[84.432,25.712],[84.393,25.726],[84.354,25.744],[84.324,25.704],[84.299,25.672],[84.248,25.663],[84.203,25.67],[84.174,25.716],[84.129,25.717],[84.083,25.713],[84.074,25.673],[84.057,25.632],[84.014,25.616],[83.956,25.575],[83.917,25.558],[83.893,25.525],[83.867,25.493],[83.834,25.463],[83.803,25.433],[83.771,25.4],[83.729,25.406],[83.689,25.386],[83.65,25.368],[83.625,25.335],[83.584,25.325],[83.539,25.318],[83.511,25.288],[83.471,25.272],[83.433,25.254],[83.397,25.225],[83.36,25.196],[83.343,25.159],[83.354,25.11],[83.331,25.073],[83.316,25.027],[83.346,24.996],[83.357,24.955],[83.358,24.914],[83.357,24.874],[83.383,24.84],[83.393,24.797],[83.425,24.763],[83.453,24.733],[83.483,24.703],[83.497,24.659],[83.539,24.628],[83.52,24.591],[83.517,24.549],[83.481,24.524],[83.436,24.514],[83.395,24.504],[83.387,24.465],[83.399,24.412],[83.435,24.391],[83.434,24.347],[83.391,24.327],[83.401,24.285],[83.391,24.245],[83.378,24.205],[83.357,24.157],[83.344,24.119],[83.311,24.093],[83.28,24.055],[83.266,24.017],[83.227,23.996],[83.206,23.954],[83.183,23.919],[83.139,23.904],[83.087,23.878],[83.043,23.879],[82.992,23.879],[82.95,23.873],[82.906,23.898],[82.866,23.923],[82.821,23.965],[82.801,24.001],[82.752,24.008],[82.762,24.06],[82.726,24.083],[82.664,24.124],[82.72,24.139],[82.735,24.183],[82.727,24.223],[82.749,24.257],[82.766,24.312],[82.76,24.358],[82.718,24.371],[82.715,24.416],[82.726,24.461],[82.737,24.5],[82.714,24.536],[82.781,24.546],[82.796,24.587],[82.767,24.629],[82.727,24.646],[82.696,24.676],[82.658,24.7],[82.603,24.679],[82.544,24.655],[82.509,24.679],[82.464,24.68],[82.432,24.706],[82.407,24.674],[82.404,24.631],[82.361,24.602],[82.324,24.623],[82.295,24.654],[82.263,24.686],[82.241,24.727],[82.244,24.776],[82.199,24.752],[82.209,24.798],[82.163,24.805],[82.112,24.792],[82.082,24.822],[82.042,24.834],[82.005,24.851],[81.965,24.841],[81.927,24.861],[81.896,24.893],[81.912,24.931],[81.901,24.973],[81.891,25.013],[81.849,25.006],[81.792,25.01],[81.75,25.032],[81.71,25.039],[81.678,25.065],[81.636,25.062],[81.594,25.077],[81.629,25.1],[81.591,25.123],[81.62,25.156],[81.582,25.17],[81.54,25.188],[81.519,25.152],[81.48,25.138],[81.508,25.107],[81.481,25.076],[81.436,25.096],[81.42,25.136],[81.379,25.134],[81.351,25.164],[81.311,25.153],[81.271,25.169],[81.257,25.129],[81.259,25.087],[81.248,25.041],[81.22,25.007],[81.201,24.97],[81.202,24.928],[81.17,24.957],[81.152,24.92],[81.113,24.906],[81.085,24.934],[81.047,24.955],[81.007,24.953],[80.966,24.939],[80.937,24.972],[80.897,24.957],[80.857,24.936],[80.815,24.938],[80.79,24.972],[80.836,24.986],[80.829,25.03],[80.856,25.062],[80.873,25.103],[80.875,25.144],[80.878,25.196],[80.836,25.193],[80.834,25.146],[80.794,25.142],[80.751,25.142],[80.711,25.138],[80.725,25.098],[80.767,25.086],[80.734,25.062],[80.687,25.059],[80.651,25.088],[80.608,25.099],[80.625,25.138],[80.588,25.109],[80.607,25.073],[80.568,25.085],[80.528,25.077],[80.495,25.105],[80.502,25.063],[80.461,25.058],[80.423,25.071],[80.383,25.062],[80.383,25.019],[80.338,25.021],[80.289,25.021],[80.282,25.063],[80.313,25.089],[80.338,25.121],[80.373,25.155],[80.415,25.165],[80.41,25.206],[80.391,25.246],[80.352,25.26],[80.312,25.282],[80.312,25.334],[80.311,25.381],[80.284,25.416],[80.245,25.405],[80.202,25.407],[80.172,25.381],[80.137,25.356],[80.096,25.352],[80.055,25.341],[80.014,25.331],[79.999,25.294],[79.967,25.268],[79.924,25.252],[79.875,25.253],[79.856,25.214],[79.86,25.162],[79.847,25.122],[79.805,25.111],[79.763,25.13],[79.718,25.134],[79.677,25.137],[79.633,25.133],[79.593,25.146],[79.566,25.178],[79.535,25.148],[79.518,25.108],[79.482,25.085],[79.47,25.131],[79.436,25.108],[79.393,25.116],[79.384,25.17],[79.408,25.208],[79.434,25.242],[79.475,25.267],[79.431,25.26],[79.392,25.285],[79.358,25.264],[79.331,25.294],[79.346,25.333],[79.304,25.34],[79.268,25.319],[79.257,25.279],[79.298,25.276],[79.34,25.273],[79.341,25.23],[79.3,25.227],[79.284,25.189],[79.315,25.152],[79.277,25.12],[79.256,25.157],[79.214,25.148],[79.238,25.116],[79.198,25.128],[79.157,25.112],[79.115,25.118],[79.119,25.158],[79.087,25.188],[79.058,25.151],[79.028,25.18],[79.055,25.217],[79.029,25.249],[78.993,25.278],[78.972,25.243],[78.997,25.208],[78.953,25.221],[78.915,25.203],[78.877,25.162],[78.88,25.206],[78.872,25.251],[78.909,25.274],[78.948,25.266],[78.953,25.312],[78.925,25.342],[78.879,25.347],[78.868,25.301],[78.853,25.259],[78.811,25.266],[78.783,25.298],[78.822,25.319],[78.845,25.361],[78.883,25.39],[78.923,25.4],[78.893,25.369],[78.939,25.353],[78.974,25.373],[78.97,25.42],[78.929,25.428],[78.93,25.469],[78.919,25.514],[78.942,25.551],[78.897,25.559],[78.876,25.524],[78.834,25.516],[78.852,25.478],[78.837,25.434],[78.815,25.472],[78.777,25.483],[78.739,25.5],[78.728,25.459],[78.76,25.431],[78.803,25.438],[78.756,25.419],[78.762,25.374],[78.725,25.354],[78.697,25.383],[78.656,25.392],[78.7,25.426],[78.658,25.444],[78.634,25.41],[78.592,25.397],[78.579,25.355],[78.535,25.364],[78.541,25.322],[78.505,25.302],[78.459,25.297],[78.501,25.288],[78.542,25.272],[78.561,25.227],[78.594,25.157],[78.598,25.108],[78.629,25.082],[78.644,25.035],[78.632,24.984],[78.641,24.94],[78.668,24.902],[78.713,24.884],[78.751,24.869],[78.773,24.83],[78.763,24.767],[78.769,24.724],[78.759,24.682],[78.746,24.643],[78.752,24.602],[78.794,24.598],[78.833,24.621],[78.867,24.645],[78.893,24.614],[78.93,24.564],[78.944,24.527],[78.949,24.486],[78.908,24.493],[78.931,24.46],[78.972,24.445],[78.976,24.403],[78.968,24.36],[78.932,24.319],[78.912,24.277],[78.878,24.249],[78.858,24.214],[78.82,24.201],[78.778,24.201],[78.761,24.239],[78.719,24.239],[78.678,24.245],[78.644,24.281],[78.615,24.313],[78.585,24.343],[78.528,24.374],[78.484,24.378],[78.468,24.339],[78.434,24.313],[78.407,24.277],[78.366,24.29],[78.336,24.319],[78.347,24.363],[78.337,24.404],[78.3,24.427],[78.261,24.454],[78.24,24.489],[78.217,24.532],[78.255,24.552],[78.268,24.597],[78.258,24.638],[78.257,24.686],[78.237,24.725],[78.224,24.764],[78.209,24.813],[78.174,24.846],[78.177,24.887],[78.211,24.912],[78.249,24.938],[78.282,24.963],[78.328,25.0],[78.331,25.045],[78.327,25.087],[78.367,25.105],[78.402,25.131],[78.443,25.129],[78.446,25.169],[78.407,25.186],[78.381,25.224],[78.36,25.259],[78.345,25.298],[78.331,25.337],[78.302,25.364],[78.33,25.401],[78.344,25.446],[78.383,25.452],[78.416,25.478],[78.41,25.519],[78.426,25.561],[78.469,25.573],[78.511,25.573],[78.56,25.568],[78.6,25.578],[78.644,25.565],[78.677,25.594],[78.724,25.608],[78.766,25.613],[78.805,25.625],[78.811,25.665],[78.789,25.7],[78.752,25.727],[78.776,25.761],[78.8,25.799],[78.835,25.824],[78.851,25.866],[78.885,25.893],[78.898,25.931],[78.925,25.965],[78.946,26.002],[78.953,26.042],[78.982,26.074],[78.97,26.112],[78.96,26.154],[79.001,26.155],[78.976,26.193],[79.021,26.209],[79.055,26.232],[79.053,26.28],[79.092,26.304],[79.124,26.331],[79.095,26.36],[79.081,26.406],[79.117,26.424],[79.093,26.457],[79.048,26.456],[79.061,26.503],[79.034,26.533],[78.996,26.554],[78.978,26.592],[79.003,26.627],[78.998,26.667],[78.948,26.663],[78.931,26.704],[78.883,26.704],[78.841,26.726],[78.811,26.765],[78.771,26.764],[78.741,26.793],[78.69,26.796],[78.659,26.769],[78.616,26.772],[78.575,26.756],[78.535,26.772],[78.492,26.788],[78.451,26.798],[78.426,26.832],[78.386,26.828],[78.365,26.869],[78.324,26.869],[78.282,26.864],[78.265,26.825],[78.223,26.837],[78.197,26.872],[78.232,26.895],[78.262,26.924],[78.227,26.944],[78.174,26.949],[78.134,26.957],[78.102,26.931],[78.063,26.915],[78.048,26.878],[78.016,26.905],[77.975,26.898],[77.935,26.905],[77.897,26.92],[77.849,26.912],[77.809,26.926],[77.765,26.938],[77.724,26.923],[77.716,26.881],[77.675,26.875],[77.625,26.847],[77.577,26.833],[77.536,26.825],[77.498,26.848],[77.489,26.809],[77.493,26.767],[77.448,26.747],[77.429,26.786],[77.434,26.825],[77.422,26.867],[77.465,26.893],[77.519,26.915],[77.557,26.926],[77.598,26.94],[77.642,26.967],[77.692,26.979],[77.736,26.988],[77.738,27.033],[77.714,26.998],[77.682,27.033],[77.634,27.027],[77.594,27.031],[77.567,27.06],[77.527,27.067],[77.498,27.095],[77.539,27.111],[77.583,27.121],[77.607,27.154],[77.643,27.174],[77.667,27.207],[77.638,27.241],[77.607,27.273],[77.614,27.315],[77.575,27.327],[77.54,27.348],[77.508,27.373],[77.467,27.384],[77.43,27.404],[77.421,27.447],[77.394,27.482],[77.376,27.519],[77.335,27.53],[77.33,27.571],[77.311,27.612],[77.342,27.653],[77.337,27.696],[77.298,27.719],[77.302,27.76],[77.295,27.8],[77.322,27.835],[77.365,27.861],[77.412,27.859],[77.458,27.885],[77.471,27.928],[77.511,27.937],[77.513,27.977],[77.509,28.018],[77.479,28.044],[77.47,28.084],[77.499,28.123],[77.499,28.163],[77.542,28.182],[77.502,28.187],[77.516,28.23],[77.487,28.262],[77.496,28.307],[77.466,28.334],[77.492,28.37],[77.475,28.414],[77.436,28.432],[77.398,28.459],[77.364,28.486],[77.337,28.516],[77.303,28.55],[77.307,28.597],[77.334,28.627],[77.315,28.663],[77.32,28.704],[77.284,28.724],[77.253,28.753],[77.221,28.778],[77.195,28.815],[77.211,28.855],[77.178,28.88],[77.217,28.9],[77.204,28.94],[77.204,28.982],[77.192,29.021],[77.162,29.052],[77.132,29.095],[77.139,29.135],[77.14,29.182],[77.125,29.225],[77.135,29.266],[77.154,29.317],[77.124,29.345],[77.139,29.384],[77.125,29.422],[77.114,29.462],[77.115,29.503],[77.085,29.534],[77.102,29.577],[77.095,29.618],[77.122,29.654],[77.126,29.697],[77.123,29.743],[77.137,29.782],[77.165,29.824],[77.18,29.869],[77.186,29.913],[77.224,29.955],[77.25,29.988],[77.27,30.027],[77.298,30.06],[77.337,30.068],[77.373,30.093],[77.414,30.107],[77.411,30.15],[77.447,30.169],[77.48,30.202],[77.506,30.242],[77.525,30.278],[77.564,30.306],[77.575,30.347],[77.576,30.39],[77.585,30.409]]]}},{"type":"Feature","properties":{"NAME_1":"Uttaranchal","state":"Uttaranchal"},"geometry":{"type":"Polygon","coordinates":[[[79.195,31.354],[79.221,31.323],[79.25,31.29],[79.237,31.251],[79.272,31.231],[79.288,31.19],[79.3,31.149],[79.338,31.129],[79.377,31.121],[79.391,31.082],[79.411,31.047],[79.457,31.04],[79.501,31.039],[79.523,31.005],[79.541,30.967],[79.581,30.95],[79.624,30.965],[79.663,30.987],[79.705,30.983],[79.738,31.006],[79.779,30.988],[79.818,30.98],[79.859,30.975],[79.875,30.93],[79.908,30.903],[79.946,30.89],[79.988,30.87],[80.025,30.844],[80.064,30.825],[80.088,30.791],[80.138,30.796],[80.178,30.794],[80.207,30.758],[80.231,30.723],[80.199,30.69],[80.206,30.649],[80.212,30.609],[80.23,30.573],[80.272,30.574],[80.311,30.56],[80.346,30.538],[80.384,30.525],[80.424,30.506],[80.465,30.493],[80.504,30.47],[80.544,30.463],[80.577,30.49],[80.623,30.463],[80.661,30.446],[80.7,30.418],[80.737,30.398],[80.764,30.366],[80.794,30.33],[80.846,30.307],[80.896,30.294],[80.936,30.285],[80.976,30.274],[81.015,30.26],[80.979,30.239],[80.937,30.235],[80.901,30.213],[80.873,30.176],[80.88,30.132],[80.844,30.111],[80.808,30.09],[80.782,30.058],[80.759,30.024],[80.721,30.0],[80.685,29.967],[80.641,29.961],[80.592,29.948],[80.571,29.909],[80.559,29.871],[80.533,29.838],[80.499,29.811],[80.456,29.802],[80.415,29.792],[80.387,29.759],[80.37,29.722],[80.386,29.682],[80.416,29.654],[80.407,29.613],[80.392,29.575],[80.351,29.555],[80.344,29.511],[80.311,29.485],[80.29,29.45],[80.248,29.447],[80.256,29.404],[80.273,29.364],[80.299,29.324],[80.306,29.273],[80.292,29.232],[80.25,29.221],[80.262,29.175],[80.251,29.129],[80.208,29.125],[80.166,29.117],[80.131,29.064],[80.129,29.021],[80.12,28.982],[80.067,28.927],[80.063,28.883],[80.066,28.837],[80.034,28.81],[80.035,28.769],[80.006,28.729],[79.968,28.716],[79.922,28.733],[79.906,28.772],[79.873,28.796],[79.856,28.839],[79.814,28.832],[79.783,28.805],[79.798,28.846],[79.774,28.892],[79.733,28.883],[79.692,28.868],[79.654,28.849],[79.614,28.869],[79.577,28.85],[79.55,28.884],[79.514,28.868],[79.468,28.865],[79.428,28.857],[79.396,28.885],[79.403,28.929],[79.371,28.955],[79.329,28.955],[79.286,28.961],[79.25,28.992],[79.211,29.024],[79.169,29.016],[79.153,29.055],[79.143,29.099],[79.118,29.134],[79.073,29.152],[79.034,29.171],[79.009,29.139],[78.973,29.161],[78.934,29.154],[78.901,29.183],[78.884,29.22],[78.858,29.252],[78.816,29.254],[78.759,29.287],[78.728,29.313],[78.757,29.35],[78.797,29.337],[78.808,29.38],[78.857,29.386],[78.891,29.416],[78.923,29.456],[78.883,29.458],[78.83,29.469],[78.786,29.476],[78.742,29.501],[78.693,29.509],[78.65,29.541],[78.605,29.562],[78.561,29.594],[78.531,29.624],[78.509,29.66],[78.502,29.712],[78.474,29.748],[78.432,29.758],[78.386,29.774],[78.339,29.793],[78.303,29.758],[78.265,29.727],[78.231,29.704],[78.182,29.692],[78.139,29.676],[78.109,29.637],[78.082,29.602],[78.04,29.588],[78.017,29.555],[77.977,29.564],[77.949,29.593],[77.974,29.627],[77.969,29.667],[77.941,29.7],[77.9,29.698],[77.859,29.688],[77.821,29.669],[77.795,29.7],[77.758,29.716],[77.762,29.756],[77.753,29.797],[77.732,29.835],[77.703,29.868],[77.725,29.906],[77.729,29.952],[77.741,29.994],[77.769,30.024],[77.768,30.067],[77.79,30.102],[77.831,30.107],[77.858,30.138],[77.888,30.179],[77.904,30.215],[77.931,30.247],[77.892,30.267],[77.852,30.277],[77.812,30.291],[77.777,30.31],[77.74,30.328],[77.701,30.347],[77.677,30.381],[77.643,30.405],[77.603,30.408],[77.562,30.41],[77.604,30.437],[77.647,30.452],[77.69,30.463],[77.729,30.482],[77.768,30.504],[77.805,30.525],[77.786,30.561],[77.749,30.58],[77.757,30.62],[77.775,30.658],[77.737,30.683],[77.731,30.724],[77.694,30.746],[77.709,30.785],[77.731,30.819],[77.74,30.86],[77.789,30.859],[77.791,30.901],[77.752,30.921],[77.735,30.96],[77.778,30.972],[77.817,30.954],[77.808,30.994],[77.819,31.032],[77.825,31.074],[77.852,31.111],[77.886,31.143],[77.934,31.167],[77.979,31.166],[78.027,31.18],[78.071,31.193],[78.11,31.206],[78.146,31.227],[78.188,31.222],[78.233,31.235],[78.269,31.271],[78.306,31.286],[78.347,31.29],[78.386,31.27],[78.427,31.256],[78.457,31.228],[78.514,31.204],[78.556,31.227],[78.595,31.236],[78.634,31.222],[78.676,31.203],[78.72,31.197],[78.765,31.196],[78.801,31.178],[78.825,31.144],[78.862,31.112],[78.904,31.115],[78.952,31.108],[78.997,31.115],[78.976,31.151],[78.953,31.19],[78.92,31.223],[78.917,31.267],[78.925,31.307],[78.952,31.348],[78.992,31.364],[79.012,31.407],[79.034,31.445],[79.076,31.458],[79.123,31.442],[79.149,31.411],[79.174,31.377],[79.195,31.354]]]}},{"type":"Feature","properties":{"NAME_1":"West Bengal","state":"West Bengal"},"geometry":{"type":"MultiPolygon","coordinates":[[[[88.019,21.573],[88.019,21.573],[88.019,21.573],[88.02,21.572],[88.021,21.572],[88.021,21.571],[88.021,21.571],[88.021,21.571],[88.021,21.571],[88.021,21.57],[88.021,21.569],[88.022,21.569],[88.022,21.569],[88.021,21.569],[88.021,21.568],[88.022,21.568],[88.022,21.568],[88.021,21.567],[88.02,21.567],[88.02,21.567],[88.02,21.568],[88.019,21.568],[88.019,21.568],[88.019,21.568],[88.019,21.569],[88.019,21.569],[88.019,21.569],[88.018,21.57],[88.018,21.57],[88.018,21.571],[88.018,21.571],[88.017,21.572],[88.017,21.573],[88.017,21.573],[88.017,21.573],[88.017,21.573],[88.017,21.574],[88.016,21.574],[88.016,21.576],[88.016,21.576],[88.016,21.576],[88.016,21.577],[88.016,21.577],[88.016,21.577],[88.016,21.577],[88.015,21.578],[88.015,21.578],[88.015,21.578],[88.015,21.579],[88.015,21.58],[88.015,21.58],[88.015,21.581],[88.016,21.581],[88.016,21.582],[88.016,21.581],[88.016,21.581],[88.016,21.581],[88.017,21.58],[88.017,21.579],[88.017,21.579],[88.017,21.577],[88.017,21.577],[88.017,21.577],[88.018,21.576],[88.018,21.576],[88.018,21.575],[88.018,21.574],[88.018,21.574],[88.018,21.574],[88.019,21.573],[88.019,21.573]]],[[[88.498,21.6],[88.533,21.58],[88.522,21.541],[88.483,21.554],[88.491,21.594],[88.498,21.6]]],[[[88.178,21.601],[88.188,21.562],[88.168,21.597],[88.178,21.601]]],[[[88.835,21.607],[88.873,21.594],[88.901,21.566],[88.864,21.55],[88.83,21.573],[88.835,21.607]]],[[[88.729,21.637],[88.752,21.604],[88.724,21.574],[88.711,21.612],[88.729,21.637]]],[[[88.537,21.639],[88.574,21.621],[88.583,21.582],[88.545,21.566],[88.519,21.597],[88.521,21.637],[88.537,21.639]]],[[[88.892,21.652],[88.893,21.652],[88.893,21.651],[88.894,21.651],[88.894,21.65],[88.894,21.65],[88.894,21.649],[88.893,21.649],[88.893,21.649],[88.893,21.649],[88.893,21.65],[88.893,21.65],[88.891,21.651],[88.891,21.651],[88.891,21.651],[88.891,21.652],[88.891,21.652],[88.89,21.652],[88.89,21.652],[88.889,21.653],[88.889,21.654],[88.889,21.654],[88.889,21.654],[88.889,21.655],[88.889,21.655],[88.89,21.654],[88.892,21.653],[88.892,21.653],[88.892,21.653],[88.892,21.652]]],[[[88.772,21.653],[88.78,21.613],[88.764,21.576],[88.741,21.609],[88.751,21.648],[88.772,21.653]]],[[[88.966,21.642],[88.966,21.641],[88.966,21.641],[88.967,21.641],[88.967,21.641],[88.968,21.641],[88.968,21.641],[88.969,21.64],[88.969,21.64],[88.969,21.64],[88.97,21.64],[88.97,21.64],[88.971,21.641],[88.971,21.641],[88.972,21.641],[88.972,21.641],[88.973,21.641],[88.973,21.641],[88.973,21.642],[88.974,21.642],[88.974,21.642],[88.975,21.642],[88.975,21.642],[88.976,21.642],[88.976,21.643],[88.976,21.643],[88.977,21.643],[88.977,21.643],[88.978,21.643],[88.978,21.643],[88.978,21.644],[88.979,21.644],[88.979,21.644],[88.98,21.644],[88.981,21.644],[88.981,21.644],[88.982,21.644],[88.983,21.644],[88.983,21.644],[88.984,21.645],[88.985,21.644],[88.985,21.645],[88.986,21.645],[88.987,21.645],[88.987,21.645],[88.987,21.645],[88.988,21.645],[88.988,21.645],[88.989,21.645],[88.99,21.645],[88.99,21.644],[88.991,21.644],[88.991,21.644],[88.992,21.643],[88.992,21.642],[88.993,21.642],[88.993,21.641],[88.993,21.641],[88.993,21.64],[88.993,21.64],[88.993,21.639],[88.993,21.639],[88.993,21.638],[88.993,21.638],[88.993,21.637],[88.994,21.637],[88.994,21.636],[88.994,21.636],[88.994,21.635],[88.994,21.635],[88.994,21.634],[88.994,21.634],[88.994,21.633],[88.994,21.632],[88.994,21.632],[88.994,21.631],[88.995,21.63],[88.995,21.63],[88.995,21.629],[88.995,21.629],[88.995,21.629],[88.995,21.628],[88.995,21.628],[88.995,21.627],[88.995,21.627],[88.995,21.626],[88.995,21.626],[88.995,21.625],[88.995,21.625],[88.994,21.625],[88.994,21.624],[88.994,21.623],[88.994,21.623],[88.994,21.623],[88.993,21.622],[88.993,21.621],[88.993,21.621],[88.993,21.621],[88.993,21.619],[88.992,21.619],[88.992,21.618],[88.993,21.617],[88.993,21.617],[88.991,21.615],[88.991,21.615],[88.99,21.615],[88.99,21.614],[88.989,21.614],[88.989,21.614],[88.989,21.614],[88.988,21.614],[88.988,21.614],[88.988,21.613],[88.988,21.613],[88.987,21.613],[88.987,21.613],[88.986,21.613],[88.986,21.614],[88.986,21.614],[88.985,21.614],[88.984,21.613],[88.984,21.613],[88.984,21.613],[88.983,21.613],[88.982,21.613],[88.981,21.613],[88.98,21.613],[88.98,21.613],[88.976,21.613],[88.975,21.613],[88.974,21.613],[88.974,21.613],[88.973,21.613],[88.973,21.613],[88.973,21.613],[88.971,21.613],[88.97,21.614],[88.968,21.614],[88.967,21.614],[88.967,21.614],[88.967,21.614],[88.966,21.614],[88.966,21.614],[88.966,21.614],[88.966,21.615],[88.965,21.615],[88.965,21.615],[88.964,21.615],[88.963,21.615],[88.963,21.615],[88.963,21.616],[88.962,21.616],[88.962,21.616],[88.96,21.616],[88.96,21.617],[88.958,21.617],[88.958,21.617],[88.958,21.617],[88.957,21.617],[88.956,21.617],[88.956,21.618],[88.956,21.618],[88.956,21.618],[88.956,21.618],[88.956,21.618],[88.956,21.619],[88.957,21.619],[88.957,21.62],[88.957,21.62],[88.957,21.62],[88.958,21.621],[88.958,21.621],[88.958,21.621],[88.958,21.621],[88.959,21.622],[88.959,21.622],[88.959,21.622],[88.959,21.622],[88.958,21.622],[88.958,21.622],[88.958,21.623],[88.958,21.623],[88.957,21.624],[88.957,21.624],[88.957,21.624],[88.956,21.624],[88.956,21.625],[88.955,21.625],[88.953,21.628],[88.953,21.628],[88.952,21.629],[88.952,21.629],[88.952,21.629],[88.952,21.63],[88.951,21.631],[88.951,21.631],[88.951,21.631],[88.951,21.631],[88.95,21.632],[88.95,21.633],[88.949,21.634],[88.949,21.634],[88.948,21.635],[88.948,21.635],[88.948,21.635],[88.948,21.636],[88.947,21.636],[88.947,21.636],[88.947,21.637],[88.947,21.637],[88.947,21.637],[88.947,21.638],[88.946,21.638],[88.946,21.638],[88.945,21.639],[88.944,21.639],[88.943,21.639],[88.943,21.639],[88.943,21.639],[88.942,21.64],[88.942,21.64],[88.942,21.641],[88.942,21.641],[88.942,21.642],[88.941,21.642],[88.941,21.642],[88.941,21.642],[88.941,21.643],[88.941,21.644],[88.94,21.644],[88.94,21.646],[88.94,21.646],[88.94,21.646],[88.94,21.647],[88.94,21.647],[88.94,21.647],[88.94,21.647],[88.941,21.648],[88.941,21.648],[88.941,21.649],[88.941,21.649],[88.942,21.649],[88.942,21.649],[88.941,21.649],[88.941,21.65],[88.942,21.65],[88.942,21.65],[88.942,21.65],[88.942,21.651],[88.942,21.651],[88.942,21.651],[88.942,21.652],[88.942,21.652],[88.943,21.653],[88.943,21.653],[88.943,21.654],[88.943,21.654],[88.943,21.654],[88.943,21.655],[88.943,21.655],[88.944,21.655],[88.944,21.655],[88.944,21.656],[88.944,21.656],[88.944,21.657],[88.945,21.657],[88.945,21.658],[88.945,21.659],[88.945,21.659],[88.946,21.66],[88.946,21.661],[88.946,21.661],[88.946,21.662],[88.946,21.662],[88.947,21.663],[88.947,21.663],[88.947,21.664],[88.948,21.664],[88.948,21.665],[88.948,21.665],[88.948,21.665],[88.948,21.666],[88.949,21.666],[88.949,21.667],[88.949,21.667],[88.949,21.667],[88.95,21.668],[88.95,21.668],[88.95,21.668],[88.95,21.668],[88.95,21.669],[88.951,21.669],[88.951,21.67],[88.951,21.67],[88.951,21.671],[88.952,21.671],[88.952,21.672],[88.952,21.672],[88.952,21.673],[88.952,21.673],[88.953,21.673],[88.953,21.674],[88.953,21.674],[88.953,21.674],[88.954,21.675],[88.954,21.676],[88.954,21.676],[88.954,21.677],[88.955,21.677],[88.955,21.677],[88.956,21.677],[88.957,21.676],[88.957,21.676],[88.957,21.675],[88.958,21.675],[88.958,21.674],[88.958,21.674],[88.958,21.673],[88.958,21.673],[88.958,21.672],[88.959,21.672],[88.959,21.672],[88.959,21.671],[88.959,21.671],[88.959,21.67],[88.96,21.67],[88.96,21.669],[88.96,21.669],[88.96,21.668],[88.96,21.668],[88.96,21.667],[88.961,21.667],[88.961,21.666],[88.961,21.666],[88.961,21.665],[88.961,21.665],[88.961,21.665],[88.962,21.664],[88.962,21.664],[88.962,21.663],[88.962,21.663],[88.962,21.662],[88.962,21.662],[88.962,21.661],[88.962,21.66],[88.962,21.66],[88.962,21.659],[88.962,21.658],[88.962,21.657],[88.962,21.657],[88.962,21.656],[88.962,21.656],[88.962,21.655],[88.962,21.655],[88.962,21.654],[88.962,21.654],[88.962,21.653],[88.962,21.653],[88.962,21.652],[88.962,21.651],[88.962,21.651],[88.962,21.65],[88.962,21.649],[88.962,21.649],[88.962,21.648],[88.962,21.647],[88.962,21.647],[88.963,21.647],[88.963,21.646],[88.963,21.646],[88.963,21.646],[88.963,21.645],[88.964,21.645],[88.964,21.644],[88.964,21.644],[88.964,21.643],[88.964,21.643],[88.965,21.643],[88.965,21.642],[88.965,21.642],[88.965,21.642],[88.966,21.642]]],[[[88.634,21.657],[88.634,21.656],[88.634,21.656],[88.634,21.656],[88.634,21.656],[88.633,21.656],[88.633,21.655],[88.633,21.655],[88.633,21.654],[88.634,21.654],[88.634,21.653],[88.634,21.653],[88.634,21.652],[88.634,21.651],[88.634,21.651],[88.633,21.651],[88.633,21.65],[88.633,21.65],[88.632,21.649],[88.632,21.649],[88.631,21.649],[88.631,21.649],[88.63,21.649],[88.628,21.651],[88.628,21.651],[88.628,21.652],[88.628,21.652],[88.628,21.653],[88.628,21.654],[88.628,21.658],[88.628,21.659],[88.628,21.659],[88.629,21.659],[88.629,21.661],[88.629,21.661],[88.629,21.662],[88.629,21.662],[88.629,21.663],[88.629,21.664],[88.629,21.664],[88.63,21.664],[88.63,21.665],[88.63,21.666],[88.632,21.667],[88.632,21.667],[88.632,21.668],[88.631,21.668],[88.631,21.669],[88.632,21.67],[88.632,21.67],[88.633,21.671],[88.633,21.671],[88.634,21.672],[88.634,21.673],[88.634,21.673],[88.634,21.673],[88.634,21.674],[88.635,21.674],[88.635,21.675],[88.635,21.675],[88.636,21.675],[88.636,21.676],[88.636,21.676],[88.637,21.676],[88.637,21.677],[88.637,21.677],[88.637,21.677],[88.638,21.678],[88.638,21.678],[88.638,21.678],[88.639,21.678],[88.639,21.678],[88.64,21.678],[88.64,21.679],[88.64,21.679],[88.641,21.678],[88.641,21.678],[88.641,21.678],[88.641,21.677],[88.641,21.677],[88.641,21.677],[88.641,21.676],[88.641,21.676],[88.641,21.675],[88.641,21.675],[88.641,21.674],[88.641,21.674],[88.641,21.673],[88.64,21.673],[88.64,21.673],[88.64,21.672],[88.64,21.671],[88.64,21.671],[88.64,21.67],[88.64,21.67],[88.64,21.669],[88.64,21.669],[88.639,21.669],[88.639,21.669],[88.639,21.668],[88.639,21.668],[88.639,21.667],[88.639,21.667],[88.639,21.667],[88.638,21.666],[88.638,21.666],[88.638,21.666],[88.638,21.665],[88.637,21.665],[88.637,21.665],[88.636,21.664],[88.636,21.663],[88.636,21.663],[88.636,21.663],[88.636,21.663],[88.636,21.662],[88.635,21.661],[88.634,21.661],[88.634,21.661],[88.634,21.66],[88.634,21.66],[88.634,21.659],[88.634,21.659],[88.634,21.658],[88.634,21.657],[88.634,21.657]]],[[[88.577,21.692],[88.592,21.654],[88.556,21.636],[88.572,21.673],[88.577,21.692]]],[[[88.592,21.694],[88.593,21.693],[88.593,21.693],[88.594,21.692],[88.594,21.692],[88.595,21.691],[88.595,21.691],[88.596,21.69],[88.596,21.69],[88.597,21.689],[88.598,21.689],[88.598,21.689],[88.598,21.689],[88.598,21.689],[88.599,21.688],[88.6,21.688],[88.6,21.688],[88.601,21.687],[88.601,21.687],[88.601,21.687],[88.602,21.686],[88.602,21.686],[88.603,21.685],[88.603,21.685],[88.604,21.684],[88.604,21.684],[88.605,21.683],[88.605,21.682],[88.605,21.682],[88.606,21.681],[88.606,21.681],[88.606,21.681],[88.606,21.68],[88.606,21.68],[88.606,21.68],[88.606,21.679],[88.605,21.679],[88.605,21.679],[88.605,21.678],[88.604,21.678],[88.604,21.677],[88.603,21.677],[88.604,21.677],[88.604,21.676],[88.605,21.675],[88.606,21.674],[88.605,21.674],[88.605,21.673],[88.605,21.673],[88.605,21.673],[88.605,21.672],[88.604,21.672],[88.604,21.671],[88.602,21.668],[88.602,21.668],[88.6,21.667],[88.6,21.666],[88.6,21.666],[88.6,21.666],[88.6,21.666],[88.6,21.665],[88.599,21.664],[88.599,21.664],[88.597,21.663],[88.597,21.663],[88.597,21.663],[88.596,21.663],[88.595,21.661],[88.594,21.661],[88.594,21.661],[88.594,21.661],[88.593,21.66],[88.593,21.66],[88.592,21.66],[88.592,21.659],[88.592,21.659],[88.591,21.659],[88.591,21.659],[88.591,21.658],[88.59,21.658],[88.59,21.658],[88.59,21.658],[88.589,21.658],[88.589,21.658],[88.589,21.658],[88.589,21.657],[88.588,21.658],[88.588,21.658],[88.588,21.658],[88.588,21.658],[88.587,21.658],[88.587,21.659],[88.587,21.659],[88.587,21.659],[88.587,21.665],[88.587,21.665],[88.587,21.666],[88.587,21.666],[88.587,21.666],[88.587,21.667],[88.587,21.667],[88.587,21.668],[88.587,21.668],[88.587,21.669],[88.587,21.669],[88.587,21.669],[88.587,21.669],[88.586,21.67],[88.586,21.67],[88.586,21.671],[88.586,21.671],[88.586,21.672],[88.586,21.672],[88.586,21.672],[88.585,21.673],[88.585,21.673],[88.585,21.673],[88.585,21.674],[88.585,21.674],[88.584,21.674],[88.584,21.675],[88.584,21.675],[88.584,21.676],[88.584,21.676],[88.584,21.676],[88.583,21.677],[88.583,21.677],[88.583,21.678],[88.583,21.678],[88.582,21.679],[88.582,21.679],[88.582,21.679],[88.582,21.68],[88.582,21.68],[88.582,21.68],[88.581,21.68],[88.581,21.681],[88.581,21.681],[88.581,21.681],[88.581,21.682],[88.581,21.682],[88.581,21.682],[88.58,21.683],[88.58,21.683],[88.581,21.684],[88.581,21.684],[88.581,21.684],[88.582,21.685],[88.582,21.685],[88.583,21.686],[88.583,21.686],[88.584,21.686],[88.584,21.686],[88.585,21.687],[88.585,21.687],[88.586,21.687],[88.586,21.687],[88.587,21.688],[88.588,21.688],[88.588,21.688],[88.589,21.688],[88.589,21.688],[88.59,21.688],[88.59,21.689],[88.591,21.689],[88.591,21.689],[88.591,21.689],[88.591,21.689],[88.591,21.69],[88.592,21.69],[88.592,21.69],[88.592,21.691],[88.592,21.691],[88.592,21.692],[88.592,21.692],[88.591,21.693],[88.591,21.693],[88.591,21.694],[88.591,21.694],[88.59,21.694],[88.59,21.695],[88.59,21.695],[88.59,21.695],[88.589,21.696],[88.589,21.696],[88.589,21.697],[88.588,21.697],[88.588,21.697],[88.588,21.698],[88.588,21.698],[88.588,21.699],[88.588,21.699],[88.588,21.7],[88.588,21.7],[88.588,21.701],[88.588,21.701],[88.588,21.702],[88.588,21.702],[88.589,21.701],[88.589,21.701],[88.589,21.701],[88.589,21.7],[88.589,21.699],[88.589,21.699],[88.589,21.699],[88.59,21.699],[88.59,21.698],[88.591,21.696],[88.591,21.696],[88.592,21.695],[88.592,21.695],[88.592,21.695],[88.592,21.694]]],[[[88.984,21.706],[88.987,21.665],[89.022,21.644],[89.026,21.604],[88.996,21.632],[88.963,21.655],[88.953,21.693],[88.984,21.706]]],[[[88.807,21.707],[88.807,21.666],[88.767,21.665],[88.731,21.684],[88.77,21.693],[88.807,21.707]]],[[[88.311,21.706],[88.346,21.687],[88.358,21.648],[88.331,21.618],[88.314,21.655],[88.307,21.695],[88.311,21.706]]],[[[88.454,21.709],[88.47,21.673],[88.456,21.635],[88.42,21.653],[88.425,21.693],[88.454,21.709]]],[[[88.697,21.713],[88.713,21.676],[88.746,21.652],[88.708,21.664],[88.694,21.702],[88.697,21.713]]],[[[88.205,21.721],[88.196,21.682],[88.228,21.657],[88.212,21.62],[88.189,21.653],[88.183,21.693],[88.205,21.721]]],[[[89.059,21.722],[89.078,21.684],[89.095,21.647],[89.065,21.62],[89.028,21.637],[89.024,21.677],[89.027,21.717],[89.059,21.722]]],[[[88.978,21.727],[89.017,21.716],[89.021,21.675],[88.992,21.702],[88.978,21.727]]],[[[88.546,21.736],[88.58,21.716],[88.569,21.677],[88.551,21.641],[88.531,21.675],[88.518,21.713],[88.546,21.736]]],[[[88.196,21.724],[88.195,21.724],[88.195,21.724],[88.195,21.726],[88.195,21.726],[88.195,21.726],[88.195,21.726],[88.195,21.727],[88.196,21.727],[88.196,21.727],[88.196,21.728],[88.196,21.728],[88.196,21.729],[88.196,21.729],[88.196,21.73],[88.196,21.73],[88.196,21.73],[88.196,21.731],[88.196,21.731],[88.197,21.731],[88.197,21.731],[88.197,21.732],[88.197,21.732],[88.197,21.732],[88.198,21.732],[88.198,21.733],[88.198,21.733],[88.198,21.733],[88.199,21.734],[88.199,21.734],[88.199,21.734],[88.199,21.735],[88.2,21.735],[88.2,21.736],[88.2,21.736],[88.2,21.736],[88.201,21.736],[88.201,21.736],[88.201,21.736],[88.201,21.737],[88.201,21.737],[88.201,21.737],[88.201,21.736],[88.202,21.736],[88.202,21.735],[88.202,21.735],[88.202,21.734],[88.201,21.733],[88.201,21.733],[88.201,21.733],[88.201,21.731],[88.201,21.731],[88.201,21.731],[88.2,21.73],[88.2,21.73],[88.2,21.729],[88.2,21.729],[88.2,21.729],[88.2,21.728],[88.199,21.728],[88.199,21.728],[88.199,21.727],[88.199,21.727],[88.199,21.727],[88.198,21.727],[88.198,21.726],[88.198,21.726],[88.197,21.726],[88.197,21.726],[88.197,21.725],[88.197,21.725],[88.197,21.725],[88.196,21.725],[88.196,21.725],[88.196,21.724]]],[[[88.883,21.745],[88.915,21.721],[88.942,21.691],[88.928,21.652],[88.888,21.658],[88.873,21.696],[88.879,21.736],[88.883,21.745]]],[[[88.412,21.731],[88.413,21.691],[88.414,21.651],[88.408,21.611],[88.387,21.646],[88.383,21.686],[88.397,21.724],[88.412,21.731]]],[[[88.221,21.762],[88.261,21.756],[88.278,21.719],[88.303,21.687],[88.294,21.648],[88.289,21.606],[88.296,21.567],[88.256,21.561],[88.24,21.598],[88.236,21.639],[88.221,21.676],[88.215,21.716],[88.215,21.756],[88.221,21.762]]],[[[88.927,21.762],[88.965,21.75],[88.978,21.711],[88.938,21.711],[88.928,21.75],[88.927,21.762]]],[[[88.365,21.764],[88.364,21.724],[88.346,21.76],[88.365,21.764]]],[[[89.005,21.765],[89.038,21.742],[89.001,21.757],[89.005,21.765]]],[[[88.832,21.766],[88.845,21.728],[88.841,21.687],[88.857,21.65],[88.824,21.627],[88.823,21.67],[88.816,21.709],[88.776,21.704],[88.788,21.742],[88.823,21.76],[88.832,21.766]]],[[[88.385,21.764],[88.385,21.764],[88.386,21.764],[88.386,21.763],[88.387,21.763],[88.387,21.763],[88.387,21.763],[88.388,21.762],[88.388,21.762],[88.389,21.762],[88.389,21.761],[88.39,21.76],[88.39,21.759],[88.39,21.757],[88.39,21.755],[88.389,21.753],[88.388,21.749],[88.388,21.747],[88.388,21.745],[88.388,21.744],[88.388,21.743],[88.388,21.743],[88.387,21.742],[88.387,21.742],[88.387,21.741],[88.387,21.741],[88.386,21.741],[88.386,21.74],[88.385,21.739],[88.384,21.739],[88.384,21.738],[88.384,21.738],[88.383,21.738],[88.383,21.738],[88.382,21.738],[88.382,21.738],[88.381,21.737],[88.38,21.737],[88.38,21.737],[88.379,21.737],[88.378,21.737],[88.378,21.737],[88.377,21.738],[88.377,21.738],[88.376,21.738],[88.376,21.738],[88.376,21.738],[88.375,21.738],[88.375,21.737],[88.375,21.738],[88.374,21.737],[88.374,21.737],[88.374,21.737],[88.372,21.737],[88.372,21.736],[88.372,21.736],[88.371,21.736],[88.371,21.736],[88.371,21.736],[88.37,21.736],[88.368,21.735],[88.368,21.734],[88.368,21.734],[88.368,21.734],[88.368,21.734],[88.367,21.734],[88.367,21.733],[88.367,21.733],[88.366,21.733],[88.366,21.733],[88.365,21.732],[88.365,21.732],[88.364,21.732],[88.364,21.732],[88.364,21.732],[88.364,21.732],[88.364,21.732],[88.363,21.732],[88.363,21.732],[88.363,21.732],[88.362,21.732],[88.362,21.733],[88.362,21.733],[88.361,21.734],[88.361,21.734],[88.361,21.735],[88.361,21.735],[88.361,21.736],[88.361,21.736],[88.361,21.737],[88.362,21.737],[88.362,21.738],[88.362,21.738],[88.362,21.739],[88.362,21.739],[88.362,21.74],[88.362,21.741],[88.362,21.741],[88.362,21.742],[88.362,21.742],[88.361,21.743],[88.361,21.743],[88.361,21.744],[88.361,21.744],[88.361,21.745],[88.361,21.745],[88.361,21.746],[88.361,21.747],[88.361,21.747],[88.362,21.748],[88.362,21.748],[88.362,21.748],[88.363,21.749],[88.363,21.749],[88.363,21.749],[88.364,21.75],[88.366,21.752],[88.366,21.752],[88.366,21.753],[88.367,21.753],[88.367,21.753],[88.367,21.753],[88.367,21.754],[88.367,21.754],[88.367,21.754],[88.367,21.755],[88.367,21.755],[88.367,21.756],[88.368,21.756],[88.368,21.757],[88.368,21.757],[88.369,21.757],[88.369,21.757],[88.37,21.758],[88.37,21.758],[88.371,21.758],[88.371,21.759],[88.371,21.759],[88.372,21.759],[88.372,21.76],[88.372,21.76],[88.372,21.761],[88.372,21.761],[88.372,21.762],[88.372,21.763],[88.373,21.763],[88.373,21.764],[88.374,21.764],[88.374,21.764],[88.375,21.764],[88.375,21.765],[88.375,21.765],[88.376,21.765],[88.376,21.765],[88.376,21.765],[88.377,21.766],[88.378,21.766],[88.378,21.766],[88.379,21.766],[88.379,21.766],[88.38,21.767],[88.38,21.767],[88.381,21.767],[88.382,21.767],[88.382,21.767],[88.383,21.766],[88.383,21.766],[88.383,21.765],[88.384,21.765],[88.384,21.765],[88.385,21.764]]],[[[88.201,21.769],[88.201,21.768],[88.201,21.768],[88.201,21.767],[88.201,21.767],[88.201,21.767],[88.201,21.766],[88.201,21.766],[88.202,21.765],[88.202,21.765],[88.202,21.765],[88.202,21.764],[88.202,21.764],[88.202,21.764],[88.202,21.764],[88.202,21.763],[88.202,21.763],[88.202,21.763],[88.202,21.762],[88.202,21.762],[88.202,21.761],[88.201,21.76],[88.199,21.759],[88.199,21.759],[88.199,21.759],[88.198,21.758],[88.197,21.758],[88.196,21.757],[88.196,21.758],[88.196,21.758],[88.196,21.758],[88.196,21.758],[88.195,21.759],[88.195,21.759],[88.195,21.759],[88.195,21.76],[88.194,21.76],[88.194,21.761],[88.194,21.761],[88.194,21.762],[88.194,21.762],[88.194,21.763],[88.194,21.764],[88.194,21.764],[88.194,21.764],[88.194,21.764],[88.195,21.765],[88.195,21.765],[88.196,21.766],[88.196,21.766],[88.197,21.768],[88.197,21.768],[88.198,21.768],[88.198,21.769],[88.199,21.769],[88.199,21.769],[88.2,21.769],[88.2,21.769],[88.201,21.769]]],[[[88.283,21.765],[88.283,21.765],[88.283,21.765],[88.281,21.767],[88.281,21.767],[88.281,21.768],[88.279,21.77],[88.281,21.77],[88.281,21.769],[88.282,21.769],[88.282,21.768],[88.283,21.767],[88.283,21.767],[88.282,21.767],[88.283,21.766],[88.283,21.766],[88.283,21.766],[88.283,21.766],[88.283,21.765],[88.283,21.765]]],[[[88.582,21.778],[88.605,21.744],[88.571,21.766],[88.582,21.778]]],[[[88.302,21.725],[88.286,21.762],[88.303,21.725],[88.302,21.725]]],[[[88.505,21.783],[88.504,21.781],[88.504,21.781],[88.504,21.781],[88.503,21.781],[88.503,21.781],[88.503,21.781],[88.502,21.781],[88.502,21.781],[88.502,21.781],[88.501,21.781],[88.501,21.782],[88.501,21.782],[88.501,21.782],[88.501,21.783],[88.501,21.783],[88.502,21.783],[88.502,21.784],[88.502,21.784],[88.502,21.784],[88.502,21.784],[88.502,21.785],[88.503,21.785],[88.503,21.785],[88.503,21.786],[88.503,21.786],[88.504,21.786],[88.504,21.787],[88.505,21.787],[88.505,21.787],[88.506,21.788],[88.506,21.788],[88.506,21.788],[88.507,21.788],[88.506,21.786],[88.506,21.785],[88.506,21.785],[88.506,21.784],[88.506,21.784],[88.505,21.783]]],[[[89.0,21.785],[89.002,21.745],[88.962,21.754],[88.986,21.787],[89.0,21.785]]],[[[88.61,21.79],[88.628,21.755],[88.618,21.716],[88.597,21.751],[88.606,21.79],[88.61,21.79]]],[[[88.274,21.791],[88.275,21.791],[88.275,21.791],[88.276,21.791],[88.277,21.791],[88.278,21.791],[88.278,21.791],[88.279,21.79],[88.279,21.79],[88.28,21.79],[88.28,21.79],[88.281,21.79],[88.282,21.79],[88.282,21.789],[88.283,21.789],[88.283,21.789],[88.284,21.789],[88.284,21.788],[88.285,21.788],[88.285,21.788],[88.286,21.787],[88.286,21.787],[88.286,21.786],[88.287,21.786],[88.287,21.785],[88.287,21.785],[88.287,21.784],[88.287,21.784],[88.288,21.784],[88.288,21.783],[88.288,21.782],[88.288,21.782],[88.288,21.781],[88.288,21.781],[88.288,21.78],[88.287,21.78],[88.287,21.779],[88.287,21.779],[88.287,21.779],[88.287,21.779],[88.286,21.778],[88.286,21.778],[88.286,21.777],[88.286,21.777],[88.286,21.777],[88.285,21.776],[88.285,21.776],[88.285,21.776],[88.285,21.775],[88.285,21.775],[88.284,21.774],[88.284,21.773],[88.284,21.773],[88.284,21.772],[88.284,21.771],[88.284,21.771],[88.284,21.771],[88.284,21.77],[88.283,21.77],[88.283,21.769],[88.283,21.769],[88.283,21.77],[88.283,21.77],[88.283,21.77],[88.282,21.77],[88.282,21.77],[88.281,21.771],[88.28,21.771],[88.28,21.772],[88.28,21.772],[88.279,21.772],[88.279,21.772],[88.278,21.773],[88.278,21.773],[88.277,21.773],[88.277,21.773],[88.277,21.774],[88.277,21.774],[88.276,21.774],[88.276,21.774],[88.276,21.774],[88.276,21.774],[88.275,21.775],[88.275,21.775],[88.274,21.776],[88.274,21.776],[88.274,21.776],[88.273,21.776],[88.273,21.777],[88.273,21.777],[88.273,21.777],[88.273,21.778],[88.272,21.778],[88.272,21.778],[88.272,21.779],[88.272,21.779],[88.271,21.78],[88.271,21.78],[88.271,21.78],[88.27,21.781],[88.27,21.781],[88.27,21.782],[88.27,21.782],[88.269,21.782],[88.269,21.782],[88.269,21.783],[88.268,21.783],[88.268,21.784],[88.267,21.784],[88.267,21.785],[88.267,21.786],[88.266,21.786],[88.266,21.787],[88.266,21.787],[88.266,21.787],[88.265,21.788],[88.265,21.788],[88.265,21.789],[88.265,21.789],[88.264,21.79],[88.264,21.79],[88.264,21.79],[88.264,21.791],[88.264,21.791],[88.264,21.791],[88.264,21.792],[88.264,21.792],[88.264,21.792],[88.264,21.793],[88.264,21.793],[88.264,21.793],[88.264,21.793],[88.265,21.793],[88.265,21.792],[88.266,21.792],[88.266,21.792],[88.267,21.792],[88.267,21.792],[88.268,21.792],[88.268,21.792],[88.269,21.792],[88.269,21.791],[88.27,21.791],[88.27,21.791],[88.271,21.791],[88.271,21.791],[88.272,21.791],[88.272,21.791],[88.273,21.791],[88.273,21.791],[88.274,21.791]]],[[[88.183,21.788],[88.182,21.786],[88.182,21.786],[88.182,21.786],[88.181,21.786],[88.181,21.786],[88.181,21.786],[88.181,21.787],[88.18,21.787],[88.18,21.788],[88.18,21.788],[88.18,21.788],[88.18,21.788],[88.18,21.789],[88.18,21.789],[88.179,21.789],[88.179,21.79],[88.179,21.79],[88.179,21.791],[88.179,21.791],[88.179,21.793],[88.179,21.793],[88.179,21.794],[88.18,21.795],[88.18,21.795],[88.181,21.796],[88.182,21.794],[88.182,21.794],[88.183,21.793],[88.183,21.793],[88.184,21.792],[88.184,21.792],[88.184,21.792],[88.185,21.791],[88.185,21.789],[88.185,21.789],[88.185,21.789],[88.184,21.788],[88.183,21.788]]],[[[88.459,21.789],[88.467,21.749],[88.456,21.711],[88.425,21.738],[88.435,21.777],[88.459,21.789]]],[[[88.716,21.807],[88.738,21.774],[88.751,21.736],[88.761,21.695],[88.723,21.68],[88.705,21.716],[88.698,21.756],[88.712,21.794],[88.716,21.807]]],[[[88.171,21.809],[88.172,21.808],[88.172,21.807],[88.173,21.807],[88.173,21.807],[88.173,21.806],[88.173,21.804],[88.173,21.803],[88.173,21.803],[88.174,21.802],[88.174,21.802],[88.174,21.802],[88.174,21.802],[88.174,21.801],[88.174,21.8],[88.174,21.799],[88.174,21.799],[88.174,21.799],[88.174,21.797],[88.173,21.796],[88.173,21.796],[88.173,21.795],[88.172,21.794],[88.172,21.794],[88.172,21.794],[88.172,21.793],[88.172,21.793],[88.172,21.792],[88.17,21.791],[88.169,21.791],[88.169,21.791],[88.167,21.791],[88.167,21.792],[88.167,21.794],[88.166,21.794],[88.166,21.794],[88.166,21.795],[88.166,21.796],[88.166,21.796],[88.166,21.798],[88.165,21.799],[88.165,21.8],[88.166,21.801],[88.166,21.802],[88.166,21.802],[88.166,21.803],[88.166,21.803],[88.166,21.804],[88.166,21.804],[88.166,21.805],[88.167,21.806],[88.167,21.806],[88.167,21.806],[88.167,21.807],[88.168,21.807],[88.168,21.807],[88.168,21.808],[88.169,21.808],[88.169,21.808],[88.17,21.808],[88.17,21.808],[88.171,21.808],[88.171,21.808],[88.171,21.809]]],[[[88.545,21.81],[88.563,21.775],[88.573,21.736],[88.533,21.731],[88.517,21.768],[88.532,21.805],[88.545,21.81]]],[[[88.422,21.811],[88.423,21.771],[88.424,21.731],[88.396,21.759],[88.405,21.798],[88.422,21.811]]],[[[89.0,21.812],[89.018,21.776],[88.995,21.809],[89.0,21.812]]],[[[88.751,21.795],[88.751,21.795],[88.751,21.794],[88.751,21.793],[88.751,21.793],[88.751,21.792],[88.751,21.792],[88.751,21.791],[88.751,21.791],[88.751,21.791],[88.751,21.79],[88.751,21.79],[88.752,21.789],[88.752,21.789],[88.752,21.788],[88.752,21.788],[88.752,21.787],[88.752,21.787],[88.752,21.786],[88.752,21.786],[88.753,21.786],[88.753,21.785],[88.753,21.785],[88.753,21.785],[88.753,21.785],[88.753,21.784],[88.753,21.784],[88.754,21.784],[88.754,21.783],[88.754,21.783],[88.754,21.783],[88.754,21.783],[88.754,21.782],[88.755,21.782],[88.755,21.781],[88.755,21.781],[88.755,21.781],[88.756,21.78],[88.755,21.78],[88.755,21.78],[88.755,21.779],[88.755,21.779],[88.754,21.779],[88.754,21.778],[88.754,21.778],[88.753,21.778],[88.753,21.778],[88.753,21.778],[88.752,21.778],[88.752,21.778],[88.752,21.777],[88.751,21.777],[88.751,21.778],[88.751,21.778],[88.751,21.777],[88.75,21.777],[88.75,21.777],[88.749,21.777],[88.749,21.776],[88.749,21.776],[88.749,21.776],[88.749,21.776],[88.749,21.775],[88.748,21.775],[88.748,21.775],[88.748,21.774],[88.748,21.774],[88.748,21.774],[88.747,21.774],[88.747,21.773],[88.747,21.773],[88.747,21.773],[88.746,21.772],[88.746,21.772],[88.746,21.772],[88.745,21.772],[88.745,21.773],[88.744,21.773],[88.743,21.774],[88.742,21.774],[88.742,21.774],[88.741,21.774],[88.74,21.774],[88.738,21.774],[88.737,21.775],[88.736,21.775],[88.735,21.776],[88.735,21.777],[88.735,21.778],[88.735,21.779],[88.735,21.779],[88.735,21.779],[88.734,21.779],[88.734,21.78],[88.733,21.78],[88.732,21.78],[88.732,21.78],[88.731,21.78],[88.731,21.779],[88.73,21.779],[88.73,21.779],[88.729,21.779],[88.729,21.78],[88.728,21.78],[88.728,21.785],[88.729,21.785],[88.729,21.786],[88.729,21.786],[88.729,21.787],[88.729,21.787],[88.729,21.788],[88.728,21.788],[88.728,21.792],[88.728,21.792],[88.728,21.793],[88.728,21.793],[88.728,21.794],[88.728,21.794],[88.729,21.795],[88.729,21.795],[88.73,21.796],[88.73,21.796],[88.731,21.796],[88.731,21.796],[88.732,21.796],[88.733,21.796],[88.733,21.796],[88.734,21.796],[88.735,21.796],[88.735,21.797],[88.736,21.797],[88.737,21.797],[88.737,21.798],[88.738,21.798],[88.738,21.799],[88.738,21.799],[88.739,21.8],[88.739,21.8],[88.739,21.801],[88.739,21.801],[88.739,21.802],[88.739,21.802],[88.74,21.803],[88.74,21.803],[88.74,21.804],[88.74,21.804],[88.741,21.805],[88.741,21.805],[88.741,21.805],[88.742,21.806],[88.742,21.806],[88.742,21.807],[88.743,21.807],[88.743,21.808],[88.744,21.808],[88.744,21.809],[88.745,21.809],[88.745,21.81],[88.746,21.81],[88.746,21.811],[88.747,21.811],[88.747,21.812],[88.748,21.812],[88.748,21.813],[88.749,21.813],[88.75,21.814],[88.75,21.814],[88.751,21.814],[88.751,21.814],[88.751,21.814],[88.751,21.813],[88.751,21.813],[88.751,21.812],[88.751,21.811],[88.751,21.811],[88.751,21.81],[88.751,21.809],[88.75,21.809],[88.75,21.808],[88.75,21.808],[88.75,21.807],[88.75,21.806],[88.749,21.806],[88.749,21.805],[88.749,21.805],[88.749,21.804],[88.749,21.804],[88.749,21.803],[88.75,21.802],[88.75,21.802],[88.75,21.801],[88.749,21.801],[88.749,21.801],[88.749,21.8],[88.75,21.8],[88.75,21.799],[88.75,21.798],[88.75,21.798],[88.75,21.797],[88.75,21.797],[88.751,21.796],[88.751,21.795]]],[[[88.828,21.804],[88.826,21.764],[88.786,21.758],[88.801,21.796],[88.828,21.804]]],[[[88.787,21.745],[88.754,21.768],[88.773,21.803],[88.782,21.763],[88.787,21.745]]],[[[88.916,21.826],[88.922,21.786],[88.901,21.752],[88.903,21.792],[88.916,21.826]]],[[[88.182,21.826],[88.183,21.825],[88.183,21.824],[88.183,21.824],[88.183,21.823],[88.183,21.823],[88.183,21.823],[88.184,21.822],[88.184,21.822],[88.184,21.821],[88.185,21.821],[88.185,21.821],[88.185,21.821],[88.185,21.821],[88.186,21.82],[88.185,21.82],[88.186,21.819],[88.185,21.819],[88.185,21.819],[88.185,21.819],[88.184,21.82],[88.184,21.82],[88.184,21.82],[88.184,21.82],[88.183,21.82],[88.183,21.82],[88.183,21.821],[88.182,21.821],[88.182,21.821],[88.181,21.821],[88.181,21.822],[88.181,21.822],[88.178,21.825],[88.178,21.825],[88.178,21.826],[88.179,21.826],[88.179,21.826],[88.179,21.826],[88.179,21.826],[88.18,21.826],[88.181,21.826],[88.181,21.826],[88.181,21.827],[88.181,21.827],[88.182,21.826],[88.182,21.826]]],[[[88.559,21.83],[88.56,21.829],[88.56,21.829],[88.56,21.829],[88.56,21.829],[88.561,21.828],[88.56,21.828],[88.56,21.827],[88.56,21.827],[88.56,21.827],[88.56,21.827],[88.559,21.826],[88.559,21.826],[88.559,21.825],[88.558,21.825],[88.558,21.825],[88.558,21.824],[88.558,21.824],[88.557,21.824],[88.557,21.824],[88.557,21.824],[88.556,21.824],[88.556,21.825],[88.556,21.825],[88.556,21.825],[88.556,21.825],[88.556,21.826],[88.556,21.826],[88.556,21.826],[88.557,21.827],[88.557,21.827],[88.558,21.827],[88.558,21.827],[88.558,21.828],[88.559,21.828],[88.559,21.829],[88.559,21.829],[88.559,21.829],[88.559,21.829],[88.559,21.83],[88.559,21.83]]],[[[88.485,21.835],[88.485,21.835],[88.486,21.835],[88.487,21.835],[88.487,21.835],[88.488,21.835],[88.488,21.835],[88.488,21.835],[88.489,21.835],[88.489,21.835],[88.49,21.835],[88.49,21.834],[88.49,21.834],[88.491,21.833],[88.491,21.832],[88.491,21.832],[88.491,21.831],[88.491,21.831],[88.491,21.83],[88.491,21.83],[88.491,21.83],[88.491,21.83],[88.492,21.83],[88.492,21.829],[88.492,21.829],[88.492,21.829],[88.493,21.829],[88.493,21.828],[88.493,21.828],[88.494,21.827],[88.494,21.827],[88.495,21.826],[88.495,21.826],[88.495,21.826],[88.495,21.825],[88.496,21.825],[88.496,21.825],[88.496,21.824],[88.498,21.823],[88.498,21.822],[88.498,21.822],[88.498,21.821],[88.498,21.821],[88.498,21.82],[88.499,21.82],[88.499,21.819],[88.499,21.818],[88.499,21.816],[88.5,21.816],[88.5,21.814],[88.5,21.813],[88.5,21.813],[88.5,21.813],[88.5,21.813],[88.5,21.812],[88.5,21.811],[88.499,21.811],[88.499,21.81],[88.498,21.81],[88.498,21.81],[88.497,21.809],[88.497,21.809],[88.497,21.809],[88.496,21.808],[88.496,21.808],[88.496,21.808],[88.495,21.807],[88.495,21.807],[88.495,21.807],[88.494,21.807],[88.493,21.806],[88.493,21.806],[88.493,21.806],[88.492,21.805],[88.492,21.805],[88.492,21.804],[88.491,21.804],[88.49,21.804],[88.49,21.802],[88.489,21.802],[88.489,21.802],[88.488,21.802],[88.488,21.802],[88.488,21.801],[88.487,21.801],[88.487,21.801],[88.486,21.8],[88.486,21.799],[88.486,21.799],[88.485,21.799],[88.484,21.799],[88.484,21.799],[88.483,21.799],[88.483,21.799],[88.483,21.799],[88.482,21.8],[88.482,21.8],[88.482,21.8],[88.481,21.8],[88.481,21.8],[88.48,21.8],[88.48,21.8],[88.479,21.8],[88.479,21.8],[88.479,21.8],[88.478,21.8],[88.478,21.799],[88.477,21.799],[88.477,21.799],[88.476,21.799],[88.476,21.799],[88.475,21.799],[88.475,21.8],[88.474,21.8],[88.474,21.8],[88.473,21.8],[88.473,21.8],[88.472,21.8],[88.472,21.8],[88.471,21.8],[88.47,21.8],[88.47,21.8],[88.469,21.8],[88.468,21.8],[88.468,21.8],[88.467,21.8],[88.467,21.8],[88.466,21.8],[88.465,21.8],[88.465,21.8],[88.464,21.8],[88.464,21.8],[88.463,21.8],[88.463,21.8],[88.462,21.801],[88.462,21.8],[88.461,21.801],[88.461,21.801],[88.46,21.801],[88.46,21.801],[88.459,21.801],[88.459,21.801],[88.458,21.801],[88.458,21.801],[88.458,21.802],[88.457,21.802],[88.457,21.802],[88.456,21.803],[88.456,21.803],[88.456,21.804],[88.455,21.804],[88.455,21.804],[88.454,21.805],[88.454,21.805],[88.453,21.805],[88.453,21.806],[88.453,21.806],[88.453,21.806],[88.453,21.807],[88.452,21.807],[88.452,21.807],[88.452,21.808],[88.452,21.808],[88.452,21.808],[88.451,21.809],[88.451,21.809],[88.451,21.809],[88.451,21.81],[88.451,21.81],[88.45,21.811],[88.45,21.811],[88.45,21.811],[88.449,21.812],[88.449,21.813],[88.449,21.813],[88.45,21.814],[88.45,21.814],[88.45,21.815],[88.45,21.815],[88.451,21.815],[88.451,21.816],[88.451,21.816],[88.452,21.816],[88.452,21.816],[88.453,21.817],[88.453,21.817],[88.454,21.817],[88.454,21.817],[88.454,21.818],[88.454,21.818],[88.455,21.818],[88.455,21.818],[88.455,21.818],[88.455,21.818],[88.456,21.819],[88.456,21.819],[88.456,21.819],[88.457,21.819],[88.457,21.819],[88.458,21.819],[88.458,21.819],[88.458,21.819],[88.459,21.819],[88.459,21.82],[88.46,21.82],[88.46,21.82],[88.46,21.82],[88.461,21.82],[88.461,21.82],[88.461,21.82],[88.461,21.821],[88.462,21.821],[88.462,21.821],[88.463,21.821],[88.463,21.821],[88.463,21.821],[88.464,21.821],[88.464,21.821],[88.464,21.822],[88.464,21.822],[88.465,21.822],[88.465,21.822],[88.466,21.823],[88.466,21.823],[88.466,21.823],[88.467,21.823],[88.467,21.823],[88.468,21.823],[88.468,21.824],[88.469,21.824],[88.469,21.824],[88.47,21.824],[88.47,21.825],[88.471,21.825],[88.471,21.826],[88.472,21.826],[88.472,21.826],[88.472,21.827],[88.473,21.827],[88.473,21.828],[88.473,21.828],[88.473,21.828],[88.473,21.829],[88.474,21.829],[88.474,21.829],[88.474,21.83],[88.474,21.83],[88.474,21.83],[88.474,21.831],[88.475,21.831],[88.475,21.832],[88.475,21.832],[88.475,21.832],[88.475,21.833],[88.476,21.833],[88.476,21.834],[88.477,21.834],[88.477,21.834],[88.478,21.835],[88.478,21.835],[88.479,21.835],[88.479,21.835],[88.479,21.835],[88.48,21.835],[88.48,21.835],[88.481,21.835],[88.481,21.835],[88.482,21.835],[88.482,21.835],[88.483,21.835],[88.483,21.835],[88.484,21.835],[88.484,21.835],[88.484,21.835],[88.485,21.835]]],[[[88.941,21.847],[88.975,21.823],[88.944,21.797],[88.919,21.764],[88.929,21.803],[88.935,21.843],[88.941,21.847]]],[[[88.592,21.85],[88.61,21.811],[88.581,21.838],[88.592,21.85]]],[[[88.52,21.855],[88.521,21.854],[88.521,21.854],[88.521,21.854],[88.522,21.854],[88.522,21.853],[88.522,21.853],[88.522,21.853],[88.523,21.853],[88.525,21.851],[88.525,21.851],[88.526,21.85],[88.526,21.849],[88.526,21.848],[88.526,21.848],[88.526,21.847],[88.526,21.847],[88.527,21.846],[88.527,21.846],[88.526,21.846],[88.526,21.845],[88.527,21.844],[88.527,21.844],[88.527,21.844],[88.527,21.843],[88.527,21.843],[88.527,21.843],[88.527,21.843],[88.527,21.841],[88.528,21.841],[88.528,21.84],[88.527,21.839],[88.527,21.839],[88.527,21.838],[88.527,21.838],[88.526,21.838],[88.526,21.837],[88.526,21.837],[88.526,21.837],[88.526,21.836],[88.526,21.836],[88.526,21.836],[88.525,21.835],[88.524,21.835],[88.524,21.835],[88.523,21.835],[88.523,21.835],[88.523,21.835],[88.522,21.835],[88.522,21.836],[88.522,21.836],[88.521,21.836],[88.521,21.836],[88.52,21.836],[88.52,21.836],[88.519,21.836],[88.519,21.836],[88.518,21.837],[88.518,21.837],[88.517,21.838],[88.517,21.838],[88.517,21.838],[88.517,21.839],[88.516,21.839],[88.516,21.84],[88.516,21.84],[88.516,21.841],[88.516,21.841],[88.517,21.841],[88.517,21.842],[88.518,21.842],[88.518,21.843],[88.518,21.844],[88.52,21.844],[88.52,21.844],[88.52,21.844],[88.522,21.846],[88.522,21.846],[88.521,21.847],[88.522,21.847],[88.522,21.848],[88.521,21.849],[88.519,21.849],[88.518,21.849],[88.518,21.848],[88.518,21.849],[88.518,21.849],[88.517,21.85],[88.518,21.85],[88.518,21.851],[88.518,21.852],[88.518,21.853],[88.518,21.853],[88.518,21.854],[88.518,21.854],[88.518,21.854],[88.518,21.854],[88.519,21.855],[88.519,21.855],[88.519,21.855],[88.52,21.855]]],[[[88.538,21.854],[88.537,21.853],[88.537,21.853],[88.536,21.854],[88.538,21.855],[88.539,21.855],[88.539,21.856],[88.54,21.856],[88.541,21.856],[88.541,21.857],[88.542,21.857],[88.542,21.857],[88.542,21.857],[88.542,21.857],[88.541,21.856],[88.541,21.855],[88.54,21.854],[88.539,21.854],[88.538,21.854]]],[[[88.331,21.861],[88.351,21.825],[88.373,21.792],[88.346,21.762],[88.345,21.722],[88.308,21.738],[88.298,21.777],[88.263,21.795],[88.291,21.824],[88.314,21.857],[88.331,21.861]]],[[[88.856,21.865],[88.88,21.831],[88.888,21.79],[88.894,21.75],[88.863,21.777],[88.841,21.813],[88.843,21.853],[88.856,21.865]]],[[[88.583,21.866],[88.582,21.865],[88.582,21.866],[88.582,21.866],[88.582,21.866],[88.581,21.867],[88.581,21.867],[88.581,21.868],[88.581,21.868],[88.581,21.869],[88.581,21.869],[88.581,21.87],[88.581,21.87],[88.581,21.871],[88.581,21.871],[88.581,21.872],[88.581,21.872],[88.581,21.873],[88.581,21.873],[88.581,21.873],[88.582,21.874],[88.582,21.874],[88.582,21.875],[88.582,21.875],[88.583,21.876],[88.583,21.876],[88.584,21.876],[88.584,21.877],[88.585,21.877],[88.585,21.877],[88.585,21.876],[88.585,21.876],[88.586,21.876],[88.586,21.875],[88.586,21.875],[88.586,21.874],[88.585,21.873],[88.585,21.873],[88.585,21.872],[88.585,21.872],[88.585,21.871],[88.585,21.871],[88.585,21.87],[88.585,21.87],[88.585,21.87],[88.585,21.87],[88.585,21.869],[88.584,21.869],[88.584,21.868],[88.584,21.868],[88.584,21.867],[88.584,21.867],[88.583,21.866],[88.583,21.866]]],[[[88.137,21.875],[88.153,21.838],[88.164,21.799],[88.17,21.759],[88.163,21.72],[88.151,21.682],[88.146,21.642],[88.109,21.626],[88.07,21.634],[88.039,21.66],[88.042,21.7],[88.061,21.736],[88.072,21.774],[88.091,21.81],[88.111,21.845],[88.135,21.877],[88.137,21.875]]],[[[88.789,21.879],[88.827,21.864],[88.82,21.824],[88.796,21.792],[88.776,21.827],[88.777,21.867],[88.789,21.879]]],[[[88.979,21.893],[89.015,21.876],[89.03,21.838],[88.997,21.815],[88.977,21.78],[88.98,21.82],[88.963,21.857],[88.979,21.893]]],[[[88.622,21.898],[88.651,21.87],[88.648,21.83],[88.643,21.79],[88.613,21.816],[88.596,21.852],[88.612,21.889],[88.622,21.898]]],[[[88.137,21.895],[88.137,21.894],[88.136,21.894],[88.136,21.895],[88.136,21.896],[88.137,21.897],[88.138,21.898],[88.138,21.898],[88.138,21.898],[88.138,21.898],[88.138,21.898],[88.139,21.898],[88.139,21.898],[88.138,21.896],[88.137,21.895]]],[[[88.817,21.901],[88.817,21.901],[88.818,21.901],[88.818,21.901],[88.818,21.901],[88.819,21.9],[88.819,21.9],[88.819,21.9],[88.82,21.9],[88.821,21.9],[88.821,21.9],[88.821,21.899],[88.823,21.899],[88.823,21.899],[88.824,21.899],[88.824,21.899],[88.826,21.899],[88.827,21.899],[88.827,21.899],[88.827,21.899],[88.828,21.899],[88.828,21.899],[88.829,21.899],[88.829,21.898],[88.829,21.898],[88.829,21.898],[88.83,21.898],[88.83,21.898],[88.83,21.898],[88.831,21.898],[88.831,21.898],[88.831,21.897],[88.831,21.897],[88.832,21.897],[88.832,21.897],[88.833,21.896],[88.833,21.896],[88.834,21.895],[88.834,21.895],[88.838,21.892],[88.838,21.892],[88.838,21.892],[88.838,21.891],[88.839,21.89],[88.839,21.889],[88.839,21.889],[88.84,21.889],[88.84,21.888],[88.841,21.888],[88.841,21.887],[88.841,21.887],[88.841,21.886],[88.841,21.886],[88.841,21.886],[88.841,21.885],[88.841,21.885],[88.841,21.882],[88.84,21.882],[88.84,21.881],[88.84,21.881],[88.84,21.881],[88.84,21.88],[88.84,21.88],[88.84,21.88],[88.84,21.879],[88.839,21.878],[88.839,21.878],[88.839,21.877],[88.839,21.876],[88.838,21.876],[88.838,21.876],[88.838,21.875],[88.838,21.875],[88.838,21.875],[88.837,21.874],[88.837,21.874],[88.837,21.873],[88.837,21.873],[88.836,21.872],[88.836,21.872],[88.835,21.871],[88.835,21.871],[88.834,21.87],[88.834,21.869],[88.834,21.869],[88.834,21.869],[88.832,21.867],[88.832,21.866],[88.831,21.866],[88.831,21.865],[88.83,21.865],[88.83,21.865],[88.83,21.865],[88.83,21.865],[88.829,21.865],[88.829,21.865],[88.828,21.865],[88.828,21.865],[88.828,21.865],[88.827,21.865],[88.827,21.866],[88.827,21.866],[88.826,21.867],[88.826,21.867],[88.825,21.867],[88.825,21.868],[88.825,21.868],[88.825,21.868],[88.825,21.868],[88.825,21.868],[88.825,21.869],[88.824,21.869],[88.824,21.87],[88.824,21.87],[88.824,21.871],[88.823,21.872],[88.823,21.872],[88.822,21.872],[88.822,21.872],[88.821,21.872],[88.819,21.872],[88.819,21.872],[88.818,21.872],[88.818,21.872],[88.817,21.872],[88.817,21.872],[88.816,21.872],[88.815,21.871],[88.814,21.871],[88.814,21.871],[88.814,21.871],[88.813,21.871],[88.813,21.871],[88.813,21.871],[88.813,21.871],[88.812,21.871],[88.811,21.87],[88.811,21.87],[88.811,21.87],[88.811,21.869],[88.81,21.869],[88.81,21.869],[88.809,21.869],[88.809,21.869],[88.809,21.869],[88.808,21.868],[88.808,21.868],[88.808,21.868],[88.807,21.868],[88.806,21.868],[88.806,21.868],[88.806,21.868],[88.805,21.868],[88.804,21.868],[88.804,21.868],[88.804,21.869],[88.803,21.869],[88.803,21.869],[88.803,21.869],[88.802,21.869],[88.802,21.869],[88.802,21.869],[88.802,21.869],[88.801,21.87],[88.801,21.87],[88.8,21.871],[88.8,21.872],[88.801,21.872],[88.801,21.873],[88.801,21.873],[88.801,21.874],[88.801,21.874],[88.801,21.874],[88.801,21.875],[88.801,21.876],[88.802,21.876],[88.802,21.876],[88.802,21.877],[88.802,21.878],[88.802,21.878],[88.802,21.878],[88.803,21.879],[88.804,21.88],[88.805,21.88],[88.805,21.88],[88.805,21.88],[88.806,21.88],[88.806,21.881],[88.806,21.881],[88.807,21.881],[88.807,21.881],[88.808,21.881],[88.808,21.881],[88.809,21.882],[88.809,21.882],[88.809,21.883],[88.809,21.883],[88.809,21.883],[88.809,21.884],[88.809,21.884],[88.809,21.885],[88.81,21.885],[88.81,21.888],[88.809,21.888],[88.809,21.888],[88.81,21.888],[88.81,21.889],[88.81,21.889],[88.81,21.893],[88.81,21.893],[88.81,21.893],[88.81,21.893],[88.81,21.894],[88.81,21.894],[88.811,21.894],[88.811,21.894],[88.811,21.894],[88.811,21.895],[88.811,21.895],[88.811,21.895],[88.811,21.896],[88.811,21.896],[88.811,21.896],[88.812,21.897],[88.812,21.897],[88.812,21.897],[88.812,21.897],[88.813,21.897],[88.813,21.898],[88.813,21.898],[88.814,21.898],[88.814,21.898],[88.814,21.899],[88.814,21.899],[88.815,21.899],[88.815,21.9],[88.815,21.901],[88.816,21.901],[88.816,21.901],[88.816,21.901],[88.816,21.901],[88.817,21.901],[88.817,21.901]]],[[[88.562,21.897],[88.573,21.859],[88.554,21.819],[88.543,21.858],[88.542,21.898],[88.562,21.897]]],[[[88.425,21.904],[88.425,21.904],[88.425,21.904],[88.425,21.904],[88.423,21.904],[88.423,21.904],[88.423,21.904],[88.422,21.904],[88.422,21.904],[88.421,21.904],[88.421,21.904],[88.421,21.904],[88.421,21.905],[88.421,21.905],[88.421,21.905],[88.421,21.905],[88.422,21.906],[88.423,21.906],[88.423,21.906],[88.424,21.906],[88.424,21.906],[88.425,21.906],[88.425,21.905],[88.425,21.905],[88.425,21.905],[88.425,21.905],[88.425,21.904]]],[[[88.446,21.905],[88.482,21.887],[88.49,21.848],[88.458,21.823],[88.419,21.812],[88.398,21.849],[88.414,21.885],[88.446,21.905]]],[[[88.718,21.907],[88.753,21.886],[88.768,21.847],[88.773,21.807],[88.731,21.798],[88.707,21.83],[88.704,21.87],[88.718,21.907]]],[[[88.107,21.894],[88.107,21.893],[88.108,21.893],[88.109,21.893],[88.109,21.893],[88.11,21.892],[88.11,21.892],[88.111,21.891],[88.111,21.891],[88.112,21.889],[88.112,21.889],[88.112,21.889],[88.112,21.888],[88.112,21.888],[88.112,21.888],[88.111,21.888],[88.111,21.887],[88.111,21.887],[88.111,21.886],[88.111,21.886],[88.111,21.886],[88.111,21.886],[88.111,21.885],[88.11,21.885],[88.11,21.885],[88.11,21.884],[88.11,21.884],[88.109,21.884],[88.109,21.884],[88.107,21.886],[88.107,21.887],[88.107,21.887],[88.106,21.887],[88.106,21.888],[88.106,21.888],[88.105,21.889],[88.105,21.89],[88.105,21.89],[88.105,21.89],[88.105,21.891],[88.105,21.891],[88.105,21.892],[88.105,21.893],[88.105,21.895],[88.105,21.896],[88.105,21.896],[88.105,21.897],[88.104,21.897],[88.104,21.898],[88.105,21.898],[88.105,21.899],[88.105,21.899],[88.105,21.899],[88.106,21.9],[88.106,21.9],[88.106,21.901],[88.106,21.901],[88.106,21.901],[88.106,21.901],[88.107,21.901],[88.107,21.902],[88.107,21.902],[88.107,21.903],[88.107,21.903],[88.108,21.903],[88.108,21.904],[88.108,21.904],[88.108,21.905],[88.109,21.905],[88.109,21.905],[88.109,21.905],[88.109,21.906],[88.109,21.906],[88.109,21.906],[88.109,21.907],[88.11,21.908],[88.11,21.908],[88.111,21.908],[88.111,21.909],[88.111,21.909],[88.111,21.909],[88.112,21.91],[88.112,21.91],[88.112,21.91],[88.113,21.911],[88.113,21.911],[88.113,21.91],[88.113,21.91],[88.113,21.91],[88.112,21.909],[88.112,21.909],[88.112,21.909],[88.112,21.908],[88.112,21.908],[88.112,21.908],[88.111,21.908],[88.111,21.907],[88.111,21.907],[88.111,21.906],[88.11,21.905],[88.109,21.904],[88.109,21.904],[88.109,21.904],[88.109,21.903],[88.108,21.903],[88.108,21.902],[88.108,21.902],[88.108,21.901],[88.108,21.901],[88.108,21.901],[88.107,21.9],[88.107,21.9],[88.107,21.899],[88.105,21.898],[88.105,21.897],[88.106,21.896],[88.106,21.896],[88.106,21.896],[88.106,21.896],[88.106,21.895],[88.107,21.894],[88.107,21.894]]],[[[88.505,21.913],[88.505,21.913],[88.508,21.913],[88.508,21.912],[88.509,21.912],[88.509,21.912],[88.509,21.911],[88.509,21.911],[88.509,21.91],[88.509,21.91],[88.509,21.91],[88.507,21.908],[88.507,21.908],[88.507,21.908],[88.506,21.907],[88.506,21.907],[88.506,21.907],[88.506,21.907],[88.506,21.906],[88.506,21.906],[88.505,21.906],[88.505,21.906],[88.504,21.905],[88.504,21.905],[88.504,21.904],[88.504,21.904],[88.504,21.904],[88.504,21.904],[88.503,21.903],[88.503,21.903],[88.503,21.903],[88.503,21.902],[88.503,21.902],[88.503,21.902],[88.502,21.901],[88.502,21.901],[88.502,21.901],[88.502,21.901],[88.502,21.9],[88.502,21.9],[88.501,21.899],[88.501,21.899],[88.5,21.898],[88.5,21.898],[88.499,21.897],[88.499,21.897],[88.499,21.896],[88.499,21.896],[88.499,21.896],[88.498,21.896],[88.498,21.896],[88.498,21.896],[88.497,21.895],[88.497,21.895],[88.496,21.894],[88.496,21.894],[88.495,21.893],[88.494,21.893],[88.494,21.893],[88.494,21.893],[88.493,21.892],[88.493,21.892],[88.492,21.891],[88.49,21.889],[88.489,21.889],[88.488,21.891],[88.487,21.891],[88.487,21.891],[88.487,21.892],[88.485,21.892],[88.481,21.895],[88.48,21.896],[88.479,21.896],[88.479,21.897],[88.478,21.897],[88.478,21.897],[88.478,21.897],[88.478,21.898],[88.478,21.898],[88.478,21.898],[88.477,21.898],[88.477,21.899],[88.477,21.899],[88.477,21.899],[88.477,21.899],[88.477,21.901],[88.477,21.901],[88.477,21.901],[88.477,21.902],[88.478,21.902],[88.478,21.902],[88.478,21.902],[88.478,21.903],[88.478,21.903],[88.478,21.903],[88.479,21.904],[88.479,21.904],[88.479,21.904],[88.482,21.907],[88.482,21.907],[88.483,21.907],[88.483,21.907],[88.483,21.908],[88.484,21.908],[88.484,21.908],[88.484,21.908],[88.484,21.908],[88.485,21.908],[88.485,21.908],[88.485,21.908],[88.486,21.909],[88.486,21.909],[88.486,21.909],[88.486,21.909],[88.487,21.909],[88.487,21.909],[88.487,21.909],[88.488,21.909],[88.488,21.91],[88.488,21.91],[88.489,21.91],[88.489,21.91],[88.489,21.911],[88.491,21.911],[88.491,21.911],[88.492,21.911],[88.492,21.911],[88.494,21.911],[88.495,21.911],[88.496,21.911],[88.496,21.912],[88.496,21.912],[88.497,21.912],[88.497,21.912],[88.498,21.912],[88.498,21.912],[88.498,21.913],[88.499,21.912],[88.499,21.912],[88.5,21.912],[88.5,21.913],[88.501,21.913],[88.501,21.913],[88.501,21.913],[88.502,21.913],[88.503,21.913],[88.503,21.913],[88.505,21.913]]],[[[88.452,21.906],[88.452,21.906],[88.452,21.906],[88.451,21.906],[88.45,21.906],[88.45,21.906],[88.449,21.906],[88.449,21.906],[88.448,21.906],[88.448,21.906],[88.448,21.906],[88.447,21.906],[88.447,21.906],[88.446,21.906],[88.446,21.906],[88.446,21.906],[88.445,21.906],[88.445,21.906],[88.445,21.907],[88.444,21.907],[88.444,21.907],[88.443,21.908],[88.443,21.908],[88.442,21.908],[88.442,21.908],[88.442,21.908],[88.442,21.909],[88.442,21.909],[88.443,21.91],[88.443,21.91],[88.444,21.91],[88.444,21.911],[88.445,21.911],[88.446,21.911],[88.447,21.911],[88.447,21.911],[88.448,21.911],[88.449,21.911],[88.449,21.911],[88.45,21.912],[88.451,21.912],[88.451,21.912],[88.452,21.912],[88.452,21.913],[88.453,21.913],[88.453,21.913],[88.454,21.914],[88.455,21.914],[88.456,21.914],[88.456,21.914],[88.456,21.914],[88.457,21.913],[88.457,21.913],[88.456,21.912],[88.456,21.912],[88.456,21.912],[88.456,21.911],[88.456,21.911],[88.456,21.911],[88.455,21.911],[88.455,21.91],[88.455,21.91],[88.455,21.91],[88.455,21.909],[88.454,21.909],[88.454,21.908],[88.454,21.908],[88.454,21.908],[88.454,21.907],[88.453,21.907],[88.453,21.907],[88.452,21.906]]],[[[88.64,21.922],[88.654,21.884],[88.636,21.92],[88.64,21.922]]],[[[88.135,21.927],[88.135,21.926],[88.135,21.926],[88.136,21.926],[88.136,21.925],[88.136,21.925],[88.136,21.924],[88.136,21.924],[88.136,21.924],[88.137,21.923],[88.137,21.923],[88.137,21.923],[88.137,21.923],[88.137,21.922],[88.138,21.922],[88.138,21.921],[88.139,21.921],[88.139,21.921],[88.14,21.92],[88.14,21.92],[88.14,21.919],[88.141,21.919],[88.141,21.918],[88.142,21.918],[88.142,21.917],[88.143,21.917],[88.143,21.917],[88.144,21.916],[88.144,21.916],[88.144,21.916],[88.144,21.916],[88.145,21.915],[88.144,21.915],[88.144,21.915],[88.144,21.915],[88.144,21.914],[88.144,21.914],[88.143,21.914],[88.143,21.914],[88.143,21.913],[88.143,21.913],[88.142,21.913],[88.142,21.912],[88.142,21.912],[88.142,21.912],[88.142,21.912],[88.142,21.911],[88.141,21.911],[88.141,21.911],[88.141,21.91],[88.141,21.91],[88.14,21.909],[88.14,21.909],[88.14,21.909],[88.14,21.909],[88.14,21.908],[88.14,21.908],[88.14,21.908],[88.139,21.908],[88.139,21.908],[88.139,21.907],[88.139,21.907],[88.139,21.907],[88.138,21.906],[88.138,21.906],[88.138,21.906],[88.137,21.905],[88.137,21.905],[88.137,21.904],[88.136,21.904],[88.136,21.903],[88.136,21.903],[88.135,21.903],[88.135,21.902],[88.134,21.902],[88.134,21.901],[88.134,21.901],[88.133,21.901],[88.133,21.9],[88.132,21.9],[88.132,21.9],[88.132,21.899],[88.131,21.899],[88.131,21.899],[88.131,21.899],[88.131,21.899],[88.13,21.899],[88.129,21.899],[88.129,21.9],[88.128,21.9],[88.128,21.9],[88.128,21.9],[88.128,21.9],[88.127,21.9],[88.127,21.901],[88.127,21.901],[88.126,21.901],[88.126,21.901],[88.126,21.901],[88.125,21.901],[88.125,21.902],[88.125,21.902],[88.125,21.902],[88.125,21.903],[88.124,21.903],[88.124,21.904],[88.124,21.904],[88.124,21.904],[88.124,21.905],[88.124,21.905],[88.124,21.906],[88.123,21.906],[88.123,21.907],[88.122,21.907],[88.122,21.908],[88.122,21.908],[88.121,21.909],[88.121,21.909],[88.12,21.909],[88.12,21.91],[88.119,21.91],[88.119,21.911],[88.119,21.911],[88.118,21.911],[88.118,21.912],[88.117,21.912],[88.117,21.913],[88.117,21.913],[88.117,21.914],[88.117,21.914],[88.117,21.915],[88.117,21.916],[88.117,21.916],[88.116,21.917],[88.116,21.917],[88.116,21.918],[88.116,21.918],[88.117,21.919],[88.118,21.92],[88.118,21.92],[88.119,21.921],[88.119,21.922],[88.121,21.923],[88.121,21.924],[88.122,21.924],[88.122,21.924],[88.122,21.924],[88.122,21.924],[88.123,21.925],[88.123,21.925],[88.124,21.925],[88.124,21.926],[88.125,21.926],[88.125,21.926],[88.126,21.926],[88.126,21.926],[88.126,21.926],[88.126,21.926],[88.127,21.926],[88.128,21.926],[88.128,21.926],[88.128,21.926],[88.129,21.926],[88.129,21.927],[88.131,21.927],[88.131,21.927],[88.131,21.927],[88.131,21.927],[88.132,21.927],[88.133,21.927],[88.134,21.927],[88.134,21.928],[88.134,21.928],[88.134,21.927],[88.134,21.927],[88.135,21.927],[88.135,21.927]]],[[[88.837,21.918],[88.878,21.917],[88.917,21.927],[88.952,21.908],[88.974,21.874],[88.949,21.843],[88.917,21.867],[88.924,21.828],[88.887,21.813],[88.879,21.852],[88.854,21.884],[88.826,21.913],[88.837,21.918]]],[[[88.724,21.932],[88.763,21.926],[88.803,21.916],[88.797,21.876],[88.758,21.886],[88.723,21.905],[88.724,21.932]]],[[[88.163,21.937],[88.164,21.937],[88.164,21.937],[88.164,21.937],[88.165,21.937],[88.165,21.936],[88.165,21.936],[88.166,21.936],[88.166,21.936],[88.166,21.936],[88.166,21.936],[88.167,21.936],[88.167,21.936],[88.167,21.935],[88.168,21.935],[88.168,21.935],[88.168,21.935],[88.169,21.934],[88.169,21.934],[88.171,21.933],[88.171,21.933],[88.171,21.932],[88.171,21.931],[88.171,21.931],[88.171,21.931],[88.171,21.931],[88.171,21.93],[88.172,21.929],[88.171,21.929],[88.171,21.928],[88.171,21.928],[88.171,21.928],[88.171,21.927],[88.171,21.927],[88.171,21.927],[88.171,21.926],[88.171,21.925],[88.171,21.925],[88.171,21.924],[88.17,21.924],[88.17,21.924],[88.17,21.923],[88.17,21.923],[88.17,21.922],[88.17,21.921],[88.169,21.921],[88.169,21.92],[88.168,21.919],[88.168,21.919],[88.168,21.919],[88.168,21.919],[88.167,21.918],[88.167,21.917],[88.167,21.917],[88.166,21.917],[88.166,21.917],[88.165,21.916],[88.165,21.916],[88.165,21.917],[88.164,21.917],[88.164,21.917],[88.164,21.918],[88.164,21.918],[88.164,21.918],[88.164,21.919],[88.164,21.919],[88.164,21.919],[88.163,21.92],[88.163,21.921],[88.163,21.921],[88.163,21.921],[88.162,21.922],[88.162,21.922],[88.162,21.923],[88.162,21.923],[88.162,21.923],[88.162,21.924],[88.161,21.924],[88.161,21.925],[88.161,21.925],[88.161,21.926],[88.161,21.926],[88.161,21.927],[88.16,21.927],[88.16,21.927],[88.16,21.928],[88.16,21.928],[88.16,21.929],[88.16,21.929],[88.161,21.93],[88.161,21.931],[88.161,21.932],[88.161,21.932],[88.161,21.933],[88.161,21.935],[88.161,21.935],[88.161,21.936],[88.161,21.936],[88.162,21.936],[88.162,21.936],[88.163,21.937],[88.163,21.937]]],[[[88.745,21.98],[88.767,21.946],[88.806,21.936],[88.766,21.93],[88.725,21.938],[88.725,21.978],[88.745,21.98]]],[[[88.759,21.999],[88.759,21.997],[88.759,21.997],[88.759,21.997],[88.759,21.996],[88.759,21.996],[88.758,21.996],[88.758,21.996],[88.758,21.995],[88.758,21.995],[88.757,21.994],[88.757,21.994],[88.757,21.994],[88.757,21.994],[88.757,21.993],[88.757,21.993],[88.756,21.993],[88.756,21.992],[88.756,21.992],[88.755,21.992],[88.755,21.991],[88.755,21.991],[88.754,21.991],[88.754,21.99],[88.754,21.99],[88.754,21.99],[88.753,21.99],[88.753,21.99],[88.753,21.989],[88.753,21.989],[88.753,21.989],[88.753,21.988],[88.753,21.988],[88.752,21.988],[88.752,21.988],[88.752,21.988],[88.751,21.988],[88.751,21.988],[88.751,21.987],[88.751,21.987],[88.75,21.987],[88.75,21.987],[88.75,21.987],[88.75,21.986],[88.749,21.986],[88.748,21.985],[88.748,21.985],[88.747,21.984],[88.747,21.984],[88.747,21.984],[88.746,21.984],[88.746,21.984],[88.745,21.983],[88.745,21.983],[88.745,21.983],[88.744,21.983],[88.744,21.983],[88.744,21.983],[88.743,21.983],[88.743,21.983],[88.743,21.984],[88.742,21.984],[88.742,21.985],[88.742,21.985],[88.742,21.986],[88.742,21.986],[88.742,21.987],[88.742,21.987],[88.742,21.988],[88.741,21.988],[88.741,21.988],[88.741,21.989],[88.742,21.989],[88.742,21.989],[88.742,21.99],[88.742,21.99],[88.742,21.99],[88.743,21.99],[88.743,21.991],[88.743,21.991],[88.744,21.992],[88.744,21.992],[88.744,21.992],[88.745,21.992],[88.745,21.993],[88.745,21.993],[88.746,21.993],[88.746,21.994],[88.747,21.994],[88.747,21.995],[88.748,21.995],[88.748,21.996],[88.749,21.996],[88.749,21.997],[88.75,21.997],[88.751,21.998],[88.751,21.998],[88.751,21.998],[88.751,21.998],[88.752,21.999],[88.752,21.999],[88.753,22.0],[88.753,22.0],[88.753,22.0],[88.753,22.0],[88.753,22.001],[88.754,22.001],[88.754,22.001],[88.754,22.002],[88.754,22.002],[88.755,22.002],[88.755,22.003],[88.755,22.003],[88.755,22.004],[88.756,22.004],[88.756,22.004],[88.756,22.005],[88.756,22.005],[88.757,22.006],[88.757,22.006],[88.757,22.006],[88.757,22.006],[88.758,22.007],[88.758,22.007],[88.758,22.007],[88.758,22.007],[88.759,22.007],[88.759,22.007],[88.759,22.006],[88.76,22.006],[88.76,22.005],[88.76,22.004],[88.76,22.004],[88.76,22.003],[88.76,22.003],[88.76,22.003],[88.76,22.002],[88.76,22.001],[88.759,22.0],[88.759,21.999],[88.759,21.999]]],[[[88.66,22.019],[88.698,22.006],[88.694,21.966],[88.655,21.954],[88.632,21.987],[88.656,22.019],[88.66,22.019]]],[[[88.141,22.026],[88.123,21.991],[88.1,21.958],[88.075,21.926],[88.057,21.962],[88.077,21.999],[88.113,22.017],[88.141,22.026]]],[[[88.813,22.019],[88.855,22.019],[88.897,22.012],[88.908,21.969],[88.906,21.928],[88.861,21.92],[88.825,21.94],[88.787,21.955],[88.753,21.979],[88.793,21.971],[88.756,21.987],[88.782,22.018],[88.813,22.019]]],[[[88.731,22.045],[88.733,22.044],[88.733,22.044],[88.733,22.043],[88.734,22.043],[88.734,22.042],[88.733,22.042],[88.733,22.043],[88.732,22.043],[88.732,22.043],[88.731,22.043],[88.731,22.044],[88.731,22.045],[88.731,22.045]]],[[[88.764,22.052],[88.764,22.052],[88.765,22.052],[88.765,22.052],[88.766,22.052],[88.766,22.052],[88.767,22.052],[88.767,22.052],[88.768,22.051],[88.768,22.051],[88.769,22.051],[88.769,22.051],[88.769,22.051],[88.77,22.051],[88.77,22.051],[88.771,22.051],[88.771,22.051],[88.771,22.051],[88.772,22.051],[88.772,22.051],[88.773,22.051],[88.773,22.051],[88.774,22.051],[88.774,22.051],[88.775,22.05],[88.775,22.05],[88.776,22.05],[88.776,22.049],[88.776,22.049],[88.777,22.049],[88.777,22.048],[88.777,22.048],[88.777,22.048],[88.778,22.048],[88.778,22.047],[88.779,22.047],[88.779,22.047],[88.779,22.047],[88.78,22.046],[88.78,22.046],[88.78,22.046],[88.78,22.045],[88.78,22.045],[88.78,22.044],[88.779,22.044],[88.779,22.043],[88.779,22.043],[88.779,22.043],[88.778,22.042],[88.778,22.041],[88.778,22.041],[88.778,22.04],[88.778,22.04],[88.778,22.039],[88.778,22.039],[88.779,22.038],[88.779,22.038],[88.779,22.038],[88.779,22.037],[88.779,22.037],[88.78,22.037],[88.78,22.036],[88.78,22.036],[88.781,22.036],[88.781,22.036],[88.782,22.036],[88.782,22.035],[88.782,22.035],[88.783,22.035],[88.783,22.035],[88.784,22.035],[88.784,22.035],[88.785,22.035],[88.785,22.035],[88.786,22.035],[88.786,22.034],[88.787,22.034],[88.787,22.034],[88.788,22.034],[88.788,22.034],[88.788,22.034],[88.789,22.034],[88.789,22.034],[88.79,22.033],[88.79,22.033],[88.791,22.033],[88.791,22.032],[88.791,22.031],[88.792,22.031],[88.791,22.03],[88.791,22.029],[88.791,22.029],[88.79,22.029],[88.789,22.028],[88.789,22.028],[88.788,22.028],[88.788,22.027],[88.788,22.027],[88.787,22.027],[88.787,22.026],[88.786,22.026],[88.786,22.026],[88.785,22.026],[88.785,22.025],[88.784,22.025],[88.784,22.025],[88.783,22.024],[88.783,22.024],[88.782,22.023],[88.782,22.023],[88.781,22.023],[88.781,22.023],[88.781,22.023],[88.78,22.023],[88.78,22.022],[88.78,22.022],[88.779,22.021],[88.779,22.02],[88.778,22.02],[88.778,22.02],[88.774,22.02],[88.773,22.02],[88.769,22.02],[88.769,22.021],[88.768,22.021],[88.764,22.021],[88.762,22.021],[88.762,22.022],[88.761,22.022],[88.761,22.025],[88.761,22.026],[88.761,22.025],[88.761,22.026],[88.761,22.027],[88.761,22.028],[88.761,22.028],[88.76,22.028],[88.761,22.028],[88.761,22.029],[88.76,22.029],[88.76,22.029],[88.76,22.03],[88.76,22.032],[88.759,22.033],[88.759,22.034],[88.759,22.034],[88.759,22.035],[88.759,22.035],[88.759,22.036],[88.759,22.036],[88.759,22.036],[88.758,22.036],[88.758,22.037],[88.758,22.037],[88.757,22.038],[88.757,22.038],[88.757,22.039],[88.757,22.039],[88.756,22.04],[88.756,22.04],[88.756,22.04],[88.756,22.041],[88.756,22.041],[88.755,22.042],[88.755,22.042],[88.755,22.042],[88.755,22.042],[88.755,22.043],[88.755,22.043],[88.755,22.044],[88.754,22.044],[88.754,22.044],[88.754,22.045],[88.754,22.046],[88.753,22.046],[88.753,22.047],[88.753,22.047],[88.753,22.047],[88.753,22.048],[88.752,22.048],[88.752,22.049],[88.752,22.049],[88.752,22.049],[88.752,22.05],[88.751,22.05],[88.751,22.051],[88.752,22.051],[88.752,22.051],[88.752,22.052],[88.752,22.052],[88.752,22.052],[88.752,22.052],[88.752,22.053],[88.753,22.053],[88.753,22.053],[88.754,22.053],[88.754,22.053],[88.755,22.054],[88.755,22.054],[88.756,22.054],[88.757,22.054],[88.757,22.053],[88.758,22.053],[88.758,22.053],[88.759,22.053],[88.759,22.053],[88.759,22.053],[88.76,22.053],[88.76,22.052],[88.761,22.052],[88.761,22.052],[88.762,22.052],[88.762,22.052],[88.762,22.052],[88.763,22.052],[88.763,22.052],[88.764,22.052]]],[[[88.903,22.045],[88.876,22.015],[88.89,22.053],[88.903,22.045]]],[[[88.031,22.061],[88.031,22.059],[88.031,22.059],[88.031,22.059],[88.031,22.059],[88.029,22.059],[88.029,22.059],[88.029,22.059],[88.028,22.059],[88.028,22.059],[88.027,22.06],[88.027,22.061],[88.028,22.061],[88.028,22.061],[88.027,22.061],[88.027,22.062],[88.028,22.062],[88.028,22.062],[88.028,22.062],[88.029,22.062],[88.031,22.061]]],[[[89.016,22.051],[89.051,22.031],[89.075,21.999],[89.071,21.959],[89.044,21.929],[89.007,21.943],[89.016,21.982],[88.977,21.991],[88.976,22.031],[89.01,22.052],[89.016,22.051]]],[[[88.636,22.051],[88.636,22.051],[88.636,22.05],[88.636,22.05],[88.636,22.049],[88.636,22.049],[88.636,22.049],[88.635,22.049],[88.634,22.049],[88.634,22.049],[88.634,22.049],[88.633,22.049],[88.633,22.05],[88.632,22.05],[88.632,22.05],[88.632,22.05],[88.631,22.051],[88.631,22.051],[88.63,22.052],[88.63,22.052],[88.629,22.053],[88.629,22.053],[88.629,22.053],[88.629,22.054],[88.629,22.054],[88.629,22.054],[88.629,22.054],[88.629,22.055],[88.628,22.055],[88.628,22.057],[88.628,22.057],[88.628,22.058],[88.628,22.059],[88.628,22.061],[88.629,22.062],[88.63,22.062],[88.63,22.062],[88.631,22.062],[88.631,22.063],[88.631,22.063],[88.631,22.063],[88.632,22.062],[88.632,22.062],[88.632,22.062],[88.632,22.061],[88.632,22.061],[88.632,22.061],[88.633,22.061],[88.633,22.059],[88.633,22.059],[88.633,22.059],[88.634,22.058],[88.634,22.057],[88.634,22.056],[88.634,22.056],[88.634,22.056],[88.634,22.055],[88.634,22.055],[88.634,22.054],[88.635,22.054],[88.635,22.053],[88.635,22.053],[88.635,22.053],[88.635,22.053],[88.635,22.052],[88.636,22.052],[88.636,22.052],[88.636,22.051],[88.636,22.051]]],[[[88.812,22.061],[88.812,22.061],[88.813,22.061],[88.813,22.061],[88.814,22.061],[88.814,22.061],[88.814,22.061],[88.815,22.061],[88.816,22.061],[88.816,22.061],[88.817,22.061],[88.818,22.061],[88.818,22.061],[88.819,22.061],[88.819,22.06],[88.82,22.06],[88.82,22.059],[88.82,22.059],[88.821,22.058],[88.821,22.058],[88.821,22.058],[88.821,22.058],[88.822,22.058],[88.822,22.058],[88.823,22.057],[88.823,22.057],[88.824,22.056],[88.824,22.056],[88.825,22.056],[88.825,22.055],[88.826,22.055],[88.826,22.055],[88.827,22.054],[88.827,22.054],[88.827,22.054],[88.828,22.053],[88.828,22.053],[88.828,22.053],[88.829,22.053],[88.829,22.052],[88.829,22.052],[88.83,22.052],[88.83,22.051],[88.831,22.051],[88.831,22.051],[88.831,22.05],[88.832,22.05],[88.832,22.049],[88.832,22.049],[88.832,22.048],[88.831,22.048],[88.831,22.047],[88.831,22.047],[88.831,22.046],[88.83,22.046],[88.83,22.045],[88.83,22.045],[88.83,22.045],[88.83,22.044],[88.83,22.043],[88.83,22.043],[88.83,22.042],[88.831,22.042],[88.831,22.042],[88.831,22.041],[88.831,22.041],[88.831,22.04],[88.831,22.04],[88.831,22.04],[88.831,22.039],[88.831,22.039],[88.831,22.038],[88.831,22.038],[88.831,22.037],[88.831,22.037],[88.831,22.037],[88.831,22.036],[88.832,22.036],[88.832,22.035],[88.832,22.035],[88.832,22.034],[88.832,22.034],[88.832,22.033],[88.832,22.033],[88.832,22.032],[88.832,22.031],[88.833,22.03],[88.833,22.03],[88.833,22.029],[88.833,22.029],[88.833,22.028],[88.832,22.028],[88.832,22.027],[88.832,22.027],[88.831,22.027],[88.831,22.027],[88.83,22.027],[88.83,22.027],[88.829,22.027],[88.829,22.027],[88.829,22.027],[88.828,22.027],[88.828,22.027],[88.827,22.027],[88.827,22.027],[88.826,22.027],[88.826,22.027],[88.825,22.027],[88.825,22.027],[88.824,22.027],[88.824,22.027],[88.823,22.027],[88.823,22.027],[88.822,22.027],[88.822,22.027],[88.822,22.027],[88.821,22.027],[88.821,22.027],[88.82,22.027],[88.819,22.027],[88.819,22.027],[88.818,22.026],[88.818,22.026],[88.817,22.026],[88.817,22.026],[88.816,22.026],[88.816,22.026],[88.815,22.026],[88.815,22.025],[88.814,22.025],[88.814,22.025],[88.813,22.025],[88.813,22.025],[88.813,22.025],[88.813,22.026],[88.813,22.026],[88.812,22.027],[88.812,22.028],[88.812,22.028],[88.812,22.028],[88.812,22.029],[88.812,22.029],[88.811,22.03],[88.811,22.03],[88.811,22.03],[88.811,22.03],[88.811,22.031],[88.81,22.031],[88.81,22.031],[88.81,22.031],[88.81,22.031],[88.809,22.031],[88.809,22.031],[88.809,22.032],[88.808,22.032],[88.808,22.032],[88.807,22.033],[88.807,22.033],[88.806,22.033],[88.806,22.033],[88.805,22.033],[88.805,22.034],[88.804,22.034],[88.804,22.034],[88.803,22.034],[88.803,22.034],[88.802,22.034],[88.802,22.034],[88.801,22.034],[88.8,22.034],[88.8,22.034],[88.8,22.033],[88.799,22.033],[88.799,22.033],[88.799,22.033],[88.798,22.033],[88.798,22.032],[88.797,22.032],[88.797,22.032],[88.796,22.032],[88.796,22.031],[88.795,22.031],[88.795,22.031],[88.795,22.031],[88.794,22.031],[88.794,22.031],[88.794,22.031],[88.794,22.031],[88.793,22.031],[88.793,22.032],[88.793,22.032],[88.792,22.033],[88.792,22.033],[88.792,22.034],[88.791,22.034],[88.791,22.034],[88.79,22.035],[88.79,22.035],[88.789,22.035],[88.789,22.036],[88.788,22.036],[88.788,22.036],[88.788,22.036],[88.787,22.036],[88.787,22.036],[88.786,22.037],[88.786,22.037],[88.786,22.037],[88.785,22.037],[88.785,22.037],[88.784,22.037],[88.783,22.037],[88.783,22.037],[88.782,22.037],[88.782,22.037],[88.781,22.037],[88.781,22.037],[88.78,22.038],[88.78,22.038],[88.78,22.038],[88.78,22.039],[88.78,22.039],[88.78,22.04],[88.78,22.04],[88.78,22.041],[88.78,22.041],[88.781,22.042],[88.781,22.042],[88.781,22.043],[88.781,22.043],[88.781,22.043],[88.781,22.044],[88.781,22.044],[88.782,22.044],[88.782,22.044],[88.782,22.045],[88.782,22.045],[88.783,22.045],[88.783,22.046],[88.783,22.046],[88.784,22.046],[88.784,22.046],[88.784,22.047],[88.785,22.047],[88.785,22.048],[88.785,22.048],[88.785,22.049],[88.786,22.049],[88.786,22.05],[88.786,22.051],[88.786,22.051],[88.786,22.052],[88.786,22.052],[88.786,22.053],[88.786,22.053],[88.786,22.053],[88.786,22.054],[88.786,22.054],[88.786,22.054],[88.786,22.055],[88.787,22.055],[88.787,22.055],[88.787,22.056],[88.787,22.056],[88.787,22.057],[88.787,22.057],[88.787,22.058],[88.787,22.058],[88.787,22.059],[88.787,22.059],[88.788,22.06],[88.788,22.06],[88.788,22.06],[88.789,22.059],[88.789,22.059],[88.789,22.059],[88.789,22.058],[88.79,22.058],[88.79,22.057],[88.79,22.057],[88.79,22.057],[88.791,22.056],[88.791,22.056],[88.791,22.056],[88.791,22.055],[88.792,22.055],[88.792,22.055],[88.792,22.055],[88.793,22.055],[88.793,22.054],[88.794,22.054],[88.794,22.054],[88.795,22.054],[88.796,22.054],[88.796,22.055],[88.797,22.055],[88.797,22.055],[88.798,22.055],[88.799,22.055],[88.799,22.056],[88.8,22.056],[88.8,22.056],[88.801,22.056],[88.801,22.057],[88.801,22.057],[88.802,22.058],[88.802,22.058],[88.802,22.058],[88.802,22.059],[88.803,22.06],[88.803,22.06],[88.803,22.061],[88.803,22.062],[88.803,22.062],[88.803,22.063],[88.804,22.063],[88.804,22.064],[88.804,22.064],[88.805,22.064],[88.806,22.064],[88.806,22.064],[88.807,22.064],[88.808,22.063],[88.808,22.063],[88.809,22.063],[88.809,22.062],[88.81,22.062],[88.81,22.062],[88.81,22.061],[88.811,22.061],[88.811,22.061],[88.811,22.061],[88.812,22.061]]],[[[88.871,22.079],[88.852,22.044],[88.867,22.081],[88.871,22.079]]],[[[88.69,22.08],[88.69,22.08],[88.69,22.08],[88.689,22.081],[88.689,22.081],[88.689,22.082],[88.69,22.082],[88.69,22.081],[88.69,22.08],[88.69,22.08]]],[[[88.904,22.084],[88.904,22.084],[88.903,22.083],[88.903,22.083],[88.903,22.083],[88.902,22.083],[88.902,22.082],[88.901,22.082],[88.901,22.082],[88.901,22.082],[88.9,22.081],[88.9,22.081],[88.899,22.081],[88.899,22.081],[88.899,22.08],[88.898,22.08],[88.898,22.079],[88.898,22.079],[88.897,22.079],[88.897,22.078],[88.897,22.078],[88.896,22.078],[88.896,22.078],[88.895,22.077],[88.895,22.077],[88.895,22.076],[88.894,22.076],[88.894,22.075],[88.894,22.075],[88.894,22.075],[88.894,22.074],[88.893,22.074],[88.893,22.074],[88.893,22.073],[88.893,22.073],[88.893,22.072],[88.892,22.072],[88.892,22.071],[88.892,22.07],[88.892,22.07],[88.892,22.069],[88.892,22.069],[88.892,22.068],[88.892,22.068],[88.891,22.067],[88.891,22.066],[88.891,22.066],[88.891,22.065],[88.891,22.065],[88.891,22.064],[88.891,22.063],[88.891,22.063],[88.891,22.062],[88.891,22.061],[88.891,22.061],[88.891,22.06],[88.89,22.06],[88.89,22.06],[88.889,22.06],[88.888,22.06],[88.888,22.06],[88.887,22.06],[88.887,22.06],[88.886,22.06],[88.886,22.06],[88.886,22.06],[88.885,22.06],[88.885,22.06],[88.884,22.059],[88.884,22.059],[88.883,22.059],[88.883,22.059],[88.883,22.059],[88.882,22.06],[88.882,22.06],[88.881,22.06],[88.881,22.06],[88.88,22.061],[88.88,22.061],[88.879,22.061],[88.879,22.061],[88.878,22.062],[88.878,22.062],[88.877,22.062],[88.877,22.062],[88.876,22.062],[88.875,22.062],[88.875,22.062],[88.874,22.063],[88.873,22.063],[88.873,22.063],[88.872,22.063],[88.872,22.063],[88.871,22.064],[88.871,22.064],[88.871,22.065],[88.871,22.065],[88.87,22.066],[88.87,22.066],[88.87,22.067],[88.87,22.067],[88.87,22.068],[88.87,22.069],[88.87,22.069],[88.87,22.07],[88.871,22.07],[88.871,22.071],[88.871,22.071],[88.871,22.072],[88.871,22.072],[88.871,22.073],[88.871,22.074],[88.872,22.074],[88.872,22.075],[88.872,22.075],[88.872,22.076],[88.872,22.076],[88.872,22.076],[88.872,22.077],[88.872,22.077],[88.872,22.077],[88.872,22.078],[88.872,22.078],[88.872,22.079],[88.872,22.079],[88.872,22.079],[88.872,22.08],[88.872,22.08],[88.872,22.081],[88.872,22.081],[88.872,22.081],[88.871,22.082],[88.871,22.082],[88.871,22.082],[88.871,22.083],[88.87,22.083],[88.87,22.083],[88.87,22.084],[88.87,22.084],[88.869,22.084],[88.869,22.085],[88.869,22.085],[88.869,22.086],[88.87,22.086],[88.87,22.087],[88.87,22.087],[88.871,22.087],[88.871,22.087],[88.872,22.087],[88.872,22.086],[88.873,22.086],[88.873,22.086],[88.874,22.086],[88.874,22.086],[88.875,22.086],[88.875,22.086],[88.876,22.085],[88.876,22.085],[88.876,22.085],[88.877,22.085],[88.877,22.084],[88.878,22.084],[88.878,22.084],[88.879,22.084],[88.879,22.084],[88.88,22.084],[88.881,22.084],[88.881,22.084],[88.882,22.084],[88.883,22.084],[88.883,22.085],[88.884,22.085],[88.884,22.085],[88.885,22.085],[88.885,22.085],[88.886,22.085],[88.886,22.086],[88.887,22.086],[88.887,22.086],[88.888,22.087],[88.889,22.087],[88.889,22.087],[88.89,22.088],[88.89,22.088],[88.891,22.088],[88.891,22.088],[88.891,22.088],[88.892,22.089],[88.892,22.089],[88.893,22.089],[88.893,22.089],[88.894,22.089],[88.894,22.089],[88.895,22.089],[88.895,22.089],[88.896,22.089],[88.897,22.089],[88.897,22.089],[88.898,22.089],[88.898,22.089],[88.899,22.089],[88.899,22.088],[88.9,22.088],[88.9,22.088],[88.901,22.088],[88.901,22.088],[88.901,22.088],[88.902,22.088],[88.902,22.087],[88.903,22.087],[88.903,22.087],[88.904,22.087],[88.904,22.087],[88.904,22.087],[88.905,22.086],[88.905,22.086],[88.905,22.085],[88.904,22.085],[88.904,22.084]]],[[[88.722,22.099],[88.722,22.099],[88.721,22.098],[88.721,22.098],[88.721,22.097],[88.72,22.097],[88.72,22.097],[88.72,22.096],[88.72,22.096],[88.719,22.096],[88.719,22.096],[88.718,22.096],[88.718,22.095],[88.717,22.095],[88.717,22.095],[88.716,22.095],[88.716,22.094],[88.716,22.094],[88.716,22.094],[88.715,22.094],[88.715,22.093],[88.714,22.093],[88.713,22.093],[88.713,22.093],[88.713,22.092],[88.712,22.093],[88.712,22.092],[88.711,22.092],[88.711,22.092],[88.71,22.092],[88.71,22.091],[88.71,22.091],[88.71,22.091],[88.709,22.091],[88.709,22.091],[88.708,22.091],[88.708,22.091],[88.707,22.09],[88.706,22.09],[88.705,22.089],[88.705,22.089],[88.705,22.088],[88.704,22.088],[88.703,22.087],[88.702,22.087],[88.701,22.086],[88.701,22.085],[88.7,22.085],[88.699,22.084],[88.698,22.084],[88.698,22.083],[88.697,22.082],[88.696,22.081],[88.696,22.081],[88.696,22.08],[88.695,22.08],[88.695,22.08],[88.695,22.079],[88.695,22.079],[88.694,22.078],[88.694,22.078],[88.694,22.078],[88.693,22.078],[88.693,22.078],[88.693,22.079],[88.693,22.079],[88.693,22.08],[88.692,22.08],[88.692,22.081],[88.693,22.081],[88.693,22.081],[88.692,22.081],[88.691,22.082],[88.691,22.082],[88.691,22.083],[88.691,22.084],[88.691,22.084],[88.691,22.085],[88.692,22.086],[88.693,22.086],[88.694,22.087],[88.694,22.087],[88.695,22.087],[88.696,22.087],[88.696,22.088],[88.697,22.088],[88.697,22.089],[88.698,22.089],[88.698,22.089],[88.699,22.089],[88.7,22.089],[88.7,22.09],[88.701,22.09],[88.701,22.091],[88.702,22.091],[88.703,22.092],[88.704,22.092],[88.704,22.093],[88.705,22.093],[88.705,22.093],[88.706,22.093],[88.707,22.094],[88.707,22.094],[88.708,22.094],[88.708,22.094],[88.709,22.095],[88.71,22.095],[88.71,22.096],[88.711,22.096],[88.712,22.097],[88.713,22.097],[88.713,22.097],[88.714,22.097],[88.714,22.098],[88.715,22.098],[88.715,22.098],[88.716,22.098],[88.716,22.098],[88.716,22.099],[88.717,22.099],[88.717,22.099],[88.718,22.099],[88.718,22.099],[88.719,22.099],[88.719,22.1],[88.72,22.1],[88.72,22.1],[88.721,22.1],[88.722,22.101],[88.722,22.101],[88.722,22.101],[88.722,22.101],[88.723,22.101],[88.723,22.1],[88.722,22.099]]],[[[88.803,22.085],[88.783,22.051],[88.773,22.09],[88.803,22.085]]],[[[88.818,22.123],[88.852,22.101],[88.816,22.083],[88.803,22.121],[88.818,22.123]]],[[[88.729,22.114],[88.729,22.113],[88.729,22.113],[88.728,22.113],[88.727,22.114],[88.727,22.114],[88.727,22.114],[88.728,22.115],[88.728,22.115],[88.728,22.116],[88.728,22.117],[88.728,22.117],[88.728,22.118],[88.728,22.118],[88.728,22.119],[88.728,22.12],[88.729,22.12],[88.729,22.12],[88.729,22.12],[88.729,22.121],[88.729,22.121],[88.729,22.122],[88.729,22.122],[88.729,22.122],[88.729,22.123],[88.73,22.123],[88.73,22.123],[88.73,22.124],[88.73,22.124],[88.731,22.125],[88.731,22.125],[88.732,22.126],[88.732,22.126],[88.732,22.126],[88.733,22.127],[88.733,22.127],[88.734,22.128],[88.734,22.128],[88.734,22.128],[88.735,22.129],[88.735,22.129],[88.736,22.129],[88.736,22.129],[88.737,22.129],[88.737,22.128],[88.737,22.128],[88.736,22.128],[88.736,22.127],[88.736,22.127],[88.736,22.126],[88.736,22.126],[88.736,22.125],[88.736,22.125],[88.736,22.124],[88.736,22.124],[88.736,22.124],[88.735,22.123],[88.735,22.123],[88.735,22.123],[88.735,22.122],[88.735,22.122],[88.734,22.122],[88.734,22.121],[88.734,22.121],[88.734,22.121],[88.734,22.121],[88.734,22.12],[88.734,22.12],[88.734,22.12],[88.733,22.119],[88.733,22.119],[88.733,22.119],[88.733,22.119],[88.733,22.118],[88.732,22.118],[88.732,22.117],[88.732,22.117],[88.731,22.116],[88.731,22.116],[88.731,22.115],[88.73,22.115],[88.73,22.114],[88.729,22.114]]],[[[88.865,22.167],[88.9,22.148],[88.921,22.113],[88.888,22.089],[88.851,22.104],[88.861,22.144],[88.865,22.167]]],[[[88.95,22.189],[88.975,22.158],[88.983,22.118],[88.967,22.08],[88.929,22.068],[88.924,22.028],[88.946,22.062],[88.973,22.033],[88.971,21.993],[89.01,21.982],[88.993,21.945],[89.02,21.916],[88.98,21.915],[88.943,21.931],[88.923,21.967],[88.916,22.007],[88.911,22.047],[88.92,22.086],[88.933,22.124],[88.904,22.153],[88.936,22.178],[88.95,22.189]]],[[[89.002,22.199],[89.015,22.161],[89.046,22.135],[89.033,22.097],[89.039,22.057],[88.998,22.058],[88.984,22.096],[88.997,22.134],[88.977,22.169],[89.002,22.199]]],[[[88.695,22.209],[88.733,22.194],[88.77,22.179],[88.752,22.144],[88.724,22.114],[88.691,22.092],[88.698,22.052],[88.734,22.034],[88.705,22.007],[88.668,22.023],[88.658,22.062],[88.639,22.098],[88.646,22.137],[88.666,22.173],[88.685,22.208],[88.695,22.209]]],[[[88.845,22.189],[88.845,22.149],[88.809,22.131],[88.775,22.109],[88.749,22.079],[88.714,22.059],[88.726,22.097],[88.746,22.132],[88.781,22.153],[88.811,22.18],[88.845,22.189]]],[[[87.99,22.218],[87.99,22.217],[87.991,22.217],[87.991,22.217],[87.991,22.217],[87.992,22.216],[87.992,22.216],[87.992,22.216],[87.993,22.216],[87.993,22.216],[87.993,22.216],[87.994,22.216],[87.994,22.216],[87.995,22.214],[87.995,22.214],[87.997,22.213],[87.997,22.213],[87.996,22.212],[87.995,22.212],[87.994,22.212],[87.993,22.212],[87.993,22.212],[87.992,22.213],[87.992,22.213],[87.991,22.214],[87.991,22.214],[87.989,22.215],[87.988,22.216],[87.988,22.217],[87.988,22.217],[87.988,22.218],[87.988,22.218],[87.988,22.218],[87.988,22.218],[87.988,22.219],[87.989,22.219],[87.989,22.218],[87.99,22.218],[87.99,22.218]]],[[[88.932,22.225],[88.962,22.197],[88.926,22.179],[88.916,22.219],[88.932,22.225]]],[[[88.813,22.283],[88.826,22.245],[88.804,22.212],[88.833,22.183],[88.795,22.171],[88.763,22.195],[88.755,22.234],[88.788,22.258],[88.813,22.283]]],[[[88.85,22.363],[88.887,22.347],[88.91,22.313],[88.934,22.282],[88.95,22.245],[88.916,22.223],[88.893,22.256],[88.859,22.278],[88.893,22.255],[88.91,22.219],[88.918,22.179],[88.88,22.17],[88.885,22.209],[88.845,22.212],[88.866,22.247],[88.839,22.216],[88.879,22.212],[88.846,22.19],[88.81,22.208],[88.828,22.244],[88.816,22.282],[88.81,22.322],[88.826,22.359],[88.85,22.363]]],[[[88.985,22.382],[88.986,22.342],[89.012,22.311],[89.012,22.271],[89.034,22.238],[89.06,22.206],[89.061,22.166],[89.027,22.187],[88.993,22.209],[88.964,22.236],[88.953,22.274],[88.952,22.315],[88.955,22.355],[88.971,22.391],[88.985,22.382]]],[[[87.938,22.397],[87.938,22.397],[87.938,22.397],[87.938,22.397],[87.937,22.398],[87.937,22.398],[87.937,22.399],[87.937,22.399],[87.937,22.399],[87.937,22.399],[87.936,22.4],[87.936,22.4],[87.936,22.4],[87.936,22.401],[87.936,22.401],[87.936,22.403],[87.936,22.403],[87.936,22.404],[87.935,22.404],[87.935,22.405],[87.935,22.405],[87.935,22.406],[87.935,22.406],[87.935,22.406],[87.934,22.407],[87.934,22.407],[87.934,22.408],[87.934,22.408],[87.933,22.409],[87.933,22.409],[87.933,22.41],[87.935,22.408],[87.935,22.408],[87.936,22.407],[87.936,22.407],[87.936,22.406],[87.936,22.406],[87.936,22.406],[87.936,22.405],[87.937,22.405],[87.937,22.404],[87.937,22.404],[87.937,22.404],[87.937,22.404],[87.937,22.403],[87.938,22.403],[87.938,22.402],[87.938,22.402],[87.938,22.401],[87.938,22.4],[87.938,22.4],[87.938,22.399],[87.938,22.398],[87.939,22.398],[87.939,22.397],[87.938,22.397]]],[[[88.862,22.399],[88.89,22.37],[88.856,22.39],[88.862,22.399]]],[[[88.868,22.411],[88.868,22.411],[88.869,22.411],[88.869,22.41],[88.87,22.41],[88.871,22.408],[88.872,22.408],[88.873,22.407],[88.873,22.407],[88.874,22.407],[88.874,22.407],[88.874,22.406],[88.874,22.406],[88.874,22.406],[88.874,22.406],[88.874,22.405],[88.873,22.405],[88.873,22.405],[88.872,22.405],[88.872,22.405],[88.871,22.406],[88.871,22.406],[88.871,22.407],[88.871,22.407],[88.871,22.407],[88.871,22.407],[88.87,22.408],[88.869,22.408],[88.868,22.409],[88.868,22.409],[88.868,22.409],[88.867,22.409],[88.867,22.41],[88.866,22.41],[88.866,22.41],[88.866,22.411],[88.868,22.411]]],[[[88.919,22.427],[88.919,22.425],[88.919,22.425],[88.919,22.425],[88.918,22.424],[88.918,22.424],[88.917,22.424],[88.916,22.424],[88.916,22.423],[88.916,22.423],[88.915,22.423],[88.915,22.423],[88.914,22.423],[88.914,22.423],[88.913,22.423],[88.913,22.423],[88.913,22.423],[88.913,22.423],[88.912,22.423],[88.912,22.423],[88.912,22.423],[88.911,22.424],[88.911,22.424],[88.911,22.425],[88.912,22.425],[88.912,22.426],[88.912,22.426],[88.913,22.426],[88.913,22.426],[88.913,22.426],[88.914,22.427],[88.914,22.426],[88.915,22.426],[88.916,22.426],[88.916,22.427],[88.916,22.427],[88.916,22.428],[88.916,22.428],[88.917,22.429],[88.917,22.429],[88.917,22.429],[88.917,22.429],[88.918,22.429],[88.918,22.428],[88.918,22.428],[88.919,22.427],[88.919,22.427]]],[[[87.926,22.425],[87.925,22.425],[87.924,22.426],[87.923,22.427],[87.922,22.428],[87.921,22.428],[87.92,22.429],[87.919,22.429],[87.919,22.43],[87.92,22.43],[87.921,22.429],[87.921,22.429],[87.922,22.428],[87.923,22.428],[87.924,22.427],[87.925,22.427],[87.925,22.426],[87.926,22.425]]],[[[87.912,22.432],[87.912,22.432],[87.913,22.431],[87.913,22.431],[87.913,22.432],[87.914,22.432],[87.914,22.432],[87.914,22.432],[87.915,22.432],[87.916,22.431],[87.916,22.431],[87.916,22.431],[87.917,22.431],[87.917,22.431],[87.918,22.431],[87.918,22.431],[87.918,22.431],[87.918,22.43],[87.918,22.43],[87.918,22.429],[87.917,22.429],[87.917,22.43],[87.916,22.429],[87.916,22.429],[87.915,22.429],[87.914,22.429],[87.914,22.429],[87.914,22.429],[87.913,22.429],[87.913,22.429],[87.912,22.429],[87.911,22.429],[87.911,22.429],[87.911,22.43],[87.91,22.43],[87.91,22.43],[87.909,22.43],[87.908,22.431],[87.908,22.432],[87.909,22.433],[87.909,22.432],[87.909,22.432],[87.91,22.433],[87.91,22.433],[87.911,22.433],[87.911,22.433],[87.912,22.432]]],[[[88.859,22.469],[88.859,22.467],[88.859,22.466],[88.859,22.464],[88.859,22.463],[88.859,22.462],[88.858,22.462],[88.858,22.461],[88.858,22.461],[88.858,22.461],[88.857,22.461],[88.857,22.46],[88.857,22.46],[88.857,22.459],[88.857,22.459],[88.856,22.459],[88.856,22.459],[88.856,22.46],[88.856,22.46],[88.855,22.46],[88.855,22.461],[88.856,22.461],[88.856,22.461],[88.856,22.461],[88.856,22.461],[88.857,22.462],[88.857,22.464],[88.857,22.464],[88.857,22.466],[88.857,22.466],[88.857,22.467],[88.858,22.468],[88.858,22.468],[88.858,22.468],[88.857,22.469],[88.856,22.469],[88.856,22.469],[88.856,22.469],[88.856,22.47],[88.856,22.47],[88.856,22.471],[88.856,22.471],[88.856,22.471],[88.857,22.472],[88.857,22.472],[88.857,22.473],[88.857,22.473],[88.858,22.471],[88.858,22.471],[88.859,22.471],[88.859,22.47],[88.859,22.47],[88.859,22.47],[88.859,22.469]]],[[[88.781,22.501],[88.812,22.474],[88.821,22.435],[88.797,22.467],[88.781,22.501]]],[[[88.898,22.549],[88.903,22.509],[88.895,22.469],[88.908,22.432],[88.906,22.391],[88.87,22.411],[88.86,22.45],[88.865,22.49],[88.867,22.53],[88.898,22.549]]],[[[88.934,22.564],[88.935,22.564],[88.936,22.564],[88.936,22.563],[88.936,22.563],[88.936,22.563],[88.936,22.562],[88.936,22.562],[88.936,22.562],[88.936,22.561],[88.936,22.561],[88.935,22.561],[88.935,22.562],[88.935,22.562],[88.934,22.562],[88.933,22.562],[88.933,22.562],[88.932,22.562],[88.932,22.562],[88.932,22.561],[88.933,22.561],[88.933,22.561],[88.933,22.561],[88.933,22.56],[88.934,22.559],[88.934,22.558],[88.934,22.558],[88.934,22.558],[88.934,22.558],[88.933,22.558],[88.933,22.558],[88.933,22.558],[88.933,22.558],[88.932,22.559],[88.932,22.559],[88.932,22.559],[88.932,22.56],[88.931,22.56],[88.931,22.561],[88.931,22.561],[88.931,22.561],[88.93,22.562],[88.93,22.562],[88.93,22.562],[88.93,22.563],[88.93,22.563],[88.93,22.563],[88.93,22.564],[88.931,22.564],[88.931,22.564],[88.932,22.564],[88.933,22.564],[88.933,22.564],[88.934,22.564],[88.934,22.564],[88.934,22.564]]],[[[88.92,22.565],[88.958,22.551],[88.97,22.512],[88.987,22.476],[88.994,22.434],[88.964,22.408],[88.961,22.368],[88.942,22.403],[88.953,22.364],[88.945,22.325],[88.907,22.337],[88.898,22.376],[88.928,22.403],[88.911,22.44],[88.899,22.478],[88.912,22.516],[88.898,22.554],[88.92,22.565]]],[[[88.936,22.622],[88.937,22.619],[88.935,22.62],[88.935,22.621],[88.935,22.621],[88.936,22.622]]],[[[88.676,24.316],[88.675,24.315],[88.675,24.315],[88.676,24.316]]],[[[88.127,27.123],[88.173,27.13],[88.214,27.135],[88.263,27.127],[88.304,27.129],[88.341,27.111],[88.388,27.098],[88.429,27.084],[88.465,27.105],[88.499,27.131],[88.532,27.154],[88.559,27.189],[88.604,27.191],[88.639,27.168],[88.68,27.18],[88.715,27.15],[88.76,27.141],[88.8,27.137],[88.836,27.116],[88.873,27.092],[88.877,27.046],[88.871,26.977],[88.909,26.99],[88.949,26.976],[88.95,26.933],[88.994,26.924],[89.04,26.925],[89.072,26.901],[89.098,26.868],[89.111,26.826],[89.149,26.812],[89.19,26.809],[89.234,26.821],[89.278,26.829],[89.314,26.851],[89.36,26.863],[89.394,26.841],[89.435,26.836],[89.465,26.805],[89.506,26.814],[89.546,26.812],[89.594,26.793],[89.635,26.782],[89.628,26.742],[89.667,26.728],[89.707,26.735],[89.748,26.734],[89.771,26.701],[89.821,26.714],[89.861,26.7],[89.868,26.661],[89.859,26.617],[89.862,26.575],[89.862,26.53],[89.853,26.488],[89.869,26.448],[89.845,26.41],[89.827,26.37],[89.782,26.353],[89.762,26.317],[89.723,26.295],[89.701,26.261],[89.71,26.219],[89.703,26.177],[89.683,26.215],[89.642,26.228],[89.652,26.188],[89.614,26.173],[89.601,26.134],[89.608,26.093],[89.645,26.072],[89.61,26.049],[89.583,26.018],[89.591,25.978],[89.55,25.966],[89.533,26.003],[89.492,26.004],[89.45,26.006],[89.433,26.044],[89.398,26.022],[89.359,26.01],[89.328,26.037],[89.29,26.049],[89.263,26.079],[89.237,26.113],[89.198,26.122],[89.16,26.142],[89.141,26.18],[89.148,26.221],[89.129,26.256],[89.114,26.294],[89.144,26.321],[89.105,26.33],[89.087,26.366],[89.063,26.399],[89.027,26.417],[88.99,26.434],[88.953,26.452],[88.935,26.414],[88.919,26.376],[88.961,26.368],[88.995,26.345],[88.992,26.305],[89.032,26.308],[89.067,26.286],[89.057,26.245],[89.016,26.247],[88.974,26.242],[88.942,26.272],[88.903,26.292],[88.868,26.267],[88.835,26.244],[88.816,26.28],[88.789,26.311],[88.758,26.337],[88.718,26.345],[88.689,26.373],[88.683,26.413],[88.646,26.428],[88.625,26.464],[88.586,26.452],[88.553,26.476],[88.525,26.506],[88.49,26.526],[88.45,26.536],[88.424,26.567],[88.419,26.609],[88.381,26.595],[88.368,26.555],[88.352,26.516],[88.334,26.48],[88.356,26.446],[88.365,26.486],[88.406,26.484],[88.442,26.466],[88.483,26.461],[88.498,26.424],[88.514,26.387],[88.492,26.352],[88.458,26.374],[88.438,26.339],[88.403,26.317],[88.366,26.299],[88.352,26.261],[88.353,26.22],[88.316,26.201],[88.277,26.187],[88.238,26.181],[88.204,26.158],[88.176,26.127],[88.164,26.088],[88.181,26.051],[88.156,26.019],[88.13,25.987],[88.119,25.948],[88.089,25.921],[88.104,25.883],[88.104,25.843],[88.12,25.805],[88.149,25.777],[88.185,25.798],[88.226,25.794],[88.263,25.812],[88.28,25.774],[88.317,25.752],[88.351,25.727],[88.375,25.695],[88.407,25.669],[88.449,25.664],[88.455,25.624],[88.47,25.586],[88.499,25.556],[88.534,25.534],[88.57,25.51],[88.61,25.509],[88.648,25.495],[88.681,25.471],[88.712,25.497],[88.754,25.492],[88.788,25.515],[88.816,25.486],[88.842,25.453],[88.833,25.415],[88.843,25.376],[88.872,25.346],[88.909,25.331],[88.942,25.305],[88.983,25.306],[88.973,25.267],[88.957,25.227],[88.948,25.186],[88.906,25.181],[88.867,25.191],[88.822,25.191],[88.784,25.178],[88.743,25.187],[88.709,25.21],[88.668,25.201],[88.628,25.206],[88.591,25.186],[88.545,25.196],[88.506,25.206],[88.465,25.196],[88.46,25.155],[88.444,25.118],[88.453,25.079],[88.454,25.039],[88.427,25.008],[88.404,24.973],[88.382,24.939],[88.341,24.937],[88.347,24.897],[88.311,24.876],[88.274,24.895],[88.255,24.93],[88.223,24.96],[88.18,24.954],[88.143,24.937],[88.157,24.898],[88.176,24.862],[88.141,24.84],[88.112,24.813],[88.087,24.779],[88.074,24.741],[88.051,24.707],[88.018,24.676],[88.043,24.641],[88.07,24.605],[88.092,24.565],[88.122,24.533],[88.152,24.503],[88.187,24.479],[88.22,24.454],[88.26,24.446],[88.296,24.414],[88.328,24.387],[88.367,24.373],[88.414,24.377],[88.454,24.374],[88.491,24.355],[88.531,24.342],[88.551,24.303],[88.584,24.325],[88.623,24.316],[88.665,24.314],[88.706,24.309],[88.732,24.279],[88.734,24.238],[88.732,24.197],[88.704,24.167],[88.708,24.126],[88.725,24.089],[88.727,24.049],[88.732,24.009],[88.769,23.992],[88.735,23.968],[88.732,23.927],[88.698,23.901],[88.665,23.876],[88.626,23.864],[88.585,23.868],[88.591,23.826],[88.575,23.787],[88.574,23.744],[88.566,23.704],[88.568,23.662],[88.593,23.626],[88.627,23.605],[88.651,23.573],[88.684,23.539],[88.712,23.51],[88.743,23.481],[88.779,23.498],[88.789,23.449],[88.757,23.419],[88.76,23.375],[88.734,23.343],[88.726,23.304],[88.72,23.261],[88.757,23.235],[88.797,23.216],[88.816,23.251],[88.851,23.226],[88.895,23.227],[88.935,23.209],[88.974,23.219],[88.958,23.182],[88.931,23.148],[88.905,23.115],[88.87,23.095],[88.875,23.046],[88.873,23.004],[88.866,22.965],[88.897,22.935],[88.906,22.891],[88.943,22.874],[88.968,22.843],[88.959,22.803],[88.93,22.775],[88.921,22.734],[88.946,22.702],[88.947,22.661],[88.911,22.677],[88.872,22.666],[88.85,22.699],[88.811,22.71],[88.809,22.75],[88.808,22.71],[88.846,22.696],[88.869,22.663],[88.907,22.677],[88.929,22.643],[88.958,22.615],[88.936,22.582],[88.9,22.564],[88.866,22.542],[88.843,22.509],[88.854,22.47],[88.832,22.437],[88.814,22.473],[88.786,22.502],[88.765,22.536],[88.734,22.511],[88.699,22.53],[88.676,22.563],[88.689,22.524],[88.728,22.515],[88.769,22.512],[88.791,22.478],[88.805,22.441],[88.846,22.432],[88.853,22.393],[88.874,22.359],[88.834,22.359],[88.804,22.332],[88.803,22.292],[88.783,22.257],[88.75,22.233],[88.735,22.196],[88.697,22.21],[88.658,22.217],[88.663,22.257],[88.684,22.291],[88.67,22.329],[88.677,22.29],[88.658,22.254],[88.631,22.224],[88.668,22.207],[88.649,22.171],[88.631,22.135],[88.601,22.163],[88.575,22.193],[88.601,22.161],[88.605,22.122],[88.624,22.086],[88.635,22.047],[88.597,22.062],[88.601,22.022],[88.6,21.982],[88.611,21.943],[88.599,21.904],[88.561,21.916],[88.544,21.952],[88.557,21.915],[88.544,21.877],[88.505,21.87],[88.514,21.909],[88.513,21.949],[88.52,21.988],[88.553,22.014],[88.521,21.989],[88.491,21.963],[88.522,21.938],[88.491,21.912],[88.456,21.932],[88.447,21.971],[88.459,22.009],[88.446,21.971],[88.452,21.932],[88.421,21.907],[88.394,21.937],[88.383,21.899],[88.393,21.86],[88.39,21.82],[88.356,21.842],[88.368,21.88],[88.36,21.92],[88.366,21.88],[88.33,21.862],[88.29,21.86],[88.277,21.822],[88.267,21.783],[88.276,21.744],[88.24,21.76],[88.212,21.79],[88.197,21.827],[88.174,21.859],[88.169,21.9],[88.168,21.939],[88.175,21.979],[88.2,22.011],[88.216,22.048],[88.224,22.088],[88.212,22.127],[88.203,22.166],[88.175,22.194],[88.135,22.202],[88.095,22.209],[88.088,22.251],[88.103,22.289],[88.076,22.26],[88.052,22.224],[88.013,22.23],[87.979,22.252],[87.959,22.287],[87.958,22.327],[87.956,22.367],[87.946,22.407],[87.916,22.435],[87.931,22.398],[87.941,22.359],[87.937,22.318],[87.936,22.276],[87.96,22.244],[87.986,22.212],[88.024,22.2],[88.064,22.192],[88.105,22.191],[88.142,22.176],[88.167,22.144],[88.193,22.113],[88.17,22.077],[88.137,22.055],[88.102,22.034],[88.067,22.015],[88.034,22.039],[88.018,22.077],[87.985,22.105],[88.01,22.071],[88.025,22.033],[88.046,21.999],[88.028,21.963],[88.012,21.926],[87.995,21.889],[87.977,21.853],[87.947,21.827],[87.918,21.799],[87.885,21.776],[87.852,21.75],[87.822,21.724],[87.793,21.697],[87.753,21.699],[87.724,21.671],[87.686,21.657],[87.646,21.65],[87.606,21.642],[87.567,21.634],[87.528,21.623],[87.489,21.612],[87.461,21.644],[87.468,21.684],[87.466,21.725],[87.444,21.761],[87.403,21.766],[87.357,21.777],[87.317,21.786],[87.274,21.802],[87.257,21.841],[87.235,21.896],[87.232,21.94],[87.188,21.957],[87.158,21.931],[87.116,21.921],[87.096,21.882],[87.062,21.86],[87.02,21.886],[87.003,21.922],[87.02,21.968],[87.022,22.012],[86.995,22.046],[86.967,22.078],[86.922,22.086],[86.848,22.098],[86.806,22.114],[86.79,22.154],[86.74,22.145],[86.713,22.178],[86.741,22.211],[86.776,22.232],[86.809,22.254],[86.85,22.259],[86.889,22.276],[86.847,22.313],[86.836,22.361],[86.839,22.401],[86.789,22.418],[86.757,22.442],[86.783,22.477],[86.791,22.517],[86.765,22.551],[86.728,22.575],[86.683,22.577],[86.639,22.594],[86.635,22.647],[86.603,22.68],[86.555,22.708],[86.51,22.716],[86.47,22.737],[86.429,22.768],[86.422,22.809],[86.433,22.86],[86.463,22.897],[86.433,22.923],[86.47,22.947],[86.513,22.946],[86.542,22.974],[86.5,22.969],[86.463,22.985],[86.416,22.995],[86.369,22.994],[86.326,22.992],[86.285,23.011],[86.245,22.995],[86.204,22.998],[86.172,23.023],[86.146,23.056],[86.116,23.094],[86.07,23.101],[86.042,23.136],[86.003,23.146],[85.959,23.14],[85.921,23.126],[85.889,23.152],[85.86,23.192],[85.831,23.243],[85.842,23.284],[85.868,23.316],[85.873,23.357],[85.877,23.4],[85.86,23.442],[85.891,23.476],[85.938,23.455],[85.976,23.471],[86.015,23.485],[86.027,23.524],[86.011,23.561],[86.047,23.584],[86.088,23.568],[86.132,23.566],[86.143,23.527],[86.146,23.486],[86.181,23.467],[86.221,23.456],[86.243,23.42],[86.278,23.441],[86.321,23.454],[86.355,23.482],[86.368,23.523],[86.375,23.569],[86.41,23.598],[86.438,23.628],[86.481,23.635],[86.524,23.628],[86.565,23.646],[86.616,23.672],[86.669,23.686],[86.711,23.697],[86.759,23.678],[86.796,23.693],[86.805,23.74],[86.808,23.788],[86.792,23.827],[86.835,23.819],[86.871,23.844],[86.895,23.88],[86.925,23.854],[86.967,23.865],[87.013,23.847],[87.057,23.816],[87.106,23.8],[87.149,23.794],[87.146,23.837],[87.184,23.853],[87.228,23.855],[87.246,23.895],[87.286,23.884],[87.288,23.926],[87.269,23.965],[87.246,23.998],[87.235,24.037],[87.279,24.029],[87.32,24.031],[87.337,23.995],[87.377,24.003],[87.419,23.989],[87.458,23.981],[87.483,24.014],[87.508,24.046],[87.493,24.085],[87.53,24.102],[87.567,24.086],[87.593,24.124],[87.604,24.164],[87.646,24.154],[87.69,24.15],[87.678,24.191],[87.638,24.212],[87.662,24.245],[87.703,24.26],[87.733,24.288],[87.76,24.32],[87.779,24.357],[87.793,24.396],[87.791,24.438],[87.818,24.468],[87.808,24.509],[87.803,24.554],[87.768,24.576],[87.809,24.576],[87.845,24.553],[87.887,24.563],[87.909,24.596],[87.889,24.631],[87.887,24.674],[87.903,24.712],[87.861,24.731],[87.825,24.752],[87.865,24.774],[87.87,24.815],[87.895,24.848],[87.936,24.87],[87.972,24.891],[87.962,24.936],[87.93,24.962],[87.903,24.998],[87.864,25.04],[87.82,25.062],[87.78,25.087],[87.769,25.127],[87.779,25.177],[87.788,25.22],[87.83,25.204],[87.832,25.245],[87.857,25.278],[87.82,25.313],[87.784,25.332],[87.789,25.372],[87.764,25.405],[87.781,25.445],[87.822,25.443],[87.863,25.465],[87.881,25.506],[87.914,25.531],[87.956,25.538],[87.985,25.508],[88.029,25.489],[88.07,25.481],[88.057,25.526],[88.027,25.553],[88.039,25.595],[88.054,25.633],[88.043,25.674],[88.017,25.705],[87.972,25.72],[87.939,25.749],[87.905,25.772],[87.899,25.812],[87.911,25.852],[87.871,25.866],[87.823,25.871],[87.816,25.913],[87.827,25.954],[87.833,26.001],[87.841,26.041],[87.878,26.058],[87.913,26.091],[87.96,26.084],[87.976,26.122],[88.013,26.141],[88.037,26.178],[88.082,26.192],[88.116,26.223],[88.144,26.253],[88.183,26.275],[88.221,26.288],[88.248,26.327],[88.283,26.349],[88.251,26.376],[88.255,26.416],[88.229,26.447],[88.194,26.472],[88.206,26.51],[88.231,26.552],[88.191,26.544],[88.157,26.519],[88.115,26.53],[88.116,26.572],[88.138,26.606],[88.161,26.64],[88.17,26.684],[88.185,26.727],[88.19,26.771],[88.182,26.816],[88.176,26.856],[88.15,26.888],[88.14,26.931],[88.126,26.97],[88.102,27.003],[88.072,27.031],[88.03,27.051],[88.015,27.093],[87.994,27.131],[88.014,27.165],[88.018,27.211],[88.058,27.214],[88.073,27.174],[88.093,27.136],[88.127,27.123]]]]}}]}